epoch,acc,loss,val_acc,val_loss
0,0.7019863791011113,0.6944284159669,0.7687595713619312,0.5673089898046393
1,0.7964245175936436,0.5024602922151091,0.7973455846644348,0.49146028583362555
2,0.8433598184017264,0.4001454887812308,0.8014293008765863,0.46897642741159495
3,0.878433598183882,0.32489160488737023,0.8095967331791849,0.4627245856280714
4,0.9138479000999763,0.2460265409425493,0.8254211334137967,0.43751626383777537
5,0.9368331441408388,0.19219698562254023,0.8238897398456497,0.4295091867264343
6,0.9582860385654463,0.13871142442394196,0.8310362431636692,0.4429320721920806
7,0.9711691259796584,0.10443236647886261,0.8249106688910811,0.4914732142910171
8,0.9819523269012486,0.07686730977338099,0.8417559980798461,0.47017176941440325
