epoch,acc,loss,val_acc,val_loss
0,0.6835205992374067,0.7266764478317631,0.7623914154926976,0.5743635677231412
1,0.7709681080805837,0.5556740324811922,0.7864077669902912,0.5409814602237121
2,0.8150607195889256,0.4618115534259897,0.8196218702399615,0.45408360676066145
3,0.8473499035432084,0.3909284355908027,0.786918753224121,0.5209143039792792
4,0.8718647145410494,0.33249744568614137,0.8395503321410321,0.4033946795127315
5,0.892236976520169,0.2838087828878295,0.8543689320997493,0.382318244488433
6,0.9109068210124158,0.2430267956785603,0.8456821666119595,0.39090970624571375
7,0.9291226875293594,0.20123001661152917,0.8477261113949923,0.4052632290167533
8,0.9405856315765732,0.16916730282201412,0.8528359734591746,0.39355579440424376
