epoch,acc,loss,val_acc,val_loss
0,0.6471055618750521,0.7948283963793388,0.7457886676875957,0.6278354089864971
1,0.7240635641181374,0.650292388034327,0.7575293517404822,0.5787720479729104
2,0.7652667423653142,0.56178583157049,0.7998979070954568,0.4841552466960389
3,0.7966515323496027,0.4954734993982261,0.8044920877998979,0.4504155518297884
4,0.8244608399816593,0.43538645380742164,0.8218478815722308,0.4367071168650286
5,0.844948921652847,0.38661400301976045,0.8300153139356815,0.4074706317454713
6,0.8629965948057229,0.34140249525242305,0.819806023481368,0.4409575552858827
7,0.8790578887627696,0.3023811415937242,0.8305257784583971,0.4245022995366072
8,0.8975028377115117,0.2632915759194858,0.8407350689431367,0.40773332941252216
