epoch,acc,loss,val_acc,val_loss
0,0.6975939167220995,0.7137912254830844,0.7337761881038372,0.6175805363170213
1,0.7851549199525567,0.5305246149704846,0.7695452223094557,0.5677457713447301
2,0.8223811145091812,0.4458343880886307,0.7838528360038859,0.5329927709648423
3,0.845477244380708,0.38673977901386003,0.8063362289522763,0.49226510713584093
4,0.8737941210189563,0.3306383186518544,0.8191108840365889,0.4586097223300622
5,0.8953013278991272,0.28231261686994086,0.8124680633927464,0.4712369888944777
6,0.9084666893385066,0.24486676429108423,0.8037812979354138,0.51838557578254
7,0.9195891499059342,0.21314296089159265,0.8252427184770591,0.470786228905421
