epoch,acc,loss,val_acc,val_loss
0,0.6489615253524902,0.8100539121978495,0.7526826777504486,0.6060356227305085
1,0.7546249006517276,0.5894070744325051,0.7971384773524854,0.5043595726842105
2,0.8032005446585769,0.4889623766900083,0.7945835457264798,0.5098328155541091
3,0.8362274430907823,0.4101759737627878,0.8099131318276551,0.46838125706815453
4,0.8659630007606375,0.34414069263378483,0.8109351051481146,0.4460216541953031
5,0.9002950857627569,0.27779701940656965,0.8216658151143659,0.4422893477570481
6,0.9153898536935727,0.22844063784813395,0.802248339690782,0.49655766510269017
7,0.9392236977250767,0.17604000713697776,0.7976494632512864,0.5297954353938373
8,0.9538077404260662,0.13519086988014742,0.8088911600300531,0.5515091284447077
