epoch,acc,loss,val_acc,val_loss
0,0.6276958003487949,0.8354751680008263,0.6472690135864289,0.7631827281591173
1,0.7271850167419529,0.6485799230728193,0.747320061955542,0.6180182409992383
2,0.7643019298013304,0.5734418608273605,0.7835630411819392,0.538041532419968
3,0.7925652668911807,0.5121986502754026,0.7743746790428317,0.5304898745311408
4,0.8188422244469235,0.4647837900614766,0.8177641636257941,0.46093477029591085
5,0.8339387063406383,0.4191718647482717,0.81776416682053,0.4513218021776191
6,0.8550510783877465,0.3796224485190583,0.8228688114695917,0.4542192859178663
7,0.8719636773413616,0.3432789267868514,0.7907095450780537,0.4866709836804788
8,0.8869466516000053,0.3118427977794686,0.8044920884996972,0.48599160593830243
