epoch,acc,loss,val_acc,val_loss
0,0.6294551649375075,0.8721253023245007,0.7177131206420929,0.6616890307833432
1,0.7179909193150437,0.6593663078160886,0.7411944894172392,0.6031664777556629
2,0.7682179339086292,0.5611141946543089,0.7565084245206143,0.5800106407672304
3,0.7931328039569833,0.5044731595188752,0.7815211861336822,0.5439286422157482
4,0.8213961409385846,0.44601884934877833,0.7585502786865157,0.5480263710873903
5,0.8381952329742787,0.4040982007236134,0.783563041607904,0.4802802331353889
6,0.8631668556697252,0.3529965403943273,0.7514037752163659,0.5896378766522838
7,0.8841089670152047,0.3100661064723293,0.7764165409065255,0.5742947377983315
8,0.8979001131690997,0.2744178498170162,0.7656967859294963,0.6116705739479883
