epoch,acc,loss,val_acc,val_loss
0,0.6851662694494619,0.7231177139493288,0.7603474706182933,0.5910283230096635
1,0.7804448984562505,0.5454119800229225,0.8007153806847215,0.48779811203388396
2,0.8170468732334133,0.45977515033635985,0.8002043944813491,0.4716391202498286
3,0.8454772443671784,0.39362671540403404,0.8022483392948391,0.4788001792340725
4,0.8718647145748734,0.3343105266237892,0.8160449667858968,0.44987143980463856
5,0.8953580751062968,0.2792618135672099,0.8308635666836995,0.4089476110134797
6,0.9120985132356383,0.2393293283290374,0.8334184977005621,0.4186675204578016
7,0.9280444898219482,0.20070454803650692,0.828308635666837,0.44020743245486404
8,0.942628532549997,0.16661007713681655,0.8226877874297394,0.4525725125150986
