epoch,acc,loss,val_acc,val_loss
0,0.6120537996840094,0.8790095864112974,0.6496424942265004,0.7740476704350043
1,0.7193121839804963,0.6607839575887342,0.7328907041919852,0.6222104296864479
2,0.76607457035875,0.5699606729578021,0.7660878429739175,0.5542220808147045
3,0.7932580441691455,0.5043982787300987,0.7890704818473286,0.5306600608669823
4,0.8194767604126684,0.4461337463379204,0.789581207077155,0.5154223374497294
5,0.8432552066525011,0.39744260751066557,0.821246171996104,0.442480395044808
6,0.8582373304478285,0.3593116573835906,0.8003064333722832,0.4808864244036338
7,0.8814482722662071,0.31563103075709664,0.8038815115031476,0.4859711832849193
8,0.8960331419385472,0.2740066508792612,0.8130745656400219,0.4600925814508783
