epoch,acc,loss,val_acc,val_loss
0,0.6786403359572363,0.7391807609513079,0.5952989272944588,0.8974217477354031
1,0.7769265690952245,0.5370564902191359,0.7981604492414589,0.4884771018017295
2,0.8266939053794148,0.42861845218395217,0.7802759324279925,0.5249589621320206
3,0.8671546930312136,0.3462668230849922,0.7915176295113308,0.5159075626561882
4,0.8992736352625154,0.271312900028777,0.8288196214438094,0.4144135530225221
5,0.9291794347974123,0.2054810177147111,0.8329075110707894,0.42076805020755326
6,0.9416070820362259,0.17078542569657484,0.8022483391730104,0.5190086246420061
7,0.9672568380433549,0.1112251134756109,0.8242207456134568,0.4421921653228569
