epoch,acc,loss,val_acc,val_loss
0,0.6673666288173429,0.752629504138847,0.7442572741803009,0.5996019643688153
1,0.7648127128398648,0.5698552135982795,0.7891781522097059,0.5064688366916241
2,0.8045402950921204,0.48270004759040513,0.798366513588162,0.4696350706481642
3,0.8358683314415437,0.4120992427651647,0.7942827973760105,0.5064259990098953
4,0.8577185016755484,0.3593647589613171,0.8269525268298135,0.41724181359309576
5,0.8814982973757992,0.3095123597800258,0.8121490557014851,0.4626511900993316
6,0.9010783200772747,0.26181372740347186,0.8167432363755001,0.4670216412553987
7,0.9191259931895573,0.2218654321318452,0.8254211332616664,0.431994338784673
