epoch,acc,loss,val_acc,val_loss
0,0.6298734464762288,0.8372108220891713,0.7068437178970236,0.6693560709383441
1,0.7223199591667236,0.6570395741104965,0.7548518898659999,0.5818430199321127
2,0.7547812269721831,0.593613532485083,0.7747701737683446,0.5463782525159974
3,0.7802621871731918,0.538220289819567,0.795199183387581,0.5016394669115848
4,0.7931445434492486,0.5100379337075011,0.799795710395135,0.483042955368118
5,0.8091481754825954,0.4762041823482156,0.804392237098273,0.4589675101123377
6,0.8206685205288247,0.44945019095921296,0.8212461696825427,0.4618129867820623
7,0.8255490608101947,0.43261394927750774,0.8186925431681118,0.46016052538820135
8,0.8376936609862334,0.40971418860030223,0.811031665512198,0.4781320426266819
