epoch,acc,loss,val_acc,val_loss
0,0.6632618317943928,0.7700620977606084,0.7250894226160474,0.6524227161948389
1,0.744694132361641,0.6170433814754795,0.7802759326107355,0.5473137505820775
2,0.7796504369267485,0.5352337257895374,0.7889626980680681,0.510520520993624
3,0.8047327204359983,0.481482180719302,0.809913132406341,0.46879919298948775
4,0.8257859493543958,0.43170431006334925,0.8283086357277513,0.44021741385720614
5,0.8443422994120088,0.39159844901136637,0.8119570771893738,0.469143540474244
6,0.8578481443988223,0.3585567368259361,0.8211548288500791,0.46668408616928037
7,0.8697650664078095,0.3260262334215534,0.8247317322736866,0.4440194671715652
