epoch,acc,loss,val_acc,val_loss
0,0.657133128921475,0.7994424281792992,0.7143587124975104,0.6676982783454989
1,0.7569515377557071,0.580343757276705,0.7537046501571936,0.6115035206368826
2,0.8022358415481546,0.4879693029728072,0.7659683185203623,0.5811450396743915
3,0.8365679264961557,0.4101596020053023,0.7843638220549726,0.5334384852394987
4,0.8681761433691,0.3406619613793797,0.8083801736134806,0.47750307717796
5,0.8939393938785107,0.27810030360793353,0.780275932732564,0.5992059142356877
6,0.9126659856658695,0.23391765728127792,0.8078691871055366,0.4775035538171467
7,0.9409828622229401,0.17556268282191542,0.8175779255787572,0.48562007362768245
