epoch,acc,loss,val_acc,val_loss
0,0.6377255702354272,0.8231287597933444,0.7429739416833429,0.6395021831130396
1,0.7326069684673175,0.6442051419212226,0.7654573341444189,0.5850873703425431
2,0.7637044603877922,0.5745691820165651,0.793561574355278,0.5395598432270922
3,0.7928725456747696,0.5131759488539316,0.786918753224121,0.5268674046334163
4,0.8157984339383171,0.463048811766444,0.8032703138335846,0.49409887665196467
5,0.8349222559661549,0.41926971919121775,0.7899846684950983,0.5098944392415048
6,0.8537055954612786,0.3780024892970498,0.7557485946661121,0.6080275232778499
7,0.8722051978923043,0.3405409032600906,0.7930505901011631,0.5146196208014803
