epoch,acc,loss,val_acc,val_loss
0,0.6212258796551171,0.8360663701673371,0.682491067144687,0.7196144064267477
1,0.7010215664018161,0.6964491463411139,0.7110770804167645,0.6752769745935768
2,0.7349035187422485,0.6309411893502538,0.7335375194162541,0.6235930209807318
3,0.7562429058159386,0.5833073448783017,0.7656967843473415,0.542066362240048
4,0.7805334847035662,0.5371096063553272,0.7172026546893526,0.6386053312974903
5,0.7955732122587968,0.5010936571980713,0.7988769783238601,0.46579891373272636
6,0.8103291713826096,0.4667650115476429,0.7866258296874058,0.4921109608054587
7,0.8244608399410659,0.440738226769325,0.8121490558231893,0.4707623652014701
8,0.8357548240906264,0.41328998112651466,0.7687595714227833,0.5677438697046988
