epoch,acc,loss,val_acc,val_loss
0,0.6238011463865182,0.8272654885541066,0.6853932583051999,0.7171007531168999
1,0.6992792690844131,0.6981723535941032,0.7037793665180654,0.6834088907909102
2,0.7342375574801446,0.6276702931767377,0.7584269664747844,0.5623126006223816
3,0.7601725214334495,0.5758062883011565,0.7768130751138322,0.5348432961474644
4,0.7785029226761726,0.5336423009764247,0.80234933660515,0.48004686628469284
5,0.7942228023415019,0.5028701549196452,0.8069458636735871,0.4591290362034682
6,0.8114749446716761,0.4653492051896426,0.8110316647207164,0.4654874790981184
7,0.8226547869155223,0.4381577363485619,0.8100102146263629,0.4694741153984927
8,0.8331536235309244,0.4112898683711691,0.7236976508465923,0.7019824476967793
