epoch,acc,loss,val_acc,val_loss
0,0.6994892168261542,0.7055370950536479,0.7314956610819829,0.6144767669526334
1,0.7816685584292374,0.5333828166313258,0.781010719785403,0.5334582294871334
2,0.8158910329442018,0.4558072198939242,0.7876467585807068,0.5114476951699649
3,0.8511918274552543,0.38383698938382743,0.7958141909441575,0.49741449547459
4,0.8708853575211783,0.3338654586594979,0.8024502297394612,0.4858278675521132
5,0.8891600453894201,0.2866018647266706,0.8055130168757553,0.47816139211637626
6,0.9108967082589763,0.2451027301329354,0.7794793262476821,0.6092542938853843
7,0.9233825198637912,0.2082178710741028,0.8131699847164904,0.48213520538082777
8,0.9387627695800227,0.17763930557805213,0.8111281266256277,0.5108959146182472
