epoch,acc,loss,val_acc,val_loss
0,0.5871637724149702,0.8904096417145106,0.6857434848040784,0.7190481201994462
1,0.6722846439647534,0.7506918476653713,0.7547266233862817,0.6275841800850999
2,0.6987856085867877,0.6992151957610289,0.6908533461982033,0.6881890677954996
3,0.729542617406305,0.6493231449937891,0.7685232508773394,0.5507461256102512
4,0.7412325503566103,0.6217444997994099,0.7465508415434637,0.5931812105095989
5,0.761548065101501,0.5807867168081347,0.786918752249492,0.5201969832471274
6,0.7756781296648323,0.549828878123892,0.7342871736371523,0.5924158949722852
7,0.7836227442901368,0.5313736974563897,0.7644353627123026,0.5641310659366173
8,0.7903189197150523,0.5095909944309602,0.7465508420307782,0.5792089409833059
