epoch,acc,loss,val_acc,val_loss
0,0.6890818295245029,0.7209936679086056,0.7501277465508431,0.620851625897291
1,0.782941777317035,0.5321872644156012,0.7797649463464487,0.533191177428652
2,0.8206786970628971,0.44652169114844426,0.7940725600408789,0.5102200547293186
3,0.8479173759869693,0.38260956474968527,0.8221768012263669,0.4670030963005128
4,0.8764612416094866,0.3271161965791598,0.8175779253960143,0.47087616420517053
5,0.8953580751468856,0.27954516160800663,0.8088911599691389,0.4851119441223437
6,0.911701282501329,0.24205655705819212,0.8211548288196219,0.4763023852616716
