epoch,acc,loss,val_acc,val_loss
0,0.6318955732257899,0.8222031728634093,0.728943338681387,0.6627835400436776
1,0.7115209987972706,0.6746580164224146,0.7269014805600983,0.6375484927507491
2,0.7493189557185914,0.598438114211995,0.7697805004682147,0.5532313131172478
3,0.7749148693717974,0.5460614681379208,0.784583971596543,0.5268998063146125
4,0.8010783201855238,0.49335987366287715,0.7876467587024111,0.5095998684991191
5,0.8190124857033286,0.4555394140937948,0.7805002553843916,0.5136793156160634
6,0.8287741202907584,0.42772184669227253,0.7901990813464155,0.518501745400957
7,0.8468217934706966,0.3900186375849093,0.7912200103918468,0.5243624985948273
