epoch,acc,loss,val_acc,val_loss
0,0.6947786606129398,0.7115771632730352,0.7590607453086292,0.5789302578685599
1,0.7827468785200433,0.5341264412432876,0.7692700357325166,0.5382714101768015
2,0.8192962542565266,0.4519623947265335,0.7973455844818785,0.4828880026579025
3,0.8455732122317345,0.39285853388090275,0.8238897396935194,0.43195797947975617
4,0.8675936436003643,0.3369925362703884,0.821337417049515,0.44004607631911913
5,0.8907491486676029,0.28978162946752467,0.8443083206021463,0.3955443863390416
6,0.906923950083816,0.24922756473539096,0.7968351199895889,0.5321662258803692
7,0.9222474460839954,0.21331796822699461,0.8264420623070978,0.44557903540444777
8,0.9351872872007285,0.18352112520431146,0.8412455334658523,0.4165534179328716
