epoch,acc,loss,val_acc,val_loss
0,0.6141316688696724,0.8765602148079845,0.7212863698365921,0.6670492781310011
1,0.7237797956461263,0.6515737403535139,0.7575293522577252,0.5958684476253145
2,0.7694665151475912,0.5606176936125782,0.7616130691696759,0.5680029236461022
3,0.8023836552081937,0.49187506509016643,0.7794793280428195,0.5437990196691964
4,0.8226447216498324,0.44189253651730453,0.7672281763029074,0.5484895254654079
5,0.843586832805876,0.3950614326793138,0.7886676864090959,0.4876772344203674
6,0.861918274714917,0.35208170981602016,0.7963246535196056,0.49965186859041283
7,0.8839954600431592,0.3066131688070893,0.8014293000550827,0.5099013947965906
8,0.9023269009644274,0.26367141264453786,0.7789688603253678,0.593547711328562
