epoch,acc,loss,val_acc,val_loss
0,0.6895358074862764,0.7158260142785604,0.7654573327129327,0.5640580246627604
1,0.776132107619841,0.5424269675302013,0.8012263669185512,0.49494216924244855
2,0.814323005307182,0.4580893200252346,0.8206438426162493,0.4483849193651456
3,0.8475201453067782,0.38894480576601514,0.8303525805107842,0.42009968413768156
4,0.8709567586310321,0.33406381373974514,0.8410832907816068,0.3904938501366317
5,0.8966065145637483,0.28066406946199296,0.8191108840365889,0.4583752377641158
6,0.9113040517467251,0.2423149190159015,0.8175779254264715,0.4869721964664099
7,0.9265690614140517,0.2042737789997488,0.8441492080322991,0.4053947125153695
