epoch,acc,loss,val_acc,val_loss
0,0.5047100217601334,1.004064049038602,0.6750127698428544,0.7620916563330344
1,0.6218363406668725,0.8387455383706561,0.6939192622001523,0.7243073694426976
2,0.6525933491413851,0.7939958670747874,0.6576392478216773,0.7674405866882663
3,0.6655884689660203,0.7674163345540508,0.7164026540520853,0.6750186569665121
4,0.676483940237998,0.7442063582618639,0.698518142477249,0.713708523377266
5,0.6853932587516767,0.7266967839881356,0.6954522168812973,0.7219665518023862
6,0.6932243782591027,0.7108511821309874,0.6918753195795772,0.7162139082844304
