epoch,acc,loss,val_acc,val_loss
0,0.6968217934436344,0.7038083720423712,0.78611536516469,0.5291599496674209
1,0.7996027241906026,0.5014949737287948,0.8101071977019005,0.45732592833535046
2,0.8452894438409102,0.3999088870139452,0.8269525269819438,0.42065825767818915
3,0.8783200907923713,0.32199719497483653,0.8346094947922528,0.4012049699146082
4,0.9120885357277618,0.25210390719463555,0.8397141400194095,0.3912921184450464
5,0.9349035187016551,0.1962181810894294,0.859111791852179,0.3672768842236858
6,0.9592508513053348,0.14312670639844,0.8601327208671843,0.3742335384113561
7,0.9738933030511681,0.10182603852364587,0.8494129659510072,0.40880486863556414
8,0.9834846764904416,0.07831371398674372,0.8534966821327327,0.4082638563216493
