epoch,acc,loss,val_acc,val_loss
0,0.6830874007351688,0.7306506976366854,0.7156712610907796,0.6600072993314527
1,0.7834279228691076,0.5322377666577308,0.7779479328316654,0.5287202481349674
2,0.8192962541753399,0.44748380493359996,0.7958141910658618,0.49093201940555
3,0.8589103290766782,0.3699183583800828,0.8004083717703028,0.46367626454283717
4,0.884676503945696,0.30749054501735934,0.8085758041641796,0.4721146241294419
5,0.9152099887439802,0.24591035647032344,0.8182746300653513,0.43966227903726335
6,0.9374006811389858,0.18968930044861576,0.8192955591107827,0.45650246339284867
7,0.9587400680367711,0.1442296441564089,0.8187850945576409,0.45923008030777746
8,0.9722474459486842,0.10702315475559127,0.8080653395806119,0.518411855328868
