epoch,acc,loss,val_acc,val_loss
0,0.6833144154234723,0.726465972828405,0.768759571240227,0.5754766897348313
1,0.773950056753689,0.5473859263095628,0.7713118938538054,0.519318470120004
2,0.8148694665423858,0.4597608525284844,0.7835630423989814,0.49997768718834856
3,0.8430192962677877,0.3937830803613522,0.8223583461253725,0.4340202053053273
4,0.867366628830874,0.33850778243869173,0.8351199591932642,0.3997394905490739
5,0.8919977298389092,0.2824747351661037,0.8509443593974501,0.3775812450144107
6,0.9103859250986617,0.2405320373417706,0.8422664625417097,0.38422607803539455
7,0.9273552780795449,0.20286722861813902,0.8443083206021463,0.3904502413569816
8,0.9411464245446559,0.16891828778788667,0.8509443593974501,0.3891478794731006
