epoch,acc,loss,val_acc,val_loss
0,0.6702417433025103,0.7435137228626978,0.7598364844149208,0.556890294222303
1,0.7650663942460534,0.5681604332109949,0.8022483392948391,0.49091290841312146
2,0.7949721938756575,0.49531538585111484,0.8109351047521717,0.44497659956245444
3,0.8226081034866856,0.43345460571004507,0.824220746039857,0.4288558818982399
4,0.8501305187036685,0.3754357025932067,0.8058252427184466,0.4824370049400846
5,0.8729996595232783,0.32244536742667795,0.8206438426162493,0.41726585966427837
6,0.8959255476447648,0.2672677014021797,0.8272866632600919,0.43459420125811576
7,0.9133469526863249,0.22136779536238702,0.8160449667858968,0.4634010627766806
8,0.9266825558757447,0.18808357963164513,0.828308635666837,0.4782397805098739
