epoch,acc,loss,val_acc,val_loss
0,0.6583427923220917,0.7825949852501765,0.6845329251746975,0.6957370814405698
1,0.7540295119859304,0.5983950625889418,0.7672281778850624,0.561790834494304
2,0.7944381386007814,0.5138781858153565,0.7820316490438168,0.5280591354435837
3,0.823439273458063,0.44442160793249236,0.7993874428161496,0.47054531479624234
4,0.8507377978621493,0.39339429252399355,0.7866258296874058,0.5169252551228736
5,0.8691259932842753,0.34584148773811463,0.8019397653384498,0.47672330717032757
6,0.8898410896302352,0.3051127219308383,0.8060234815506012,0.47517985351965586
