epoch,acc,loss,val_acc,val_loss
0,0.6977641584315509,0.7005521425586894,0.7664793052415063,0.5754986468114351
1,0.791907842476405,0.5094139994699316,0.8165559528674406,0.47326438627684064
2,0.8424696402021549,0.40772179931304114,0.8150229942573232,0.44640339581285376
3,0.8798093292813555,0.3237293072593644,0.834951456402051,0.4061550128868056
4,0.9108500737511277,0.24999414810378304,0.8385283598256587,0.3908487711259767
5,0.9394506866416978,0.19057595994500645,0.8507920281888273,0.38788564686697236
6,0.9553399160276029,0.14695313501684096,0.8421052635538377,0.400278172522829
7,0.970604925640811,0.10649771823499898,0.8421052635538377,0.4372443926383113
8,0.9836567926455567,0.0740596384068797,0.8502810419854547,0.3992492232660158
