epoch,acc,loss,val_acc,val_loss
0,0.6192259675676335,0.8327569089429953,0.6801226364451521,0.7173134541718644
1,0.7038928612029968,0.6938939384076858,0.7266223811652506,0.6198354453899206
2,0.7358983089184872,0.6295463840843207,0.7465508427922068,0.5994117704044511
3,0.7618885483783432,0.5754319790231966,0.7450178847912324,0.6114633349843578
4,0.7759618658427415,0.5393046197630385,0.7291773121821131,0.6545726330717668
5,0.7961071387767088,0.49702595026332613,0.7383750641473897,0.6564198856032132
