epoch,acc,loss,val_acc,val_loss
0,0.6740438088955639,0.7343113301168599,0.75472662244211,0.5923149972225125
1,0.7595051639927812,0.5743535011989848,0.7761880429532982,0.5334845171878699
2,0.8010441493722857,0.48545838013881587,0.7945835462747085,0.5334730724869301
3,0.8273181250438748,0.425689675110908,0.8099131323758838,0.48528062496248653
4,0.8492793099872913,0.37427454872280713,0.8175779254264715,0.48734830361760023
5,0.8757235274427446,0.31344716119151994,0.818088911629844,0.47856113702957276
6,0.896152536629034,0.26258631929503223,0.8252427184466019,0.5246384919154199
7,0.9177732380250163,0.21442531742812582,0.7956055186509964,0.6168956186890785
8,0.9298036545565797,0.18443530945092754,0.8262646908838042,0.5792137719747907
