epoch,acc,loss,val_acc,val_loss
0,0.6642832822540455,0.7634992299400817,0.7583035258048033,0.6003707129704324
1,0.7431619566586323,0.6117280410348375,0.7782319877363311,0.5577348555282603
2,0.7781182612575639,0.5375247401650519,0.7884517118037813,0.5264529759291794
3,0.8045624787062525,0.48008009889802034,0.8099131323454267,0.4875057560939477
4,0.8263534218319807,0.42959347768777506,0.826264690853347,0.4676983495512725
5,0.8404834865306079,0.39289106683148767,0.8252427184466019,0.457335656083355
6,0.856259221420996,0.36063789597854834,0.8155339805825242,0.49517874315373434
7,0.8744183407037107,0.3245000773919263,0.8037812979354138,0.5056484366596263
8,0.8841788673587587,0.2972634913850732,0.8191108840365889,0.4983594217849253
