epoch,acc,loss,val_acc,val_loss
0,0.6899545970488081,0.7188881559350299,0.7401735579377233,0.5917268326661002
1,0.7732122587697595,0.5476364031214178,0.7432363451044434,0.6139590357596196
2,0.8178774120453132,0.4564821938718759,0.8126595201633486,0.46290617452524585
3,0.8452894437867856,0.38947726444813774,0.8284839203675345,0.40888692463703946
4,0.8707150964677401,0.3345209098430551,0.8284839203979605,0.3976485105711566
5,0.8926787741203178,0.283907381112811,0.854007146503318,0.37516001783474906
6,0.9116345062158435,0.23810844807024034,0.8519652884428814,0.38098487438992495
7,0.9283200907788401,0.2004737286914085,0.8310362430115389,0.45947463780778475
8,0.940238365480226,0.16866347486667005,0.8386932108522739,0.4548644145694906
