epoch,acc,loss,val_acc,val_loss
0,0.6887980932248273,0.7205453647439913,0.7460398571066059,0.6151643073491802
1,0.7845307001189765,0.5267682150285342,0.7848748085629167,0.5316464210811415
2,0.8246510043112837,0.4401367632772606,0.8042922845956435,0.4944089617452636
3,0.8602315288182082,0.3618018286491466,0.8155339801561241,0.4737116481402606
4,0.8893428668100736,0.3030473344132005,0.8242207459180283,0.45049437740413156
5,0.9184542050995901,0.23768175847345552,0.8283086352404369,0.44247007009077877
6,0.9398479172677705,0.1872613195233929,0.8293306081649535,0.44503078830138604
7,0.9580070365504852,0.14342101691002176,0.8298415943683259,0.44953184302631666
8,0.9721371012694069,0.10991366667352298,0.8191108840975033,0.48430387636929306
