epoch,acc,loss,val_acc,val_loss
0,0.697162315564042,0.6998714568395755,0.77080142948322,0.5616692501315662
1,0.7946651532620226,0.5057613309612339,0.7743746812943599,0.5253116136427252
2,0.8436435868060819,0.4054824169120507,0.8034711589674489,0.4634596907009331
3,0.8814982974028615,0.3210876479727997,0.8223583463383548,0.4105845916751941
4,0.9116912599318956,0.25282791194830523,0.8346094948531049,0.41036402762331725
5,0.9334846765310351,0.1973859885358648,0.8366513529439676,0.394283251411882
6,0.9578320090670591,0.1451610301362264,0.8392036755575459,0.406041713531313
7,0.970601589130354,0.11003604964284432,0.8366513530352457,0.43225185243738984
8,0.9801929625425653,0.08112932548315922,0.8437978562315609,0.41618595192053903
