epoch,acc,loss,val_acc,val_loss
0,0.6180342750467598,0.8784044876080773,0.7199795607650652,0.6541260215903523
1,0.7189876291541071,0.6616622552388968,0.7802759343772502,0.5614428585990083
2,0.7653501304239626,0.5669947366224165,0.791006641236872,0.5070861308137312
3,0.7964476220467862,0.5021043600288967,0.803781299397357,0.4891967346428241
4,0.8231755761875087,0.44770834728992565,0.7695452241064276,0.5452675336651127
5,0.8432641014272408,0.3954868384704269,0.7046499767654333,0.6733566959962957
6,0.86255816617925,0.3522536646472841,0.799693409770377,0.5113632355530651
