epoch,acc,loss,val_acc,val_loss
0,0.6692202928428577,0.7517117851777078,0.7485947879407256,0.6051743054761531
1,0.7603563727362177,0.5742216470725635,0.7424629535002555,0.632000871105467
2,0.8000794461603915,0.48449283526753095,0.8206438426162493,0.4758564129921022
3,0.8332198388716403,0.41229794015206295,0.8094021461420542,0.5034938369576396
4,0.8597775508226108,0.35687435815038293,0.8247317322432295,0.4557494582702569
5,0.8820224719033476,0.3025252562404802,0.8134900357690342,0.503553100687908
6,0.9035864260921601,0.25651216658996867,0.8206438426162493,0.4565637315802874
7,0.9198161389172625,0.22061966371876524,0.8339294839343917,0.4587617280322432
