epoch,acc,loss,val_acc,val_loss
0,0.6768244240424944,0.7408049385307622,0.7726111398951765,0.5786510813461619
1,0.7796504369673374,0.5378908267824567,0.8012263664616939,0.4866790668082347
2,0.8264669163410272,0.43136926588791885,0.8247317320300294,0.42792556877640603
3,0.864941550328044,0.35100192020326637,0.8221768013177383,0.4290494426483394
4,0.8968902508025407,0.27566926800126373,0.834440469894107,0.40699536530381875
5,0.9257178526638504,0.21054336258507575,0.7996934084607193,0.5253140320720634
6,0.9517648393849945,0.15266880280563475,0.8364844150121686,0.4152726312498688
7,0.9666893655454757,0.11185518908417465,0.8385283595210871,0.4482607030874622
