epoch,acc,loss,val_acc,val_loss
0,0.6545795026911657,0.7671613545629389,0.7465508410561493,0.6299986980920186
1,0.7494609014777696,0.5986756909354944,0.7623914169241838,0.5772904890742178
2,0.7889569853629607,0.5171492212125276,0.782830862622512,0.5228310218866101
3,0.8119396209419145,0.46434990148946953,0.7981604506729449,0.4998970396767238
4,0.8413914428059244,0.4020260575917343,0.8094021456851969,0.4744357690253182
5,0.8628419024383368,0.35248776911444485,0.8150229965111524,0.4603242051802427
6,0.8838951308020208,0.31006375110091206,0.8119570776766882,0.49801649539276965
7,0.9017705139135911,0.2678771168500905,0.8180889106552152,0.4767126195364968
8,0.9150493704640842,0.22739141142107194,0.8242207450956852,0.4604389859086467
