epoch,acc,loss,val_acc,val_loss
0,0.60821700159043,0.8518384618881463,0.7000510986812516,0.714228599639224
1,0.6881171261976071,0.7204726337710056,0.7388860500461908,0.6332194787784687
2,0.7183634093814101,0.6617083161808875,0.7332652023268648,0.6283851200424413
3,0.7360685506617627,0.6212952908315801,0.7634133880212712,0.5887026095122296
4,0.7558733401835919,0.5871728383687065,0.7654573325301898,0.5732555784738118
5,0.7725570308689957,0.5559634281136963,0.7910066426988153,0.5217569197814076
6,0.7832255134475906,0.5246552967812793,0.7807869189359365,0.5249878217751236
7,0.796050391441008,0.5036666480951826,0.7731221261899205,0.5465782707786463
8,0.8045057313299628,0.47997214039275005,0.7787429735133035,0.5436273414259001
