epoch,acc,loss,val_acc,val_loss
0,0.6405629327045289,0.80191411830391,0.7383750638732755,0.6307962744225027
1,0.7261377823243224,0.6441540286349136,0.7853857946140034,0.5492536045942126
2,0.7683009873885814,0.5536119828374632,0.795094532447624,0.5069839729678588
3,0.79230507319042,0.5022174293195846,0.7792539601430761,0.5652507296099489
4,0.8141527636247898,0.45549696246539406,0.8160449667858968,0.45669175499424863
5,0.839859266859383,0.39656373057499633,0.8288196219006666,0.45047130308165867
6,0.8584723641174008,0.35447961030435565,0.8201328564128768,0.4592596070919953
7,0.8730564067980959,0.32125676340865245,0.832396525293817,0.45249332752560373
8,0.8824764498921802,0.2939573408395894,0.8334184977310193,0.47025089954988775
