epoch,acc,loss,val_acc,val_loss
0,0.670317820671874,0.749093325901248,0.7590607453390553,0.5751204578592924
1,0.7580590238094871,0.5766796877516791,0.7728432874523784,0.5046475800766879
2,0.7968785471055618,0.4920756660444106,0.7993874426640194,0.47949885272322534
3,0.8275822928219729,0.424046235129863,0.7998979071563089,0.47792168065806684
4,0.8507945516458569,0.3718605392907453,0.8136804493000581,0.46687718065129424
5,0.8772985244311485,0.31168084791380485,0.7988769780804515,0.5462538085006949
6,0.8975595913599081,0.26175299188403345,0.8192955589890785,0.4710478744164847
7,0.9137911464109865,0.21778971304552508,0.8259315978148082,0.4914678492644662
