epoch,acc,loss,val_acc,val_loss
0,0.5153785043590227,0.9926739222899751,0.6361778189043154,0.8029161255214674
1,0.6237657475168433,0.8396745049078096,0.6653040408722649,0.7832234886817074
2,0.6451594597526717,0.7946573651590543,0.721512514410667,0.6665262970378585
3,0.6627511063007393,0.7681385528458164,0.7036279978104008,0.7139727089803439
4,0.6719441609923272,0.7490549562616254,0.7445068935624299,0.6216050785417513
5,0.6849960276994217,0.7250308712648217,0.7491057794436424,0.61472750715169
6,0.6919191919936047,0.7099411853487329,0.7337761927637813,0.64088033889713
7,0.7075814324358294,0.6873122681189768,0.7358201308766981,0.6417046744846603
8,0.7062194983205058,0.6810897381050527,0.7138477207813936,0.6994659115175356
