epoch,acc,loss,val_acc,val_loss
0,0.6734392735257186,0.7420839977995085,0.7570188872177666,0.5923455999541368
1,0.7598183881952327,0.5745908286866481,0.7779479326491091,0.5311381420868888
2,0.7937003404950717,0.5014832733640876,0.8029606942317509,0.46535765724242373
3,0.8227582292849035,0.4379622856076811,0.8172537008982157,0.446789480681137
4,0.8538592508648365,0.3727843196383941,0.8295048494129658,0.4080886881857456
5,0.8737230419706676,0.3191788946797439,0.8483920367534457,0.4061381245006281
6,0.8943246311280838,0.26617721319198606,0.8366513527309852,0.41811993834146616
7,0.9152099886357311,0.21590856347195,0.8249106687389508,0.45106643004767927
8,0.9306469920815458,0.1792106161729161,0.8305257784888233,0.5054415908925931
