epoch,acc,loss,val_acc,val_loss
0,0.6295539666190887,0.814521350224434,0.7143587125888818,0.661519867458938
1,0.7272159799979095,0.6519444348146176,0.7838528363693716,0.5464168619640518
2,0.7573487686117828,0.5847756147127581,0.801226366674894,0.5098217611539467
3,0.7894677108092606,0.5159419869513399,0.8058252425052466,0.47455547883246224
4,0.8030870502712967,0.48065178456012597,0.8272866633514634,0.43838024651084434
5,0.8273748723457517,0.4336869627484235,0.7823198768455396,0.5608644830553156
6,0.8443990466394729,0.3935052554421495,0.8226877872165393,0.4437726196520293
7,0.8618204516810329,0.3560443048024743,0.8032703117929555,0.508364895281587
