epoch,acc,loss,val_acc,val_loss
0,0.6824991487912836,0.7330337849827958,0.6750127746246272,0.7256964072014034
1,0.7781750085459112,0.5361223894531537,0.7746550838863234,0.5548893899167139
2,0.8279990920575655,0.4261752864672098,0.807358200902164,0.4852839669799951
3,0.8653955283304062,0.346647883534445,0.8237097602324274,0.44719772870039903
4,0.8943933719349914,0.2848615441524188,0.8017373532742095,0.5254973028470011
5,0.9275337646462403,0.20895003540002316,0.7593254980897197,0.6276825396577254
6,0.9416070820362259,0.17264430759652846,0.8221768007999668,0.47655838976176834
