epoch,acc,loss,val_acc,val_loss
0,0.6863012144046317,0.7225228246103119,0.7429739397645423,0.6147493316497374
1,0.7738622176756776,0.5425196095764968,0.793050587664591,0.5293067121725029
2,0.818295312650276,0.45183566495422717,0.8119570771893738,0.4848661344150042
3,0.8452502553423206,0.38810908558649826,0.8134900357994914,0.4826633882693143
4,0.8739643627419372,0.329725609320461,0.8150229943791517,0.4789410758122048
5,0.8950743388877989,0.27788354314871294,0.824220746070314,0.44374464972322547
6,0.9128362274226747,0.23557004359770736,0.8313745529175292,0.45932465267839273
7,0.9273067756552064,0.20026868346356844,0.8298415942769545,0.4880642411458474
8,0.9427420269913955,0.16536704998625323,0.8277976494939217,0.4619182191701586
