epoch,acc,loss,val_acc,val_loss
0,0.6491486945298419,0.8065603638074185,0.7345584485529636,0.621177759597714
1,0.7479001135615025,0.5934602796287191,0.7692700360367771,0.5478120467503379
2,0.8035187287173666,0.48415330752611974,0.7687595715444875,0.5623239234067032
3,0.8357548241718132,0.4121045947480824,0.818785094618493,0.4565768186506901
4,0.8703745744149882,0.34079326822863265,0.7871362943013996,0.533246265649187
5,0.8972190692665628,0.279768032038523,0.8295048496259482,0.42004639305832314
6,0.9212826333305757,0.21728719806089303,0.8004083718920071,0.5206933227225552
7,0.9359818388330544,0.17924970014953182,0.8259315980582167,0.4446581045299723
8,0.9567536889356598,0.13079446819732463,0.8340990303912413,0.4756990355943891
