epoch,acc,loss,val_acc,val_loss
0,0.6469353007810205,0.7930493767091013,0.7136294027869344,0.6683975779748559
1,0.7276390465515561,0.6428554006250708,0.7769270036036777,0.5688982473732928
2,0.7706015891168229,0.5552118854679666,0.7784583971718247,0.5287664848331775
3,0.7967650397546445,0.49238846863574526,0.8024502297090352,0.4846981251236734
4,0.8215664018025869,0.43328740531821797,0.8147013782846374,0.44911406289989575
5,0.8430192962813188,0.3871459732937894,0.8223583460949464,0.4352626481824167
6,0.8623155505378455,0.34163826758149807,0.8187850944967888,0.45262457878386386
7,0.8815550510918512,0.29675564113052966,0.8208269525572255,0.4545266278517861
8,0.8961407491622257,0.26683903307433027,0.8218478816026568,0.48496619936396357
