epoch,acc,loss,val_acc,val_loss
0,0.6535187287038355,0.8008625108456909,0.7360898420298325,0.6395703737622563
1,0.7564699205313042,0.5859992360216264,0.7830525780588221,0.5271646372817985
2,0.8027809308822796,0.48392995907148084,0.789688616945404,0.4846217563226553
3,0.841543700326991,0.40278865969005156,0.7437468098401415,0.6101707269976248
4,0.8712826334658871,0.33662760108878476,0.7978560492480027,0.5001575184939405
5,0.8962542565402054,0.2761090723190892,0.8233792754446383,0.44120874333101734
6,0.9215096482353773,0.21810966472349697,0.8024502299220176,0.541671793518047
7,0.9404086264254151,0.16841028874801317,0.8198060237552025,0.4846134043397071
8,0.9547673098345485,0.13382305367580202,0.7667177134840509,0.6687516629422058
