epoch,acc,loss,val_acc,val_loss
0,0.6483940528410813,0.7989366245911078,0.7332652021136646,0.6269867288012497
1,0.758256724460917,0.5812026125972624,0.7746550839776949,0.5466910224820987
2,0.8009306548294152,0.4881506976171027,0.7864077665638911,0.5270840885021519
3,0.8338440585022765,0.40712277446630907,0.7899846699874987,0.49996829364880896
4,0.8682896378916761,0.3369254615585293,0.7746550841908949,0.5547380890539244
5,0.8951878333291974,0.27724675096646706,0.7572815535808012,0.6283064364595077
6,0.9199863805523012,0.21977784460525265,0.8104241189447422,0.5046401460163437
