epoch,acc,loss,val_acc,val_loss
0,0.6846197502837684,0.7214112720140399,0.7029096478099054,0.6727691381454711
1,0.7757661747742998,0.5421845616060272,0.7815211842776927,0.5109528121198544
2,0.818955732136119,0.4516255499014925,0.7988769780500256,0.49605720270769277
3,0.8500567537025209,0.38082502295562276,0.8111281266256277,0.45453053253411396
4,0.8741203178341895,0.3295157523485372,0.7514037774678941,0.6515195266119737
5,0.8965947786470818,0.2760831361156587,0.8228688106480881,0.45080416363955395
6,0.915039727595824,0.23012924134122392,0.8192955589586524,0.4563995982886821
7,0.9300227015026582,0.1931602820567998,0.8111281266256277,0.4841467805849526
8,0.9419409761634506,0.16244140080811623,0.8244002041858091,0.4624581881145119
