epoch,acc,loss,val_acc,val_loss
0,0.639087504242514,0.8094518797890903,0.6954522225463274,0.6940947213097379
1,0.7200090795664061,0.6569977889414367,0.7347981607237822,0.6239017449170884
2,0.7614345704030401,0.5727316494453997,0.7685232495372248,0.5593676457431893
3,0.7891839745704682,0.5146494871634331,0.7812979054438806,0.5332507061665924
4,0.8134150493430463,0.46541571679362614,0.7899846705966417,0.5201447880810234
5,0.8282828282760635,0.4269468744453785,0.7961165044279688,0.5138131377492319
6,0.8429236182315762,0.39450742592674665,0.7904956571045858,0.566215687280537
7,0.8591533310566786,0.3565075055395565,0.7823198775460541,0.5605814149170185
8,0.8713539893247526,0.3294259997748744,0.7864077665638911,0.527770904996411
