epoch,acc,loss,val_acc,val_loss
0,0.653104074384741,0.8069466104803474,0.7669902914448788,0.5848109494013389
1,0.7593916695987363,0.5794002388787586,0.7715891669706599,0.5550739343944836
2,0.8065486323033866,0.4768576950879985,0.7925396019180758,0.5411462104314435
3,0.8378731132013656,0.4030953176296768,0.7991824222573469,0.4918699048889737
4,0.8711837476085363,0.3326659407616744,0.7583035262921177,0.6490856317701422
5,0.8977982068613837,0.27481046533452,0.7981604498506019,0.5302865014858372
6,0.9172057656489034,0.22334222684801133,0.805314256088674,0.5086813114952785
