epoch,acc,loss,val_acc,val_loss
0,0.674347332630742,0.8616579969408293,0.8315467076255327,0.6369920686351334
1,0.8744040863738564,0.4450328185122617,0.8586013261732731,0.43511388350835317
2,0.9191827470950452,0.26520072552253926,0.8795303729129361,0.35229762150293226
3,0.9455732122046723,0.17605632154882023,0.8825931613575505,0.31741169635101874
4,0.9615777529057254,0.12496044578265386,0.881061765902988,0.3060762472241554
5,0.9699772982943748,0.09397487717508322,0.8856559466074291,0.3027354770926202
6,0.9749716233314099,0.07392349529685822,0.8892291982664388,0.3031109317399337
7,0.9802497160015258,0.057489275274360624,0.8892291982664388,0.3114120549940223
8,0.9832576617480137,0.04812640005449905,0.888208271107423,0.3183300285968566
