epoch,acc,loss,val_acc,val_loss
0,0.7336549377197846,0.6506371521449116,0.8631955068777142,0.3554613298302466
1,0.9358683312521078,0.18021736476194034,0.8708524760267696,0.3220566066173098
2,0.9759364355977088,0.06954898581957439,0.8769780516076782,0.3455197376946882
3,0.9885925084183355,0.03465924580982135,0.8785094419810893,0.3807166458058564
4,0.9929057886056543,0.021536605713823462,0.8764675833121315,0.41672047087280895
