epoch,acc,loss,val_acc,val_loss
0,0.6015208265105193,0.9024569599004193,0.8507920262091124,0.5358104459716766
1,0.9346839178908685,0.24706775703626085,0.8748083793818494,0.3322523690086271
2,0.988593802923188,0.05711383915843169,0.8737864079497332,0.3360467078616318
3,0.9980705937250371,0.019261509786152688,0.8737864084370476,0.3500624910781258
4,0.9993190330268982,0.010000220935628107,0.8742973946404201,0.3634640894255348
