epoch,acc,loss,val_acc,val_loss
0,0.7037457434597947,0.7442076638797626,0.8330781011024015,0.4596528185302351
1,0.9168558456029037,0.2671217937068961,0.8621745789276208,0.3579907277793894
2,0.9661180476595677,0.12050745114430396,0.8657478305562045,0.3358826918100568
3,0.9837684449489217,0.06540569337243457,0.8749361919650867,0.33204662250644884
4,0.989443813834369,0.0421010034697957,0.8688106176924986,0.3500250754549894
5,0.9924517593643587,0.03086481298617046,0.8642164369880575,0.3659943010108455
6,0.9929625425652667,0.026590236581895802,0.8621745789276208,0.38551527893074683
