epoch,acc,loss,val_acc,val_loss
0,0.5081157773496344,0.9735220451901638,0.7947932641806804,0.704503559774133
1,0.9265039725687935,0.33506102937777926,0.8825931535684801,0.32492361283533544
2,0.9866628832633054,0.06388843783117179,0.883103622563826,0.3081358644565555
3,0.9976730987514189,0.019102202613164632,0.886676881312107,0.31415854798341786
4,0.9991486945298419,0.00951616427101085,0.8841245560818877,0.3228805788230263
5,0.9996594778660612,0.005424818434730324,0.8846350148236526,0.32941022909314366
