epoch,acc,loss,val_acc,val_loss
0,0.5745984904240158,0.9292090749180444,0.8508682321601065,0.5873069382663645
1,0.9244651268305312,0.2926452155890134,0.8907047995994966,0.30656490573113493
2,0.9863798878945326,0.06757477503004589,0.8907048031307216,0.30219346245292256
3,0.9968787242494751,0.023100473422471072,0.8922369759586907,0.3085660934143826
4,0.9989784917687458,0.01146603823856097,0.8907048031307216,0.3248519067014201
5,0.9994892457862777,0.0076635745570165495,0.8881511769815899,0.3390460352853808
