epoch,acc,loss,val_acc,val_loss
0,0.7108399546105799,0.6562802339114342,0.8606431853290478,0.37663273447140433
1,0.911520998837864,0.23629827707092554,0.8611536498213375,0.3608398624924508
2,0.9602156640046301,0.10916669508537423,0.8499234303520187,0.4306096818417904
3,0.9737797956731885,0.07073500764965335,0.8565594691473224,0.4357942326556304
4,0.981328036322361,0.05204095169626997,0.8524757529655971,0.45692337437848035
