epoch,acc,loss,val_acc,val_loss
0,0.7297956866925746,0.6184125791884172,0.8534966820414545,0.37463951856278227
1,0.94443813846547,0.15806969102476295,0.8677896886470672,0.3543735472765913
2,0.9809875141884222,0.05740735723756499,0.8611536499430417,0.43028839665782154
3,0.9898410896572974,0.02906289229700162,0.8626850434807626,0.4574547046724176
4,0.9937570942111237,0.01840055609617708,0.8601327208367582,0.5220710964699434
