epoch,acc,loss,val_acc,val_loss
0,0.5085688343168239,0.9857245274332052,0.7904956590843005,0.7064625546831103
1,0.8690840992655877,0.43367352671079884,0.8768523230684249,0.34594949198183383
2,0.9514243561081523,0.1640177331759134,0.8773633097591117,0.30972140669579035
3,0.9767903758359001,0.08396099714642417,0.8773633087844829,0.32069145978319447
4,0.9850187268894115,0.05501837536926005,0.8778742949878554,0.3322268241695683
5,0.9895585062839078,0.03703616121357882,0.8753193685091084,0.3440903869281938
