epoch,acc,loss,val_acc,val_loss
0,0.5418227218618297,0.956672073303537,0.8231987757651125,0.6727712364238199
1,0.7954261718644902,0.5643007811596493,0.848748082522537,0.4113519025141327
2,0.8616502099580519,0.3762490438482789,0.8538579481197488,0.3493896272180028
3,0.896379525248004,0.2843534839963713,0.8656106298226877,0.3258760164496115
4,0.9147088864025255,0.23601583222223457,0.8696985199369821,0.3188764273998502
5,0.9269662921957147,0.2043879744062466,0.8696985158861811,0.31228875737745787
6,0.9352513903481589,0.1768942013249307,0.872764433106416,0.3143033942414232
7,0.9419475659016056,0.1647862596343262,0.8732754238479041,0.3137746603058258
8,0.9476222900821516,0.14576477526218096,0.8753193641232786,0.313378353461844
