epoch,acc,loss,val_acc,val_loss
0,0.5691504455486793,0.887264352212543,0.8529111339317766,0.43788288312986023
1,0.8446739686109795,0.4131838393247897,0.8769152197336152,0.3334757113054897
2,0.9094262527970286,0.251929119874546,0.8774259449025583,0.3186931391232347
3,0.9376312354746055,0.17282583310867802,0.8794688462480461,0.31538409655257316
4,0.9526701095486991,0.1316637890924492,0.8820224723971779,0.31975917598809117
5,0.9615799330445953,0.10977866617357762,0.8881511743636127,0.3312063676222352
6,0.9668009761182007,0.09246684684584153,0.8891726248232653,0.34156341048621547
