epoch,acc,loss,val_acc,val_loss
0,0.7075246851542469,0.7376987105187892,0.8681655596212642,0.3962493945002617
1,0.9416638292231011,0.20548038815798547,0.8794072554863164,0.30381121984019105
2,0.9864941550064217,0.0679838830291643,0.8809402140964339,0.28787082967462135
3,0.9957439564181138,0.031387383987971314,0.8773633106728262,0.2949320614627264
4,0.9976166155670845,0.019327410045749498,0.8758303520627088,0.3011316998186438
5,0.9977301100896606,0.014146611954344177,0.8768523244694538,0.30665646395210594
