epoch,acc,loss,val_acc,val_loss
0,0.5574849620469919,0.9448826990175188,0.7956055185291678,0.7014687249535009
1,0.8495630462396133,0.5027454756111526,0.8533469592056898,0.40655729730456963
2,0.9086369310750172,0.2758326256854244,0.8696985176222386,0.3305741940597886
3,0.9428555216086789,0.17611640215346228,0.8768523252917969,0.31062068998448145
4,0.962149585690973,0.1159876465675658,0.8773633114951693,0.30734523529292496
5,0.9719101123054321,0.08590395804086617,0.8799182416896888,0.3250649917373928
6,0.9783225513292,0.06669949489281947,0.8768523244694538,0.3528451506328266
7,0.9833163091590058,0.05101012533538837,0.8794072554863164,0.3560612933195301
