epoch,acc,loss,val_acc,val_loss
0,0.6996935648959282,0.6822245268643937,0.8686765457332652,0.34624311397224283
1,0.9257178527179688,0.21255216597766613,0.8778742973939704,0.3146255759271999
2,0.9717398706162751,0.08299608252377702,0.8768523249872253,0.34154182395923505
3,0.9842242651028471,0.04710482298924499,0.8783852835973429,0.36780709388608035
4,0.9895017591646805,0.0334432680258531,0.8794072560040879,0.4043611027409813
