epoch,acc,loss,val_acc,val_loss
0,0.5631596866131315,0.9497096348046958,0.7797649463159915,0.7151839213829353
1,0.8449097719504768,0.5110258152753863,0.8538579463227769,0.4206609719251575
2,0.9124389967830724,0.273572204707903,0.8656106286957731,0.35007162427926586
3,0.942855521635738,0.17179267096432882,0.8727644349338451,0.3410818055843174
4,0.9605606627266763,0.11626241922855458,0.8702095042215541,0.35606362809620773
5,0.9702644421474953,0.08810884194414131,0.8727644349338451,0.3665717036125912
6,0.9797412325502213,0.06351699145691962,0.8753193662552792,0.3923220764817056
