epoch,acc,loss,val_acc,val_loss
0,0.6725116333481457,0.8624135168750634,0.8415942785992084,0.6154004572360078
1,0.874702076644852,0.44914505980218017,0.8620337242975367,0.4080359205702585
2,0.9167517878968388,0.26839777856520636,0.8732754228732753,0.33475199446851156
3,0.946317103363412,0.1761876218466547,0.8794072582883742,0.30301095492753316
4,0.9581205310460023,0.12947336916227561,0.882984160737353,0.29350160717141827
5,0.9687890134960659,0.0966474340964143,0.882984160737353,0.29070602719827643
6,0.9750879581054944,0.07453142346514298,0.8773633134748842,0.2978565016905142
7,0.9801952102549324,0.06023412749328538,0.8840061331440979,0.29937527460076097
8,0.984451254432121,0.04907490520732463,0.8819621888179223,0.30786291342733096
