epoch,acc,loss,val_acc,val_loss
0,0.639443813834369,0.8806509791113326,0.8402246045116991,0.5954650692820488
1,0.8695232690395481,0.4234819529546376,0.8754466565486544,0.3869390471088698
2,0.9287173666017686,0.23940636478068475,0.8825931599275258,0.3270102526960232
3,0.955732122560906,0.15279011345477975,0.8810617663289528,0.31123881818628724
4,0.9692395005675369,0.11009912472239418,0.8831036244502416,0.30293784575416094
5,0.9785471055618615,0.08124970238567007,0.8815722308516685,0.30128742715666157
6,0.9817820658342792,0.0660640729517252,0.8836140889425311,0.3044344103111181
7,0.9854143019296254,0.053787044471258746,0.8810617663593788,0.31377865356593304
8,0.9866061293984109,0.0462397458150171,0.882593159957952,0.3137767760804747
