epoch,acc,loss,val_acc,val_loss
0,0.569093695080488,0.8970683941870351,0.8672114403669144,0.48449724644757386
1,0.8689631689799697,0.373479616945755,0.8886619003849204,0.3223186113982936
2,0.938312241082754,0.1824935275880962,0.8973442288657861,0.303258277879185
3,0.9603314227511505,0.1181055600050122,0.888661899593439,0.3136045644487862
4,0.9748595425979916,0.07796918065417983,0.8901940760743996,0.33773909318922
5,0.9775835650779422,0.06598936015577567,0.8881511751550941,0.34620346477496855
