epoch,acc,loss,val_acc,val_loss
0,0.7287741203042896,0.6153842121802447,0.8494129658901551,0.36517166397655537
1,0.9574347332576617,0.12134480167108416,0.8601327208671843,0.38443576867419765
2,0.9921679909194098,0.02808962988235885,0.859111791882605,0.4388512751318594
3,0.9954597048808173,0.015341610645835163,0.860643185450752,0.4720311977840188
