epoch,acc,loss,val_acc,val_loss
0,0.7103291713690785,0.66659980536725,0.8443083206325723,0.3886072161764804
1,0.9305902383790249,0.20095935183810862,0.8540071465337441,0.3646517808930858
2,0.97366628830874,0.08026366979380589,0.8519652884733074,0.39836689555991844
3,0.9830874006810443,0.048691640924937205,0.8616641144049052,0.44096391980839117
4,0.988933030646992,0.03131409173516322,0.8519652884733074,0.4609703951310357
