epoch,acc,loss,val_acc,val_loss
0,0.7597616346415542,0.5876404984855219,0.848392036936002,0.38370540292364047
1,0.9384222475272708,0.17216152169410812,0.8677896887079193,0.3483795880845397
2,0.9716231553697965,0.08138594981896079,0.868300153261061,0.3745791954827467
3,0.9851872871736663,0.04250322632368963,0.8688106177533507,0.437926718247308
4,0.991316685584563,0.02419784253507548,0.8642164371097617,0.5021983042640793
