epoch,acc,loss,val_acc,val_loss
0,0.6723413913275135,0.7462365892401295,0.8482370961668787,0.4265584259479096
1,0.8831574165202772,0.3138786333465858,0.8661216123102877,0.3460054947334586
2,0.9288389513514502,0.19441663209256324,0.8753193644583073,0.32151667142499146
3,0.9506298941930568,0.1344343859242765,0.8799182398013454,0.32454384620480836
4,0.9627170585406217,0.10002776936767131,0.8834951477630686,0.33880899454417984
5,0.9706049257219886,0.07894102436887894,0.8814512019749496,0.3568325120238059
