epoch,acc,loss,val_acc,val_loss
0,0.7347066167629126,0.6365077394238261,0.8594787937679885,0.3710337164728509
1,0.9405856318065763,0.17087856584686573,0.8702095030641824,0.35134015793878326
2,0.9752582001261266,0.06947378775555374,0.8722534483649869,0.3790253306842301
3,0.9903529680298834,0.029435526575707555,0.8691875306574374,0.4547693111425038
4,0.994609011462944,0.016971838867710167,0.8666326001278892,0.4945214739641366
