epoch,acc,loss,val_acc,val_loss
0,0.6734195891634558,0.726761068216505,0.8467041390491616,0.4051988278960597
1,0.8741913517329712,0.33188653674478524,0.8635666837604544,0.3474974692872914
2,0.922086028820837,0.20839184644056927,0.870209504404297,0.3404993822090956
3,0.9467710815822479,0.14127500203458504,0.868165559590807,0.34382809926248903
4,0.9602201793010086,0.11130578187635187,0.8737864078279046,0.3473219712534667
5,0.9679378049961623,0.0861490455339491,0.872253449217787,0.3576368472986704
