epoch,acc,loss,val_acc,val_loss
0,0.6916004540159808,0.7507963909328863,0.8647269014803471,0.4328574856943838
1,0.9135641316414962,0.27344501359847023,0.879019908146812,0.3228862930190022
2,0.9660045402951192,0.12212633861653786,0.8810617662072486,0.29687072221815375
3,0.9833711691259932,0.06592685493823483,0.8836140888208269,0.2984446460507609
4,0.9898978433598183,0.04229836087255283,0.877488514548239,0.3039201129876332
5,0.9909194097616345,0.032618691128225116,0.8795303726695276,0.30892757154837625
