epoch,acc,loss,val_acc,val_loss
0,0.7128021790740195,0.7423620714548429,0.8569238630556975,0.4313680548325569
1,0.9125524911838822,0.2682634132658768,0.8722534491568728,0.3454684927777849
2,0.9678243105547637,0.12161506265114336,0.8707204905467553,0.3314584201705291
3,0.9833730563864699,0.06642429092092474,0.8717424629535002,0.334637709711971
4,0.9887072976960617,0.04370365179728473,0.8691875319670949,0.3498578958811051
5,0.991714901806967,0.031837534022857536,0.8681655595603498,0.36247965079762223
