epoch,acc,loss,val_acc,val_loss
0,0.7447786606129398,0.6125972355027746,0.849412965829303,0.3970732516844459
1,0.910783200908059,0.2421683663136572,0.8575803981927538,0.3783385728834356
2,0.9450056753553678,0.15528748969417425,0.8580908627154694,0.3764739200480438
3,0.9628263336981602,0.11203375309853732,0.8631955079426261,0.4178462974905907
4,0.9699205448354143,0.08958128211548326,0.8606431853290478,0.43540274446916677
5,0.9753688989784336,0.07476638633690175,0.8631955079426261,0.4317792920721861
