epoch,acc,loss,val_acc,val_loss
0,0.6743275450870028,0.7286287002876822,0.8538579458354625,0.3976856533763478
1,0.8690840993941189,0.3427530309153041,0.8661216147164027,0.32879925929638093
2,0.9245829077425047,0.20387978880714713,0.8661216147164027,0.32972190454012135
3,0.948019521053229,0.14284872653745195,0.8717424629535002,0.3238669486833459
4,0.9635115196710006,0.10226699549566534,0.8748083801737353,0.3518210048756363
5,0.9653841789011489,0.09370301852655755,0.8702095043433827,0.3546431750836261
6,0.9709454091476564,0.07939054678039797,0.8696985181400102,0.346662737978263
