epoch,acc,loss,val_acc,val_loss
0,0.7146180908805246,0.7736300064762204,0.8303525800539269,0.5075503679094232
1,0.8993303824155667,0.32429095991433593,0.8686765461292082,0.35542734188880004
2,0.9420043126825929,0.17893271230058871,0.8727644357561882,0.31558090506248104
3,0.9597094540373582,0.11886962529154725,0.8758303523672802,0.3088191957819748
4,0.9723640902604408,0.08368265804868594,0.8753193661639077,0.3121498442146933
5,0.9787765292842087,0.0614480742489814,0.8788962695875153,0.3234241496834392
6,0.9857564408126206,0.044302473769594765,0.8758303523672802,0.34071744360909145
