epoch,acc,loss,val_acc,val_loss
0,0.7029849050765059,0.8263584120957376,0.8461931537899609,0.5859190319713793
1,0.8979117014921966,0.38372671839233263,0.8763413363777379,0.3920599613405334
2,0.9429122685384919,0.20699586712086923,0.879918244339461,0.3269236996031319
3,0.9640789921891743,0.12641430075654864,0.881962189152951,0.3051462380418256
4,0.9767903759644313,0.07970363694691196,0.8860500773179878,0.30359416578762616
5,0.9833730564270586,0.05554037633405994,0.8855390916019298,0.30744556370717135
6,0.9877993420295772,0.040132091012502716,0.8788962719327159,0.3255400974255895
7,0.9914311657372945,0.028865821769070158,0.877363312835284,0.33005641413758346
