epoch,acc,loss,val_acc,val_loss
0,0.7295426171763019,0.6133949872232731,0.8727644348424737,0.33638295008932745
1,0.9447281807170609,0.15521076040693585,0.8758303523672802,0.3359290100310491
2,0.9809896720009079,0.05389410432568914,0.8727644354516167,0.38800066103421127
3,0.9906934513676087,0.02638913030235289,0.86356668348634,0.4576650223350671
4,0.9925661105233442,0.024104070955733747,0.862033725180794,0.4738451920270798
