epoch,acc,loss,val_acc,val_loss
0,0.5931895573212259,0.9176754709134443,0.7917304748841364,0.6256634085807586
1,0.8240068103344297,0.49531631691637157,0.8320571721178224,0.41785681965766114
2,0.8859250852252514,0.3226253249385435,0.8478815723828602,0.3730006268463797
3,0.9115777525133226,0.24981637322740305,0.8580908628067476,0.35898991395406055
4,0.9309875141342977,0.19638927684130653,0.8616641144353313,0.3547084801290764
5,0.9396708285632659,0.16946784615787286,0.8616641144657573,0.3568948421963871
6,0.9486379114777763,0.1458180898383987,0.8621745789884729,0.3607614165273718
7,0.9554483542242062,0.1237919782063206,0.8626850435111887,0.38084164343968285
