epoch,acc,loss,val_acc,val_loss
0,0.5347293154455425,0.9670519660014649,0.8226877895617399,0.6519142283915742
1,0.8782204064117659,0.40140599306305397,0.8788962720850018,0.32521588785890787
2,0.9547156962007876,0.15744135181684119,0.8824731750212949,0.29406740053856195
3,0.9753716941954613,0.08395459095398544,0.8748083814833928,0.2965932278591696
4,0.985642946337398,0.05158239084224792,0.8768523258095684,0.30957153891810485
5,0.9885938030720136,0.03877797501776657,0.881451201639921,0.31762605844618536
