epoch,acc,loss,val_acc,val_loss
0,0.5124290576722647,0.9817311590429603,0.7881572253853767,0.7199422724700936
1,0.9234392738504659,0.34878927837300383,0.8601327188286385,0.35904768653948005
2,0.9860953460621915,0.06824188409933438,0.8631955028006226,0.33959204676566285
3,0.9980136208853575,0.02041764015672257,0.8683001551170505,0.34850863414859823
4,0.9990919409761635,0.009826058589522468,0.865747835120113,0.3693929654472394
5,0.9996027241770715,0.006068886221765999,0.8672792189823479,0.37443762015115856
