epoch,acc,loss,val_acc,val_loss
0,0.5910793326185424,0.9241341530715225,0.8206438426467065,0.6497516151161662
1,0.8106911814709336,0.5436850336586735,0.8620337250894226,0.4452753013564301
2,0.8732833957485411,0.37293194546397546,0.8686765457637223,0.3770768545876368
3,0.9091476563183731,0.27798775260232794,0.8707204905467553,0.3479241020958461
4,0.9282714788468062,0.22335978004552492,0.8788962698007153,0.3357616731660002
5,0.9414935875745329,0.18268209138734834,0.8758303526109374,0.3300933460069665
6,0.9491544660422225,0.1584362286455771,0.8696985181704674,0.33086436926008916
7,0.9547724435364885,0.13794228484833596,0.8686765457637223,0.33627796358884326
8,0.9588014981070464,0.12359043013466404,0.8650996423096576,0.34417094610818016
