epoch,acc,loss,val_acc,val_loss
0,0.4992055384637332,0.9899374530312964,0.8073582018158786,0.6689534382242662
1,0.8058676655129344,0.5384774404045077,0.8656106286044016,0.37510397862766737
2,0.882589944326814,0.33465906973932863,0.8696985185359531,0.335033986768859
3,0.9179434798427045,0.2401919625999708,0.8702095044347542,0.3180679215968234
4,0.9355351264922441,0.18653850624894408,0.8691875320280091,0.31921219184621596
5,0.9483032571837845,0.14940180022266528,0.8773633115865408,0.3217576902909856
6,0.9548291907301286,0.12854395018436623,0.8783852836887144,0.3298992040316304
