epoch,acc,loss,val_acc,val_loss
0,0.6671396142508196,0.7508620715844916,0.8392036743100776,0.4278431218792554
1,0.8805902384331494,0.3180832644461503,0.8703420107738287,0.3278100537730456
2,0.9316685586592667,0.19046618265272133,0.8774885129356579,0.31281530120775614
3,0.9516458569671726,0.13305193431396353,0.8754466580395311,0.32908448155526304
4,0.964074915221276,0.09860430467751186,0.8795303710265205,0.3405734193665815
5,0.9712826337229786,0.07794290500588369,0.8790199096985408,0.35574268237433304
