epoch,acc,loss,val_acc,val_loss
0,0.6767109292560911,0.7407310002948191,0.8615227380941641,0.40005451666194075
1,0.8864487573367461,0.3100761312379589,0.8742973957673347,0.31868625516390764
2,0.9292361819775228,0.19371817327698437,0.8748083784072206,0.31848805276301057
3,0.9515945978311333,0.1334581264915037,0.8753193650979074,0.32598558407111256
4,0.9631710362453328,0.09892111241601001,0.8737864100512767,0.3431701855234303
5,0.9717398703592127,0.07660178697930468,0.8804292271316325,0.35383169937024145
