epoch,acc,loss,val_acc,val_loss
0,0.6174801365200696,0.8680414720371822,0.8274629914438073,0.5480547570768457
1,0.8527241769632605,0.41183200095622685,0.8616641127314721,0.37706643974312476
2,0.9091373437785129,0.2435509570374256,0.8723838682865963,0.33365230657057593
3,0.9375141885846211,0.17451518342389422,0.8795303742212566,0.33058089510770156
4,0.9509648127940131,0.13386548979801974,0.8769780508774528,0.33315618552986365
5,0.9618047670798459,0.10731525191451581,0.8800408361273313,0.34155254570302335
6,0.9666855843329674,0.09135938476217186,0.8795303708743903,0.3501417436515756
