epoch,acc,loss,val_acc,val_loss
0,0.7419977298253781,0.6269607008383034,0.8734047983665135,0.34266090893575035
1,0.9406356412896233,0.1689086757270486,0.8815722308212425,0.3135002521667753
2,0.9799091940840852,0.06352883600265159,0.879019908146812,0.3289709469686667
3,0.990011350737798,0.033065298098170125,0.874425727472797,0.34255314603516374
4,0.9928490351872872,0.024490737168131042,0.8754466565182283,0.3668244462070446
