epoch,acc,loss,val_acc,val_loss
0,0.4782658041423247,0.9907726632887139,0.8150229891709789,0.6956769643417109
1,0.8696515721490605,0.40812113126497807,0.8650996466345731,0.35240956993205363
2,0.9439904663744342,0.15853291871889727,0.8681655638548081,0.3480400304953907
3,0.9695834755193983,0.09237026141969344,0.8656106278125156,0.3664816053594688
4,0.982238111471889,0.055584427822077266,0.8707204898462407,0.38878009973525024
5,0.9832028149814344,0.04869506696680728,0.8712314777247566,0.39550594826346464
