epoch,acc,loss,val_acc,val_loss
0,0.7574622632223014,0.5822990079017276,0.872253447390358,0.32276137010991485
1,0.9584610148504987,0.11992913116399175,0.8742973962546491,0.3125055360212336
2,0.9891045285791967,0.03381847292387773,0.8717424647504721,0.3574840890155133
3,0.9969923960176259,0.009325634968296774,0.8712314744962986,0.42187693874995563
4,0.9985813189548635,0.004006306623521866,0.8610117514034772,0.5257634157633745
