epoch,acc,loss,val_acc,val_loss
0,0.7249716231419739,0.6290051343086493,0.8575803982536059,0.3504886222987104
1,0.9598183881817015,0.1221865820407732,0.8662582952006244,0.3486092422402836
2,0.9918842224744608,0.02804556727942151,0.8626850435111887,0.41293294018114507
3,0.9959137343927356,0.013845469804309419,0.8611536499430417,0.43475221171252515
4,0.9976730987514189,0.008609086084026298,0.865237366094341,0.4721062723594761
