epoch,acc,loss,val_acc,val_loss
0,0.7901486778229512,0.5168659705171897,0.8513030148185999,0.35078624223621147
1,0.9391102031551469,0.16999216698619155,0.8753193663771078,0.33944683724526065
2,0.9680512995119737,0.09393251083212865,0.8773633111905978,0.3733632786881881
3,0.9818408807172853,0.05543120960110843,0.8707204905467553,0.466221278526677
4,0.9888207921915787,0.03379266030563415,0.8717424629535002,0.5582671493185255
