epoch,acc,loss,val_acc,val_loss
0,0.7251574826033524,0.6511117570192276,0.8590398362635105,0.37116701515872824
1,0.9136257874364243,0.23876011944877243,0.8917262517638787,0.30862936127904245
2,0.950797344091619,0.13618389556180077,0.890194075282918,0.3261090314607455
3,0.9679927359468367,0.08752799303542065,0.8917262509723971,0.3529837418564494
4,0.978321321154282,0.06307847434485174,0.8850868229846546,0.3927464259291815
