epoch,acc,loss,val_acc,val_loss
0,0.6748382705062435,0.8569239499268312,0.8262646899091752,0.621991931722063
1,0.876688230850818,0.43985737756532245,0.8625447124501668,0.42524585500930606
2,0.9214050620845032,0.2619639438873062,0.871231477420185,0.3534371556222104
3,0.9437067305415298,0.1763576264431333,0.8753193660725364,0.3310221281810628
4,0.9596527070331324,0.12623644339694648,0.8763413384792813,0.3200534057665919
5,0.9703211891652507,0.0916172486843336,0.8778742966020844,0.32315491637101756
6,0.9772443539667935,0.07084402599767393,0.8768523246826538,0.3317527490028874
7,0.9817841333409956,0.056961844329709646,0.8753193655852219,0.33949930202187356
