epoch,acc,loss,val_acc,val_loss
0,0.7451759364764617,0.5827467498660223,0.8647269016020513,0.34440264779733964
1,0.9754824063022887,0.07275923008477647,0.8601327209888885,0.38136916627014944
2,0.9979001134397223,0.009432236272017138,0.8591117919130311,0.4201680369496406
3,0.999489216799092,0.0031985971001563564,0.8601327209584624,0.4421168111945489
