epoch,acc,loss,val_acc,val_loss
0,0.7908296447757587,0.5189586278055789,0.8635666836995401,0.34073063147558386
1,0.9367268187831147,0.17428864553552145,0.8748083801737353,0.32854384507586076
2,0.9665758710702531,0.0959094767022196,0.8732754215636178,0.377242274564778
3,0.9796844852821684,0.05886481221773313,0.8753193663771078,0.4364040791564233
4,0.9873453637295637,0.034735971495194744,0.8676545733265202,0.5363900170493243
