epoch,acc,loss,val_acc,val_loss
0,0.7426220200930497,0.6231305458353543,0.8672792224813445,0.3414963307491427
1,0.9416572079755933,0.16901824253100678,0.8723838709032371,0.3262783894738474
2,0.9777525536859752,0.06772375681208156,0.8825931575847196,0.32880478590772494
3,0.988138479001135,0.0330297602604859,0.879530372334841,0.3616704496119082
4,0.9940976160744398,0.016741326845395848,0.8805513000719519,0.4339643443434016
