epoch,acc,loss,val_acc,val_loss
0,0.6211553739102443,0.8797270678429392,0.8359734263113097,0.5383314751640655
1,0.8514924526092833,0.4231637536823215,0.8599897785094178,0.35287835156972397
2,0.9060265573872406,0.26247461690979557,0.8676545751234921,0.32232494238815446
3,0.9346839177420428,0.18258230247964058,0.8742973957673347,0.30031207583056585
4,0.9496651910217514,0.14329696480396617,0.8763413391188815,0.315923978570291
5,0.9586880035438815,0.11482376135541557,0.8788962720850018,0.3146646235387546
6,0.9652139370158127,0.09528497532356775,0.8834951469407255,0.3217634783299163
