epoch,acc,loss,val_acc,val_loss
0,0.7872545681263854,0.517715280848293,0.8395503321410321,0.42469660364430234
1,0.9413233458515519,0.16330848214318108,0.8650996423705719,0.39600413839732984
2,0.9686187719895585,0.09087177541448561,0.8686765457941795,0.4029737626891022
3,0.9815571444784927,0.05307848980129099,0.8599897803368468,0.47137349560727376
4,0.9885370559527863,0.03273629625120234,0.8656106285434872,0.5498804413638799
