epoch,acc,loss,val_acc,val_loss
0,0.5456815341141042,0.94822163896276,0.8216658160280804,0.6525734360570132
1,0.7946317102267515,0.5499699685586025,0.8477261089888773,0.4292215306386085
2,0.8633526270931553,0.37541360925997636,0.8513030154886573,0.38444641156347664
3,0.8941096356150214,0.2861532492455526,0.8635666833949686,0.35305737916096536
4,0.915673589634714,0.2315411702578082,0.8625447109882236,0.35401306084728873
5,0.9268527972943097,0.2008859540507385,0.8717424626489287,0.3560274590414035
6,0.9367835661864635,0.17094904543721381,0.8691875306574374,0.3576490290017535
