epoch,acc,loss,val_acc,val_loss
0,0.7858115777254916,0.5205375419437006,0.8560490045941807,0.3528699927743203
1,0.9396140749148695,0.1708279231586467,0.8596222562531904,0.36363435028127533
2,0.9654937570671489,0.09739161303708758,0.8596222562531904,0.4080593724824933
3,0.9793984108967083,0.05877830203790133,0.8560490045941807,0.5262050501119884
