epoch,acc,loss,val_acc,val_loss
0,0.5670752468099389,0.8922936969928528,0.8467041390796187,0.45513213935651275
1,0.8440585630717443,0.41363127822367807,0.8702095041301827,0.33692816219649024
2,0.908466689257329,0.2502728122991623,0.8737864080715618,0.31494935048771683
3,0.9390534560359197,0.17301203038544732,0.8824731730111229,0.30644900116100565
4,0.9529565315270394,0.12928026144677862,0.8794072557908879,0.3213873704020686
5,0.9605606628552074,0.11079447270251473,0.8748083799605353,0.3243093785501952
6,0.9682215412011307,0.09007098939430022,0.8824731727065513,0.3334801893074048
