epoch,acc,loss,val_acc,val_loss
0,0.5665720770497057,0.9529708332831418,0.7605921391201846,0.7365747492431438
1,0.8366628832091809,0.5221984290102418,0.8504338949355865,0.4316777080038849
2,0.9121452893220336,0.2783485094210076,0.8677896886774933,0.3483941194854749
3,0.9433030647127366,0.1728943310077561,0.8718734049200707,0.3285316776991986
4,0.9612939841224982,0.1197829448540825,0.8774885146699432,0.32463373126668427
5,0.9716799092752845,0.08520428074373695,0.8810617663289528,0.34078611565098704
6,0.9797956865843255,0.05901150396949993,0.8795303727303797,0.356985415295413
7,0.9828603859386162,0.048948815657792105,0.8790199082076641,0.3831058552887076
