epoch,acc,loss,val_acc,val_loss
0,0.7437570941840614,0.6085793907404217,0.8417559979885679,0.39391538085470157
1,0.9109534619479661,0.24301961065691796,0.8626850434199105,0.35060654019993015
2,0.9420544835684924,0.15805870085345766,0.8621745788971948,0.36083457658886
3,0.9569807037322123,0.12084898115574434,0.8677896886166412,0.380445846417779
4,0.9681611804631999,0.09033905216001152,0.8693210821847882,0.4113477319631119
