epoch,acc,loss,val_acc,val_loss
0,0.7317557598388826,0.6172185068828079,0.8758303520627088,0.31650643808292256
1,0.9575530586563598,0.1225412114017154,0.8783852833841428,0.3223226774573387
2,0.9922256270570877,0.027967044623952768,0.8799182419942604,0.3537323111073363
3,0.9958007036658723,0.013515343862825557,0.8809402144010053,0.38442078276166636
