epoch,acc,loss,val_acc,val_loss
0,0.7517875382164498,0.5789151657163427,0.8753193664684793,0.324876344342529
1,0.9770173645766365,0.06964135554899978,0.8696985179268102,0.3505311960475324
2,0.9986380660537963,0.008833893413238262,0.8727644351470453,0.3872293238211604
3,0.9993757802746567,0.002763322270235389,0.8783852833841428,0.4150263332382537
