epoch,acc,loss,val_acc,val_loss
0,0.725570309697912,0.7686120069009359,0.8431272360519542,0.5002694389438775
1,0.9021109976910284,0.32031581874955,0.864077669781084,0.362441038531068
2,0.9427987743338612,0.17581363314566745,0.8707204901203551,0.337893106420246
3,0.962036091195456,0.11418256471141786,0.8727644349338451,0.3385678046688963
4,0.9742934967112885,0.08003275719961829,0.8732754216549893,0.3512956320965357
5,0.9800817159826538,0.05817482427384942,0.8717424630448717,0.3656672317883039
