epoch,acc,loss,val_acc,val_loss
0,0.6636590625287022,0.8487125722142411,0.8002043944813491,0.6217573993840751
1,0.8637498581251158,0.4326997750727628,0.8313745528870721,0.4404654609468681
2,0.9049483600383638,0.27886763481598087,0.85539090444558,0.3820794378623831
3,0.9298036545159909,0.20484798539849744,0.8635666836995401,0.35965102189541714
4,0.9452956531946457,0.15948738881413557,0.8650996423096576,0.35157888119980335
5,0.9535807513132659,0.13110405657723276,0.8696985181400102,0.35800334763621333
6,0.9613551243102966,0.11082123164749216,0.8788962698007153,0.35237142300889024
7,0.9661786403156493,0.09595048765060701,0.8778742973939704,0.35650796103246
