epoch,acc,loss,val_acc,val_loss
0,0.6485811578835045,0.8949542156413248,0.835630423229163,0.6187609735954288
1,0.9052780931031122,0.3724491310647343,0.8688106185140021,0.386383447280765
2,0.9574347334741599,0.17320988540211005,0.8749361903220796,0.3311968894714357
3,0.9804767311634189,0.09544949916854213,0.8825931613575505,0.31639880177742247
4,0.989046538065565,0.061612559817773666,0.8831036239938507,0.3074717062386157
5,0.9926787741609112,0.04163817791659364,0.8836140904029819,0.30930688511722854
6,0.9951759361652457,0.03336000286981413,0.8851454815066183,0.3099922162346112
7,0.9956299658124753,0.026618846829359024,0.8810617640165725,0.3124656899052046
