epoch,acc,loss,val_acc,val_loss
0,0.7265194938027367,0.6261355024137465,0.8774259449025583,0.3389272428326027
1,0.9435332841495943,0.15546852177051587,0.8850868234108369,0.33560988955405197
2,0.9825776062652517,0.05007897768678933,0.8784473957883934,0.4139202984165975
3,0.9899551671301289,0.029000250099702616,0.8697650668813454,0.4380179374527274
4,0.9927359400715056,0.021149723179304802,0.8600612875146447,0.5352253334271408
