epoch,acc,loss,val_acc,val_loss
0,0.7867763904518491,0.5246639820084263,0.8534966819806024,0.36750748756590274
1,0.9387627695664915,0.17140039246651967,0.8779989791013806,0.32626234577619767
2,0.9666855845494655,0.09631175741555421,0.8795303726695276,0.3803225285152564
3,0.9801929625696275,0.057121781447413936,0.8647269015411992,0.491926658847248
4,0.9878547105561861,0.03622062352364254,0.8677896886470672,0.4759126616078046
