epoch,acc,loss,val_acc,val_loss
0,0.7588809439900811,0.5861013455513238,0.870720491704127,0.33384055555567305
1,0.9598796960241663,0.12197700364238463,0.8635666812934252,0.3551463942839652
2,0.9900124841171501,0.03261131728614463,0.8666326015898325,0.39804698599195015
3,0.9973328795041768,0.010469300346644563,0.8661216144118311,0.46472027973977653
