epoch,acc,loss,val_acc,val_loss
0,0.7212575191050352,0.6550306017743027,0.8533469594188898,0.38843342553734717
1,0.9135739416841236,0.23562638030841232,0.8748083796559637,0.344142457798664
2,0.9493814548911957,0.1356636236652507,0.8696985182313817,0.3609526187988587
3,0.9676540689061954,0.09166186155850495,0.8737864078583617,0.38794515921135125
4,0.9778118260993737,0.06327286847937785,0.8742973940617342,0.42588365094723846
