epoch,acc,loss,val_acc,val_loss
0,0.7188422247446083,0.6447278456709578,0.8529862174883127,0.38294469500878076
1,0.9117480136073542,0.23906559762159083,0.8616641143744791,0.340260230411736
2,0.962599318942201,0.10576356854310913,0.8626850433894845,0.37253121890207525
3,0.9753121452894438,0.06579513199824023,0.8672792240939254,0.4013055598951834
4,0.9830306469920544,0.04763005175722909,0.8693210821847882,0.4407752181283061
