epoch,acc,loss,val_acc,val_loss
0,0.5092498014184569,0.9770376271184653,0.7899846695915558,0.6321356892890326
1,0.8678356598149011,0.3806069486190723,0.8671435886155481,0.3289187253130658
2,0.9494382021389542,0.151076553692789,0.8732754169341308,0.31372409477243635
3,0.9705481782848158,0.0879392944104676,0.8732754197057315,0.3327526181525092
4,0.9805356943164912,0.05913327925094085,0.8742973926911625,0.35383848589357214
5,0.9823516058388748,0.048275544032777506,0.8640776730704564,0.36090861471806734
