epoch,acc,loss,val_acc,val_loss
0,0.7372034956034027,0.635930946761208,0.8569238635734691,0.369419844009222
1,0.9397344229210791,0.1758646781582416,0.8712314788821284,0.3273805856065112
2,0.9754284418896966,0.07227207183070086,0.8671435873058906,0.3559604609536467
3,0.9894450120657476,0.03322541822839265,0.8732754191575028,0.3963197316816405
4,0.9948360007516291,0.016993032191035397,0.8732754236956184,0.4210174382798941
