epoch,acc,loss,val_acc,val_loss
0,0.7154125523762026,0.6623277245274387,0.8666326010111466,0.37538089985803613
1,0.9128929747651403,0.23697834165206413,0.8712314766282991,0.3321042837509405
2,0.9510271251032509,0.13761289399140486,0.8742973940617342,0.33771669269217236
3,0.9678810576604614,0.09175912239145385,0.8845171176114128,0.35569872156234805
4,0.9769606173829964,0.06479069406396887,0.8829841592144954,0.384693848322287
