epoch,acc,loss,val_acc,val_loss
0,0.6734195891363967,0.7497600507024549,0.849259070035567,0.40763057726466295
1,0.909488139804924,0.2613344911112578,0.8599897802759325,0.35239732680451097
2,0.9619793439815215,0.12224692829234851,0.8691875319670949,0.3770315545702931
3,0.9754284417544006,0.07412351205168755,0.8656106285130302,0.397031496953282
4,0.986323913269911,0.04458992842332437,0.8656106285130302,0.44049020525016647
