epoch,acc,loss,val_acc,val_loss
0,0.6771081605857028,0.8568938780136701,0.8226877894094542,0.6266183594568201
1,0.8788446258394581,0.44353775146491625,0.8507920301076278,0.4277313944022754
2,0.9198728863747297,0.26484954237748515,0.8722534472380722,0.3452012032407489
3,0.9437067305618241,0.17753263898705424,0.8804292300555191,0.3142354814721177
4,0.9590852347043732,0.12735379422756807,0.8829841615596961,0.30153590541258724
5,0.9678810576604614,0.09476572491127955,0.8788962709580871,0.3087360580995732
6,0.9759391669706973,0.0730325561310644,0.8834951472757542,0.3039556147952316
7,0.9810464194177864,0.05941957924077411,0.8814512019749496,0.31240974568443514
