epoch,acc,loss,val_acc,val_loss
0,0.6991260923980489,0.8354250987844345,0.8329075116799325,0.5754176202207788
1,0.8848598342777422,0.39249251279593084,0.8584568212394149,0.38065464953774386
2,0.9283282260607407,0.22695871136195542,0.8686765452154936,0.32599347757482994
3,0.9504596526865493,0.15135480134735554,0.8753193661639077,0.30877756790720085
4,0.9640222449211213,0.11120232045413714,0.8778742971807703,0.3049020432030966
5,0.9700374531835206,0.08581784801227242,0.8773633109773978,0.30950616294776045
6,0.9761094086936783,0.06893544001080922,0.8778742971807703,0.31553403664652524
7,0.9811031664761305,0.055883689016871546,0.8799182419942604,0.32455967090296756
