epoch,acc,loss,val_acc,val_loss
0,0.5579138528704677,0.9447572882475413,0.8197139939930637,0.6602204971708
1,0.8092049259778475,0.5328245003423939,0.8600612867231632,0.38940779963723243
2,0.8784972476293534,0.3450694671241604,0.8789581202267382,0.3347096882448498
3,0.9088019976401585,0.25512164017309985,0.8784473949969119,0.32186790746736577
4,0.9275296521703689,0.20412273854431626,0.8799795714778725,0.3113075910598435
5,0.9384257420326672,0.175574791722499,0.8845760977548282,0.3134935298845157
6,0.9498325861458962,0.14622961672134036,0.8855975490059623,0.3260726222770329
7,0.9524431076759337,0.13486315764452542,0.8922369765675227,0.31899011101615565
