epoch,acc,loss,val_acc,val_loss
0,0.6539923954440275,0.853142407903687,0.824821246230444,0.5909229549859956
1,0.8643096305612172,0.43179620851703765,0.8636363635754805,0.39353714510417936
2,0.9062482265546342,0.274707015474608,0.8733401430030644,0.34046023726402436
3,0.9297429203824757,0.20281152997797405,0.8784473953013279,0.32609605155999377
4,0.9440440383700817,0.15890778728312743,0.8881511746680286,0.31127480726472206
5,0.9551671301288236,0.12804919572522871,0.890194075587334,0.31602869287087554
6,0.9618636853754043,0.10888745754963118,0.8912155260469867,0.32253375837429066
7,0.9676522331309233,0.09366132803001244,0.890194075587334,0.32613951209038344
