epoch,acc,loss,val_acc,val_loss
0,0.5741119055861094,0.9115790527154553,0.8390393463336027,0.48532145355024325
1,0.8618771989490859,0.389369945116988,0.8753193666816793,0.32738754947421866
2,0.9329815003092884,0.19770552287806908,0.8753193666816793,0.3033569574614965
3,0.957155827834108,0.12467261304271951,0.8783852830795713,0.3113793768426503
4,0.971002156287178,0.08618321205738684,0.8814512002998064,0.32959918248361025
5,0.975655430657492,0.06756964910214368,0.8834951451132964,0.3285431985876118
