epoch,acc,loss,val_acc,val_loss
0,0.749829738865375,0.6239278794552763,0.8647268998677661,0.3716970434628195
1,0.9425652665934958,0.1654750062070288,0.8759571193675109,0.32506984032618264
2,0.978036322712763,0.0648864146833658,0.8749361927865901,0.36936248053148607
3,0.9888195233096059,0.03205227025961091,0.8728943360040479,0.4100252497007556
4,0.9950624289225775,0.015585931757978766,0.8785094419810893,0.45621155457206986
