epoch,acc,loss,val_acc,val_loss
0,0.7217934166126706,0.7671927069697558,0.8111281267473319,0.5191978747105951
1,0.8996027240688225,0.318241686691085,0.8473711078297185,0.3760707286957151
2,0.943019296200132,0.17737498421742073,0.8621745789580469,0.3453026097182293
3,0.9634506243717657,0.11372222744106028,0.8688106177229246,0.33600937077255505
4,0.9737230418624185,0.0791375470114079,0.8657478305866305,0.34299544251470193
5,0.9803632236907214,0.05817051931082458,0.8616641144049052,0.3602141781903579
6,0.9840522134074018,0.046786252795702754,0.8662582951093463,0.3753573170208456
