epoch,acc,loss,val_acc,val_loss
0,0.743033880039658,0.6134258306098846,0.8764044943820225,0.3398294508670275
1,0.9110720163475174,0.23967021928070473,0.8840653728294178,0.3195879601315044
2,0.9426820271301064,0.1599488493426556,0.8881511746680286,0.32835013508431393
3,0.9574371488632433,0.11942360416721942,0.8850868232890705,0.3624639628536855
4,0.9689007434345159,0.08888147769159806,0.8845760980592441,0.41474006053315243
