epoch,acc,loss,val_acc,val_loss
0,0.7565834278416281,0.5743805134201699,0.8545176111173118,0.3606367707556763
1,0.9767877412167093,0.07138739750212086,0.856049004715885,0.4027759798970254
2,0.9981838819523269,0.009038755090359629,0.8616641144961834,0.4497652359386681
3,0.9992622020431328,0.0036263699445103917,0.860643185450752,0.4745962166433252
