epoch,acc,loss,val_acc,val_loss
0,0.5873439274770583,0.9209597311415006,0.8177641655426356,0.6158122227105515
1,0.8185017027189188,0.5074264550790885,0.8601327208976103,0.38474095812435355
2,0.8817253122535386,0.3264910528730183,0.8657478306474827,0.33477542043158204
3,0.913620885235768,0.24377097172512505,0.8749361920867909,0.31944552418405514
4,0.9281498296171529,0.19703001852541588,0.8805513018062372,0.32256305967745214
5,0.9412599319902911,0.16889897821033448,0.8841245534956729,0.3165428409958567
6,0.9495459703663015,0.14597891753499273,0.8810617663898049,0.3219934857092444
7,0.9527241771662276,0.13752483891642459,0.8790199082685162,0.32399595211269056
8,0.9564131668693767,0.12156613016507412,0.8764675856853639,0.3366786330831848
