epoch,acc,loss,val_acc,val_loss
0,0.7193848600169476,0.8208537914671512,0.8277976504685505,0.5910871714186047
1,0.9010327997130252,0.37902088359974123,0.8594787921537596,0.40338779292243077
2,0.9430825106876553,0.20232058425805258,0.8732754227209896,0.3407514073986391
3,0.9641924868538112,0.12241879058890819,0.876341340428539,0.32340390872882224
4,0.9775280899079348,0.0776840720637312,0.8763413409158534,0.3261488701655174
5,0.9857564406840894,0.0524723714016925,0.8768523266319115,0.337009577313795
6,0.988764044815289,0.03811431837109307,0.8819621872036933,0.35019885982002724
