epoch,acc,loss,val_acc,val_loss
0,0.6684258311036468,0.755660071348362,0.8380173750233151,0.43628851767090676
1,0.8831006699760579,0.3157163606627874,0.8538579474801486,0.3572785742561855
2,0.9308251053409428,0.1933674920587504,0.8671435887678338,0.3238136246914637
3,0.950573147391775,0.13389514283152473,0.8748083808437926,0.3311477365180675
4,0.9650436952928316,0.09791951698161541,0.8625447134247957,0.37544931826935046
5,0.9707751675735009,0.08030362327876663,0.8748083793818494,0.36320488682558294
