epoch,acc,loss,val_acc,val_loss
0,0.5721824991082025,0.8977449152421199,0.8446601939615572,0.5044920087378428
1,0.8676086708644559,0.37624870955896705,0.86356668327314,0.35069066910458635
2,0.9360458518776609,0.19204011230040674,0.8727644349338451,0.333662695950492
3,0.9601634320464852,0.12059160952134228,0.8727644349338451,0.3386230181539065
4,0.9721371012964661,0.08751201471680613,0.8783852831709428,0.3497125860922301
5,0.9778685732930138,0.06873670274493454,0.8732754216549893,0.35761981646686897
