epoch,acc,loss,val_acc,val_loss
0,0.4896430398595096,1.0035864050762722,0.7012257404298169,0.8081534035481033
1,0.862947619246825,0.5242274545708577,0.8840653751429791,0.40621837176024855
2,0.9656092159445403,0.1789553438199513,0.8922369752889756,0.31259839786207105
3,0.9914306789749929,0.06925678224083541,0.8983656773771768,0.2976447456764615
4,0.9967084725167896,0.03511863510475805,0.8978549556785755,0.30325967785773894
5,0.998581238295216,0.019837778746708827,0.8953013266679337,0.3092199283613004
6,0.9986947392315987,0.013582288516063499,0.8932584286101383,0.31983401165919356
