epoch,acc,loss,val_acc,val_loss
0,0.4833730563323515,0.9991337306490552,0.7235564658029018,0.8162352475330545
1,0.8817954831490816,0.5181695819915781,0.8661216144118311,0.4213921994382043
2,0.9665191239916145,0.1679439153824555,0.8763413370173381,0.33843693939714814
3,0.9895585062839078,0.06513457694746771,0.8783852818308281,0.3288641207274211
4,0.996765407026592,0.03117312997116186,0.8753193660725364,0.335892535757519
5,0.9980705935762115,0.01842014646471974,0.878896268521515,0.34769952320053554
6,0.9990920440358643,0.012653029760980651,0.8794072542375732,0.35860708150317855
