epoch,acc,loss,val_acc,val_loss
0,0.7626262625992034,0.6453118939876502,0.8461931531808178,0.39480052975957713
1,0.9256043582224518,0.21999052290058124,0.8748083805696782,0.3175098994707781
2,0.9596527068234236,0.11830778437221703,0.8742973940617342,0.3311617636808523
3,0.973953013278856,0.0754458550528671,0.8783852833841428,0.3345116065452461
4,0.9831460674157303,0.05114406207708519,0.8783852833841428,0.35489128914547013
