epoch,acc,loss,val_acc,val_loss
0,0.704824063591194,0.6721060416417008,0.8453292497084298,0.38189100668465625
1,0.9293984108967083,0.19947819215553167,0.8662582950789202,0.345266252877823
2,0.970488081711781,0.08346398700785555,0.8657478305562045,0.3712106133188868
3,0.9843927355278093,0.04692659296780385,0.8667687596016359,0.40473555123519994
4,0.9888195232690125,0.03272881469098379,0.8728943338742239,0.4528401706704319
