epoch,acc,loss,val_acc,val_loss
0,0.4989784337740886,1.006126768973304,0.7110770780739583,0.8229570398226023
1,0.8710556186828656,0.5126077195572393,0.8534966841408523,0.42560941470770763
2,0.9639046537077792,0.17129522602958658,0.8688106160494915,0.33558642261791377
3,0.9885925088242694,0.06829625936003061,0.8698315456730179,0.3166926876204911
4,0.9965380247010005,0.03235864464899738,0.8703420101957335,0.318279632557832
5,0.9982973893303064,0.017921691579441883,0.8723838682865963,0.3259559755972784
6,0.9986946651532349,0.01231443524512882,0.8718734069586165,0.33281783148030225
