epoch,acc,loss,val_acc,val_loss
0,0.7223924639993217,0.6215678506041747,0.8676545737224631,0.3591703993054635
1,0.9416638292839844,0.16115954360952037,0.8691875317234377,0.34780939280469014
2,0.9807059357621155,0.05445378811410767,0.8727644351470453,0.4034834483873497
3,0.9904664623765748,0.029237215306804145,0.8696985182313817,0.4424285520444918
4,0.9930768357531706,0.019066162643954793,0.8656106286044016,0.4823643453247887
