epoch,acc,loss,val_acc,val_loss
0,0.7172531214799567,0.677295278731594,0.8432873916784192,0.3918579501300031
1,0.9236662882952089,0.21375814899886778,0.8790199082989423,0.3187728277909141
2,0.9630533484676504,0.10979789365061837,0.8831036244806676,0.3260348221366049
3,0.9763337116912599,0.06599471922308443,0.8774885147003691,0.3572953635481561
4,0.9858115777390228,0.042368492678602765,0.8718734049809228,0.40083621280299214
