epoch,acc,loss,val_acc,val_loss
0,0.5690692396358789,0.888815164268355,0.812659520376331,0.48583544018683594
1,0.8398978434680675,0.42066028690500507,0.8560490046854589,0.36691626144222245
2,0.9085130534567167,0.251733173922161,0.8591117917913268,0.3480895507572986
3,0.9353575481188554,0.17753476309383903,0.8601327208976103,0.34503050065576085
4,0.9544267877547343,0.1301437048091385,0.8652373660639149,0.3578816220400101
5,0.9595913733174933,0.11239910018836465,0.8606431853898999,0.373439245447022
6,0.9685584563808463,0.09051932976174165,0.8616641144353313,0.38751073534571434
