epoch,acc,loss,val_acc,val_loss
0,0.528206583441454,0.9634727930237839,0.8228688108306444,0.6070615332183819
1,0.8071509648668374,0.5130662217178085,0.8621745790493252,0.372894748779144
2,0.8862088535484202,0.3120402723043379,0.8739152630717856,0.32544405836727985
3,0.9205448352925217,0.22641721423990205,0.8800408373443735,0.3181166154897718
4,0.9421679910141277,0.16918570841752442,0.8851454825411043,0.31262135356588594
5,0.9508513054160336,0.14301592803366744,0.87953037288251,0.32004450832842074
6,0.9559023835196262,0.12163550908868619,0.8749361921172168,0.32938526490928566
7,0.9628830872653698,0.10622082321347498,0.8785094437762265,0.3372785874384286
