epoch,acc,loss,val_acc,val_loss
0,0.487968217758261,0.9907781206654906,0.8009188410699094,0.687422994997746
1,0.86566401791762,0.4034426548018223,0.8759571224101166,0.3359896974669481
2,0.9446651530455245,0.1563978004367614,0.874936186275414,0.32933872305294154
3,0.9678774118017528,0.0905730889245411,0.8836140928674925,0.3302254387010659
4,0.9793416573836232,0.06081129179910147,0.8723838694427865,0.34656084044786545
5,0.9826333710338147,0.04957355503817422,0.8754466565790804,0.3638003371758629
