epoch,acc,loss,val_acc,val_loss
0,0.4985245715650442,0.9842925971366939,0.8048032704030731,0.6504789376721799
1,0.8029168085212565,0.5320367188279683,0.8548799186381504,0.3932794703472373
2,0.8813415049302458,0.3290492922842212,0.8712314771460707,0.3395507571553477
3,0.9195324027528828,0.22621287084670277,0.8773633107641977,0.3343919679012357
4,0.9399046646981786,0.1745233049445195,0.8804292281976328,0.3250940248225499
5,0.9521053227836029,0.1402735828358907,0.8799182422988319,0.33130662824709195
6,0.9587447507713456,0.12034747189018867,0.8814512009089494,0.3363322813899528
7,0.9602769264337654,0.11018217040026936,0.8753193661639077,0.34590958553001355
