epoch,acc,loss,val_acc,val_loss
0,0.7355578257160579,0.6399682904497987,0.868165561814179,0.33782959290469367
1,0.9359323575986175,0.17974378230649948,0.8804292266443181,0.3015059023699592
2,0.9752014524724802,0.07284505002436525,0.8799182414155745,0.3315196446484306
3,0.9881965727638865,0.03530678228021595,0.8809402143096339,0.367937520915413
4,0.993303824764499,0.01940383016566351,0.8799182409282601,0.39959669251739216
