epoch,acc,loss,val_acc,val_loss
0,0.7571785268346833,0.6451689292571152,0.859989780367304,0.3960170056147422
1,0.9252638746817825,0.21869348560846458,0.8809402147055768,0.3244541818594896
2,0.9576098059041183,0.12142889133993091,0.8840061319258119,0.3172909731181471
3,0.9736692770197691,0.07787477285525624,0.8865610629426744,0.3288487256273787
4,0.9815571444784927,0.052153527446834456,0.8819621871123219,0.34808931662284665
5,0.9879695834752015,0.035430380039322106,0.8840061319258119,0.36938142416333447
