epoch,acc,loss,val_acc,val_loss
0,0.7355578254792899,0.6120313667027285,0.8645886558930851,0.3351206841460283
1,0.9576098058973534,0.12240310544161828,0.8702095047393257,0.332431135018626
2,0.9918283963227783,0.029609372559015263,0.8666326013157182,0.38670331321934626
3,0.9960276926569062,0.013167652536355675,0.8635666840954831,0.4313829612780665
4,0.9973896266031097,0.008734200524319148,0.8610117527740491,0.48382517485272597
