epoch,acc,loss,val_acc,val_loss
0,0.7153558052502105,0.6573009736055467,0.8538579458354625,0.3876965351033467
1,0.9104528430506423,0.23587566792403458,0.8661216147468598,0.3537535136246718
2,0.9598229486208175,0.11239572044158817,0.8712314767501278,0.4008467507928869
3,0.9757689252071274,0.06492052964864893,0.858456821665815,0.457514370502747
4,0.9826920894336625,0.048817189808395015,0.8691875319366377,0.44569186319577553
