epoch,acc,loss,val_acc,val_loss
0,0.6170478409592663,0.8678084851143397,0.8345250248056632,0.5246113532653747
1,0.8498382609626991,0.4117336102406315,0.8758937699436776,0.34093057092534146
2,0.906021224340227,0.2603300935016115,0.8764044953561535,0.31825346119922565
3,0.9360989726812221,0.182483932809387,0.8871297236604272,0.29991155116989127
4,0.9503433406572865,0.13645792022921646,0.8891726245797326,0.3051613885547825
5,0.9610124285453416,0.10802033447352002,0.8886619015417011,0.3235596494789143
6,0.9686169912187149,0.09083752532549164,0.8968335016876977,0.3233723559162833
