epoch,acc,loss,val_acc,val_loss
0,0.596197502891809,0.9251087277890876,0.8540071460469272,0.5751424776832323
1,0.9275822928355041,0.27048635466889004,0.8887187318573075,0.30737873968145807
2,0.9859818385489006,0.06207289057070227,0.8887187318573075,0.2911601495824948
3,0.9977866059940871,0.020152370224915082,0.8887187356301386,0.29615421374882284
4,0.9987514188422247,0.010652995539805879,0.8846350181400928,0.3095462925735939
5,0.9995459704880817,0.006155233809705422,0.8851454826628085,0.3236486892453136
