epoch,acc,loss,val_acc,val_loss
0,0.7528376844900826,0.5949210910534615,0.8677896888904757,0.34973936071196277
1,0.9379114643263627,0.17415386525138146,0.8774885147916474,0.33324777051585863
2,0.9713961408303355,0.08058166710594321,0.8769780502689317,0.3534074790810005
3,0.9842224745420267,0.04344573005205116,0.8631955081556085,0.43932615362788535
4,0.9913734392058972,0.02640039435292887,0.8820826954656623,0.4457261971882133
