epoch,acc,loss,val_acc,val_loss
0,0.48992679161866065,0.9857502464241178,0.8176710874725046,0.6355408587178122
1,0.8627773680993278,0.39622137119960693,0.8876404518126467,0.31471235585894597
2,0.9431360309331414,0.1602113534471828,0.8850868273073611,0.30998990021881945
3,0.9683899889535689,0.09153317976027353,0.8820224719709956,0.3293519141542534
4,0.980704840879206,0.05687745582342155,0.8840653768477085,0.3491495634610855
5,0.9839963678381147,0.0469780945538913,0.8784473943880801,0.3744429056442308
