epoch,acc,loss,val_acc,val_loss
0,0.7237797957137819,0.8370762610949669,0.8095967331791849,0.5977156577881896
1,0.884392735500747,0.3910529985398088,0.8483920368751499,0.4042774342559563
2,0.9276958002134836,0.22766294629903983,0.8616641144353313,0.3457739272246621
3,0.9497729852440409,0.15416344481348043,0.8688106177229246,0.3239473964089091
4,0.9628830874006811,0.11328574698524091,0.8739152630109335,0.3206195287357002
5,0.9699205448354143,0.0864362361207689,0.8703420113519237,0.3253645408877674
6,0.9768444948786369,0.06781757985591617,0.8723838694427865,0.3377141392142752
7,0.9800227014755959,0.057120492806178216,0.874425727503223,0.3426606044622025
