epoch,acc,loss,val_acc,val_loss
0,0.5709340596304566,0.9320238423582888,0.8114460911382871,0.6380110625168104
1,0.818635796231534,0.5095386768954118,0.8400613179180045,0.4019048761882889
2,0.8795255931102111,0.3317310762904638,0.8620337254853655,0.3461564121864009
3,0.9123822495082548,0.24892722681247612,0.8671435869099476,0.3282350269305688
4,0.9292361819098748,0.2020412619627235,0.8748083799605353,0.32153389306323044
5,0.9385994779997334,0.1712491176967493,0.8763413382660813,0.3262601747964192
6,0.9460333675102132,0.15293702352616562,0.8824731730111229,0.32305004368129286
7,0.9544887072165185,0.13039901941226595,0.8814512002998064,0.3366116170500637
