epoch,acc,loss,val_acc,val_loss
0,0.661010215650487,0.7573790945882288,0.8621745788667687,0.38878952927465277
1,0.9082860385654462,0.2627976430125458,0.8734047983969396,0.3238905888695447
2,0.9591940976163451,0.1231409457557656,0.8698315467379298,0.3395666943453233
3,0.9750283768444948,0.07875671631114285,0.8825931597753957,0.35288458491327085
4,0.9855845629965948,0.0453910956229004,0.8769780500255232,0.39100126473346253
