epoch,acc,loss,val_acc,val_loss
0,0.4867778912858029,0.9883042386273306,0.8012263705734093,0.6755337836063816
1,0.8633526276478688,0.4017771256049826,0.8615227365103922,0.36145308210219906
2,0.941493587770712,0.16538283618695754,0.8656106339344031,0.35243784441714027
3,0.9671433438860779,0.09329607371790917,0.8676545737224631,0.3721924056249062
4,0.9799682212638985,0.059125137100282235,0.8681655599258357,0.3985796925603704
5,0.9833163094566569,0.04759567546475463,0.867143589194234,0.4249411806593638
