epoch,acc,loss,val_acc,val_loss
0,0.5965838156984689,0.9088008166942461,0.8165559525628692,0.611641518973427
1,0.8219271365812317,0.48322863691633233,0.8477261114863638,0.397638691403638
2,0.8836113947052892,0.3205456999221978,0.86356668348634,0.35285697095419716
3,0.9153331064458143,0.2389216927891624,0.8707204908513267,0.33008803922909524
4,0.9311655885974904,0.2010888478573572,0.8737864075537902,0.3323569832389673
5,0.9388832142655851,0.17083746757670762,0.8814512002998064,0.3295059185827272
6,0.9494949493596535,0.14304709539532784,0.8804292287154044,0.3421039418733784
7,0.955283168658078,0.12950203286750459,0.8788962701052869,0.34928781142878057
8,0.958801498255872,0.12072365351241991,0.8814512006043779,0.34991401583184745
