epoch,acc,loss,val_acc,val_loss
0,0.551929625466246,0.9137117060034554,0.8412455336179826,0.5185608985534793
1,0.8625425651449621,0.38441809538274024,0.8652373661856191,0.3466350888646093
2,0.9332576618292004,0.19656340985069481,0.8708524759659175,0.32683737595024126
3,0.961237230284666,0.11680204991619109,0.8759571211322221,0.33149178655491973
4,0.9694665151881847,0.09027650660912376,0.8744257275945012,0.3497260221873941
5,0.977525539024734,0.06767075194910625,0.8734047985794959,0.38284905109556433
