epoch,acc,loss,val_acc,val_loss
0,0.7506242906871367,0.5980183228393688,0.8580908627458955,0.3613488088994686
1,0.9337116912193385,0.17852248451360644,0.8647269015107731,0.3318055803265238
2,0.9692395006487237,0.08468736022643145,0.8693210822760663,0.3688529857556512
3,0.9842792280145184,0.044533032944233546,0.8667687596016359,0.4282854237023697
4,0.9914869465838767,0.02474514012152031,0.8591117917913268,0.5101400742905368
