epoch,acc,loss,val_acc,val_loss
0,0.5656072645533775,0.8940415779118099,0.8448187853986965,0.4696847384167058
1,0.8417707150017634,0.4171559677153792,0.8723838695949166,0.3544048200218333
2,0.9088535753606262,0.2495533504293942,0.8698315469204863,0.34135073948235095
3,0.9387627694582426,0.17163722239409349,0.8718734050113489,0.34799352578814996
4,0.9552780930895811,0.12963931429940914,0.8774885147003691,0.34278525571058815
5,0.9631668557103187,0.10297200072062002,0.8703420114432019,0.3670734338093437
