epoch,acc,loss,val_acc,val_loss
0,0.7187038929829627,0.7684856462649111,0.8431272356560112,0.5060320458487704
1,0.8985926683570616,0.3234847415868168,0.8737864075537902,0.3506061983583652
2,0.9412098511869149,0.1791625280187317,0.8819621874168934,0.31216322067567265
3,0.9616388604611467,0.1172346935832951,0.8824731736202659,0.30332731858741036
4,0.9736125297111274,0.08112132497704296,0.8804292288067759,0.310679342690998
5,0.9804789467440224,0.06105828946983756,0.885539090840501,0.31790891032348073
6,0.9842242651231415,0.045650781207327816,0.8819621865031788,0.333747448181704
