epoch,acc,loss,val_acc,val_loss
0,0.5749631143295458,0.8884093909390248,0.8216658146879657,0.48042897585404426
1,0.8441720575943206,0.41262535922184473,0.8548799178158073,0.3639747662908518
2,0.9091476563319028,0.24950208251017092,0.8737864072492187,0.33405076936610695
3,0.9400181589839868,0.16707885435823278,0.8691875320280091,0.35360965645916315
4,0.9561343776112232,0.12271418872911616,0.8676545731133202,0.3550226282391185
5,0.9628305525828972,0.10446369265261228,0.8676545731133202,0.3769879055894268
