epoch,acc,loss,val_acc,val_loss
0,0.47531494736035557,0.994405204464258,0.7925396073089915,0.6860593768121274
1,0.8633526271134496,0.40997865852913484,0.8676545764940639,0.336398912301524
2,0.9437067305415298,0.1633549128338693,0.8732754197057315,0.316118619045434
3,0.97151288149671,0.0888543761890344,0.876852318682595,0.3235803780259682
4,0.9805356938903089,0.0585545999256,0.8702095030641824,0.34765249228806416
5,0.9834865510511068,0.04627964821001577,0.8748083822448216,0.36290042188378335
