epoch,acc,loss,val_acc,val_loss
0,0.728433598197413,0.6172520636497372,0.8693210823369184,0.34200978174143876
1,0.9452326901248581,0.15489230761801345,0.8769780502080796,0.32495892857215186
2,0.9830874006675131,0.052218605584711274,0.8785094438066526,0.3817967896926397
3,0.9899545970488082,0.030098003536149876,0.8790199082685162,0.40957516906454955
4,0.992338251972848,0.023190550130625993,0.8667687597537661,0.4573502337342321
