epoch,acc,loss,val_acc,val_loss
0,0.6671396143049442,0.7622530315574534,0.8468606408424922,0.43305197803873136
1,0.8793416570047515,0.3242121287358335,0.856049004715885,0.36560799373906144
2,0.9294551648021963,0.19628900575042446,0.8785094431372794,0.33292363531556646
3,0.9515323495891931,0.13468105346810127,0.8815722296954783,0.3233332312825141
4,0.9614642450812185,0.10380098381662206,0.8815722291173833,0.33392605147476156
5,0.9704313282122271,0.08182954809857822,0.8841245536173772,0.347424444052685
6,0.9787741201825093,0.06162261031018348,0.8795303702962952,0.3829050143194661
