epoch,acc,loss,val_acc,val_loss
0,0.7301362088265132,0.6429873480158145,0.868810617935907,0.36864912549472084
1,0.9371736662341842,0.17837341686924255,0.8769780502993577,0.3228187089279149
2,0.9770147561756355,0.06998564541745808,0.882082693640099,0.34807330642262546
3,0.9877412030428953,0.0359023590674719,0.8815722328902142,0.3813422870246533
4,0.9933598183881952,0.019375155867784623,0.8841245549256975,0.4231989235826875
