epoch,acc,loss,val_acc,val_loss
0,0.4979568672504923,0.9931036869459337,0.8106176621941902,0.7321440839475366
1,0.8640181614646305,0.4450568660975314,0.8683001539912863,0.3612993492527602
2,0.9465380253234327,0.1726281947364331,0.8836140904029819,0.31543908982084623
3,0.9748581159534303,0.0883984520371737,0.8836140904029819,0.3135821149932176
4,0.9849602727289233,0.0537702718375422,0.8800408374356518,0.3289439498069884
5,0.9896140752260856,0.03615586643152691,0.8790199070819,0.35400648129844375
6,0.991486946516221,0.029999137997931708,0.8769780489910373,0.35662060037384596
