epoch,acc,loss,val_acc,val_loss
0,0.4080694584824308,1.0694459479481013,0.47623913874112045,0.998502942695871
1,0.6851662693412252,0.8416721257323535,0.8185999020667605,0.6593117635044201
2,0.8687436157790368,0.4624677858109399,0.8543689290844912,0.41658802232269615
3,0.9204403585749579,0.2594645456208529,0.860500766875248,0.3518015575092181
4,0.9514243557022644,0.16276745105314683,0.8727644296343009,0.3321162669190839
5,0.9660083987617882,0.11840791892817987,0.8686765494794948,0.333161944233159
6,0.9761094084163215,0.08716277250748002,0.872253446781215,0.34290157184652
7,0.9773578478670082,0.07282727994866126,0.8737864131883631,0.3481920441773453
