epoch,acc,loss,val_acc,val_loss
0,0.7177959368700013,0.6572597895086915,0.8569238630556975,0.3721366323450724
1,0.9294064237681519,0.20237337311237438,0.8625447113232523,0.3570894802414646
2,0.9732720462854598,0.0787009573908889,0.8599897803063897,0.40910394545349466
3,0.9860969242788771,0.04266489284087047,0.86152273888605,0.46016956455377395
4,0.9909204403383483,0.0300818948727767,0.8625447113232523,0.48379994882389665
