epoch,acc,loss,val_acc,val_loss
0,0.6167290885850826,0.8700235142175841,0.8165559533547551,0.5419463684014294
1,0.8534218590127773,0.4118100441506063,0.8589678083869591,0.35872624439125955
2,0.908920667537048,0.25412922269260824,0.8742973920515623,0.32641025450257666
3,0.9348541594650239,0.18476262117095818,0.8763413409158534,0.31327518800965487
4,0.9500624217357664,0.13696437442110584,0.8860500787799311,0.31507924470172954
5,0.9599931906482145,0.10687830784259678,0.8783852857293435,0.32764386183519906
6,0.9708886622178434,0.08495606092630213,0.8829841610723816,0.33510746044289047
