epoch,acc,loss,val_acc,val_loss
0,0.7157775258233139,0.8161458654382037,0.823379275840177,0.5894486497043651
1,0.9007945516729192,0.37364920412235714,0.8519652860696489,0.41181242755020436
2,0.9451191824221313,0.20138620709858743,0.8631955074558093,0.35442681273615684
3,0.965550510999699,0.12075831290846109,0.8672792249458551,0.3330926326022214
4,0.9759364360442362,0.0797589778781749,0.8703420107738287,0.3376725782631246
5,0.9846197500131457,0.05296889218194125,0.8703420120821491,0.3523773330854725
6,0.9881384791770398,0.03850932467927592,0.8693210817283973,0.35590081040867744
