epoch,acc,loss,val_acc,val_loss
0,0.7485529451483347,0.6012131239753375,0.8620337248762225,0.3355395774879075
1,0.9364430824293206,0.17885879589380654,0.8691875314188662,0.33187864148226937
2,0.9693564861021821,0.08669731912612509,0.8753193658593362,0.3286303061121998
3,0.9834298036274636,0.04583380167796276,0.8783852836887144,0.37119252228225197
4,0.9908636931108841,0.026645737099312748,0.8742973940617342,0.43287883264164445
5,0.9937010554717491,0.01792181103714694,0.8727644354516167,0.48303722927901716
