epoch,acc,loss,val_acc,val_loss
0,0.5186719637182324,0.9811183032735117,0.8315467050088918,0.6929780383874349
1,0.8740068102397117,0.4199154204191063,0.8754466580395311,0.34713397215007824
2,0.9500567534995539,0.16826784949026638,0.8902501286201906,0.3013322902629423
3,0.9769580023107409,0.08342935016355504,0.8846350181400928,0.3105311739377795
4,0.9862088533048597,0.04984333921862379,0.8841245543476025,0.3167723015125702
5,0.9892735525103081,0.03724281527651696,0.8846350175619977,0.32678710234566816
