epoch,acc,loss,val_acc,val_loss
0,0.739019407572263,0.6604266068665073,0.8216658150229944,0.4378770120483792
1,0.8924639655314973,0.28707244843092344,0.856412876852325,0.3718346668122737
2,0.9311088412347304,0.1925615229362825,0.8635666836995401,0.3555483527055156
3,0.9465440926115083,0.1453106745078884,0.8727644353602453,0.35488533079015033
4,0.9615253660535721,0.11223110369471223,0.8753193663771078,0.36729143936839953
5,0.9636250141665176,0.09803358644911697,0.8768523249872253,0.37070444253866747
6,0.9718533651117921,0.08140960593512632,0.8753193663771078,0.3863532338548389
