epoch,acc,loss,val_acc,val_loss
0,0.7361252980651115,0.6267759334877337,0.8605007655351333,0.3638234823317813
1,0.940755873272495,0.16640993306036367,0.8640776684714265,0.3413323950085277
2,0.9781523097821038,0.06528293621460922,0.8768523225811105,0.37565500524863943
3,0.9897287478783577,0.029813059763045335,0.8783852857293435,0.395098850321392
4,0.9946090116117696,0.01672142937495305,0.876341340428539,0.4670754611705357
