epoch,acc,loss,val_acc,val_loss
0,0.7561570763885603,0.6507783590793448,0.8421052633406376,0.40439619190180004
1,0.9252071274678481,0.22136268067368042,0.863055697374339,0.3452366856695379
2,0.9576665532059951,0.11731790299245656,0.8702095045261257,0.3587428970975296
3,0.9755419362160935,0.07470882755984647,0.8742973943663057,0.3771590038745697
4,0.9841107706276245,0.048235899630857684,0.8671435870013191,0.39931659570261724
