epoch,acc,loss,val_acc,val_loss
0,0.5629965948598474,0.9368734889891037,0.8126595205588873,0.6490109231534085
1,0.8186719637182325,0.5093404624911362,0.8448187853378444,0.413909932540472
2,0.8818388194014888,0.32749115637631476,0.8626850436633189,0.3571283520332948
3,0.9114074914328221,0.24677341805007752,0.871873405041775,0.33291272629640006
4,0.929511918288219,0.1993120647924577,0.8734047986099219,0.33396502831811015
5,0.9433030647939233,0.1636955094188621,0.8698315469813384,0.3468471968459986
6,0.9484108967218172,0.14639021384864875,0.8785094438066526,0.33995967834138213
