epoch,acc,loss,val_acc,val_loss
0,0.7120885357548241,0.7378489530316547,0.8182746299436471,0.4877205589950663
1,0.8770715096210648,0.341928128277403,0.8534966820110284,0.3791990379492442
2,0.917082860372394,0.22890003372943632,0.8586013272381852,0.34955887404432584
3,0.934449489216799,0.1809819025861757,0.8677896886470672,0.33974903195168427
4,0.9487514188151625,0.1459248856657209,0.8672792241243515,0.3379758407702672
5,0.9589103291713962,0.11947570622102627,0.8703420112302195,0.3480664887572503
6,0.962599318942201,0.10735404668851553,0.8759571210105179,0.3441264340772867
7,0.9687287173530977,0.08995645858990145,0.8723838693515082,0.35299344706924796
