epoch,acc,loss,val_acc,val_loss
0,0.7398978433327561,0.6283931960447963,0.8662582950484942,0.35465293013285837
1,0.9418274687719399,0.173024042984143,0.8779989790709546,0.3138065406079953
2,0.9809875141884222,0.06294131275270637,0.877488514548239,0.32540858237927606
3,0.9913734392735528,0.031870905327040885,0.8703420112302195,0.33864063617828977
4,0.9913734392735528,0.02546231509561605,0.8744257274119449,0.3624284908768777
