epoch,acc,loss,val_acc,val_loss
0,0.4166288308334134,1.0763088132682912,0.4624808590560619,1.0166707164234747
1,0.6947219071133859,0.8595474474005207,0.8289943847989719,0.6608334516553991
2,0.8621452897279677,0.4663391108004108,0.8560490065718743,0.40204970475482116
3,0.9184449487728374,0.25932205666478186,0.8744257249170082,0.33540243094462774
4,0.9498864923919912,0.16548966346615154,0.8718734093927011,0.3174422609830402
5,0.9639046540189953,0.11746463771913704,0.8749361933646852,0.3163471927199819
6,0.973269012526405,0.09108132315750966,0.8815722263790382,0.32238532612675486
7,0.9788876276010823,0.07188751471570347,0.8759571224101166,0.33301288858550493
8,0.9837684452601377,0.05633781718747705,0.8754466565790804,0.3384218076134653
