epoch,acc,loss,val_acc,val_loss
0,0.7296561116582891,0.6698878649776524,0.8446601946620717,0.4064448952796694
1,0.926796050391556,0.20760772107421654,0.8671435875190906,0.34934869997953355
2,0.963511519691295,0.10475396552164247,0.8650996418832575,0.3763794846752802
3,0.9780388151174668,0.06271493241559592,0.8702095039169826,0.4126685726502506
4,0.9864374077857224,0.041991165012878855,0.8712314771460707,0.43689656292655116
