epoch,acc,loss,val_acc,val_loss
0,0.5591373438596996,0.9154883466838573,0.8371618175883875,0.5155007384941857
1,0.8617480135261674,0.38203622030345863,0.8718734050113489,0.3452412875529879
2,0.9341657208665681,0.19237829582780497,0.867279224337334,0.3334703464602986
3,0.9597616344385872,0.12335626814645481,0.8708524759659175,0.344139233771607
4,0.9718501702069424,0.08415341863702563,0.8718734050113489,0.3499079075408505
5,0.9768444949733548,0.06878384661762452,0.8728943340263542,0.3695254720644783
