epoch,acc,loss,val_acc,val_loss
0,0.5708773125179941,0.8906622355377454,0.8405723049437201,0.4718998256056176
1,0.8426398820130783,0.4119183139110475,0.863055697374339,0.354089545789396
2,0.908353194761812,0.25341925026677464,0.8748083797473352,0.3385898081179352
3,0.9365565770804279,0.17734004884379878,0.8737864073405902,0.3344898847334837
4,0.9539779819866921,0.1312450791229564,0.8712314766282991,0.33566274172990496
5,0.9608443989925278,0.10819703767642898,0.8656106283912015,0.3546250668879242
6,0.9661218930340668,0.09210619959194265,0.86561062808663,0.37841661502100343
