epoch,acc,loss,val_acc,val_loss
0,0.5937570940893435,0.8983584514946997,0.8356304251155785,0.5499377088196244
1,0.9353007942268986,0.24857112288678004,0.8774885129356579,0.3198303689513662
2,0.9895573212258797,0.05433565433159318,0.8887187337437231,0.30006211229341867
3,0.9979001132367553,0.019362363032362384,0.8876978046982917,0.30852712746357785
4,0.9993189557321226,0.00947241916275762,0.8866768769611808,0.3209536913221378
5,0.9993189557321226,0.0060269453589224115,0.8871873382891606,0.3263512931501701
