epoch,acc,loss,val_acc,val_loss
0,0.7101918056703644,0.6590789543311938,0.8589678078691876,0.36572939413326033
1,0.9106230847736233,0.23711637498612384,0.8666326009502323,0.3263886226003244
2,0.9594824651004427,0.11240771521128491,0.8650996423401148,0.3586449982197722
3,0.9754851889480406,0.06903097022381033,0.8712314767805849,0.39239298277018203
4,0.9820111224605607,0.048904405258221345,0.8691875319670949,0.4272418560029051
