epoch,acc,loss,val_acc,val_loss
0,0.7182746878547106,0.6638650646545289,0.8713629402756509,0.34804173258873444
1,0.9311577752418605,0.1990786100962917,0.8825931597753957,0.30215315157172024
2,0.9716231555051078,0.08291974125449016,0.8657478305257784,0.34946616583861767
3,0.9841657207718502,0.04618009347616611,0.8825931598058216,0.3714511485018251
4,0.9897275822928491,0.030216109126100104,0.8779989791318067,0.415959316212161
