epoch,acc,loss,val_acc,val_loss
0,0.5305902383249004,0.9838718151667332,0.7907095476946945,0.7163230815123636
1,0.8732122585938548,0.42630694522760243,0.856559470546921,0.36814637268423245
2,0.9498297391495288,0.16485434027386578,0.8693210817283973,0.33776697268468986
3,0.9770147563109468,0.0860693292774759,0.8580908622286525,0.35051446106435086
4,0.9848467653509436,0.05337455578816465,0.8652373642383515,0.36522065091644274
5,0.9889897842006705,0.0391040466370634,0.8642164370793357,0.37437351322587864
