epoch,acc,loss,val_acc,val_loss
0,0.7314567842444823,0.6381080967432443,0.8728294157032095,0.3386447285059402
1,0.9422280233778103,0.166511875507875,0.8922369788202007,0.3169595129765091
2,0.9774133133317263,0.06736530560722524,0.8855975508324582,0.3772949352327723
3,0.9900686681307808,0.029586941717949067,0.8820224735539586,0.4054294591113179
4,0.9941547014481783,0.017485505667719694,0.8810010202327958,0.47026199242433075
