epoch,acc,loss,val_acc,val_loss
0,0.7616912599454267,0.583531519070386,0.8764675863547371,0.3387742977229961
1,0.9599886496140115,0.11838493088046755,0.8774885148220734,0.34125292292050163
2,0.9891600451323285,0.031177569078820654,0.8754466548447952,0.3965345508228339
3,0.9969920543482301,0.010196919460378156,0.8769780484129422,0.44732000806186806
