epoch,acc,loss,val_acc,val_loss
0,0.7285211667572379,0.6745941406643332,0.8492590704010529,0.3840863876307443
1,0.9253773692314179,0.2120802052147393,0.8742973937571628,0.33309732404179154
2,0.963625014220636,0.10765266677887077,0.8753193661639077,0.3425689209128864
3,0.9772443536285537,0.06693725909091952,0.8727644351470453,0.36822789557198204
4,0.9856429463171036,0.04160656686544574,0.8824731730111229,0.3980333990720565
