epoch,acc,loss,val_acc,val_loss
0,0.7135641316414962,0.739409496172603,0.8586013272077591,0.4374272116080056
1,0.9190692394735053,0.26061129976617897,0.8744257274119449,0.33242789546009716
2,0.9674233825063326,0.11861714922678186,0.8790199081163859,0.3139632742522991
3,0.9821793416572078,0.06838870182481174,0.8754466564573762,0.3136243642882585
4,0.9895573212258797,0.04230793664035272,0.8744257274119449,0.32083506385105004
5,0.9910896708286039,0.03307140152689987,0.8708524757529351,0.3348712778558471
6,0.9933598183881952,0.024965485210755627,0.8744257274119449,0.3454205118169159
