epoch,acc,loss,val_acc,val_loss
0,0.6437205607081561,0.7861412118738338,0.865679264555669,0.3899646130170715
1,0.9031269508041092,0.2850606060245915,0.8799795709299237,0.3162194283277679
2,0.9568128937097556,0.13124832180130733,0.8896833502966245,0.3212592209688368
3,0.9765053061687758,0.07306961834814513,0.8799795709299237,0.37272107954288286
4,0.9850178763974803,0.04824474057401798,0.8794688457609806,0.4113361271016444
