epoch,acc,loss,val_acc,val_loss
0,0.6271705825379428,0.8938107997764186,0.8436382242350415,0.6062259951536912
1,0.9020542505988602,0.37332195093623355,0.8661216127976021,0.37737948539979493
2,0.9596527065866557,0.173022320186046,0.8737864084370476,0.3260122341316576
3,0.981443650280627,0.09461755635566277,0.8753193670471652,0.31104896488272543
4,0.9881398252184769,0.05936811976248933,0.8758303542251665,0.3051397929279306
5,0.9935875613212369,0.0411117494608579,0.8768523225811105,0.3079472210374363
6,0.9951197369904216,0.031209464706569292,0.8768523261445971,0.3075145751039898
7,0.9956304620714224,0.025921854489765053,0.8763413394539101,0.3146921899559916
