epoch,acc,loss,val_acc,val_loss
0,0.7101350584429004,0.6575256310679858,0.8564128769132393,0.38085536321450936
1,0.9121552604698672,0.23348674549637785,0.8594787941030172,0.35407742810724463
2,0.9610146407696273,0.11089326046900208,0.8579458354624425,0.39478367228988
3,0.9762229031891954,0.06368594415641872,0.8538579458659196,0.45123700764816393
4,0.9821246169560777,0.04777729623950384,0.8523249872558021,0.4816538020854223
