epoch,acc,loss,val_acc,val_loss
0,0.6770330851846964,0.8560676336031375,0.8432073559045061,0.6085181637487324
1,0.8751489699722371,0.44300725830480087,0.8697650665160462,0.4029574358000575
2,0.923727370615505,0.2604886756217424,0.891215525499038,0.3280125582729589
3,0.9464275581558922,0.17482765831523014,0.8968335045492076,0.30100018333974726
4,0.9591396630307574,0.1244123916825448,0.8988764054685131,0.29204094714358586
5,0.9706600078774137,0.09145183496062612,0.8968335023574128,0.2984665157359029
6,0.9766188071694278,0.07256974710886104,0.8932584257486283,0.30461225562003097
7,0.9804210884063281,0.05872825172144549,0.8912155248293229,0.31640505267115
