epoch,acc,loss,val_acc,val_loss
0,0.6760867101057557,0.8569870072032953,0.8216658129519081,0.6277081586599472
1,0.8736806267196184,0.44456904113204754,0.8671435852043472,0.42292625418596264
2,0.9190216776989413,0.26471103794281686,0.8742973946404201,0.3513442926950216
3,0.9440472136221927,0.17751140879990768,0.8860500787799311,0.3155157228605322
4,0.9598229489049391,0.12449540012324659,0.8901379674322824,0.3060810349398142
5,0.9698672111831828,0.0932577530336683,0.8911599388643985,0.2958780768487791
6,0.9750879585519712,0.07347617093644906,0.8875830364154198,0.2983362678367993
7,0.9812166607348796,0.05909836327782041,0.887583035440791,0.3089408934664592
8,0.9847349900756112,0.047370211288608605,0.8870720502120473,0.3188690783633952
