epoch,acc,loss,val_acc,val_loss
0,0.6859607309180807,0.7382868461428402,0.8605007665097623,0.3884412457459303
1,0.9161843150945436,0.24946502401736495,0.8696985181552388,0.3380210600949455
2,0.9636817614278056,0.11626248914698117,0.8763413388447672,0.34843985545251466
3,0.9761661559211424,0.07067834500076686,0.8732754215788464,0.37773552620721584
4,0.9847349903326735,0.04847237743558211,0.8712314767805849,0.41134383633359695
