epoch,acc,loss,val_acc,val_loss
0,0.6206798706326107,0.8859433128420959,0.8467824311738603,0.5767581680821934
1,0.8652176380488965,0.431493614006581,0.8804902962815165,0.3706444970068576
2,0.9287214119550312,0.2406137444264542,0.8855975482144809,0.3192142739176628
3,0.9562453890244594,0.15489409650401592,0.888661899593439,0.3085715705272004
4,0.9697520004540038,0.11002681054127121,0.8912155257425708,0.3011983692402494
5,0.9787753248964304,0.08140980590329992,0.8922369762022234,0.30333886932547416
6,0.9802508370694059,0.06875640402568786,0.8876404499252678,0.30378356405492946
7,0.985188127805437,0.05546377437678323,0.8830439228568306,0.30927773731721675
