epoch,acc,loss,val_acc,val_loss
0,0.7600454029782541,0.6495993939282269,0.8483920368751499,0.4062857588314779
1,0.9233257661748013,0.22125715471880256,0.8667687596320619,0.3314939648932252
2,0.9574347332576617,0.12157686205747856,0.869831546829208,0.32917098832592906
3,0.9728149829738933,0.07899228530670606,0.8708524758442133,0.34096888423483246
4,0.9828036322360953,0.050580900934578746,0.8693210823369184,0.3619698976651937
5,0.9869466515323496,0.035692500707425946,0.8647269016020513,0.388325630409064
