epoch,acc,loss,val_acc,val_loss
0,0.6449324708089914,0.8479240851252916,0.8088911599995959,0.5955521622420453
1,0.834127794774893,0.4728870353759884,0.839039345998574,0.43247428888195194
2,0.8762342526184527,0.3395319030799953,0.8523249872558021,0.38834552214836426
3,0.9008058109519944,0.27542371285846534,0.8553909044760372,0.372766986146653
4,0.9168085347995925,0.22966986652089497,0.8599897803063897,0.3653109740955097
5,0.9262853251414352,0.19972347212682015,0.8681655595603498,0.36315611449503815
6,0.935989104508136,0.17804780572182663,0.8676545733569774,0.3636790782928954
7,0.9412098513560349,0.16526489320522186,0.8686765457637223,0.3674665003268769
8,0.9455793894334381,0.15117303090155862,0.8691875319670949,0.3673500321352427
