epoch,acc,loss,val_acc,val_loss
0,0.689387060131848,0.8326133985930756,0.826952527103648,0.5878146519278798
1,0.8847900113642689,0.38529069458179926,0.8586013274207415,0.39750322132100857
2,0.9288876276958002,0.22327841259496842,0.870342011504054,0.3410951510687882
3,0.9505675368898978,0.1521847888607443,0.8769780502993577,0.32424946668623905
4,0.9619182746878547,0.11167879906037947,0.8805513019583674,0.3221901275479958
5,0.9715096481271283,0.08647068716568722,0.8810617664810831,0.32578630426697974
6,0.977639046538025,0.06630620974761928,0.8795303729129361,0.3282700034658053
7,0.9811010215664018,0.05636811090314023,0.8805513019583674,0.3340903192591217
