epoch,acc,loss,val_acc,val_loss
0,0.631029395067574,0.8813429734193025,0.8385283598256587,0.5984575716463595
1,0.8643740778910479,0.4271532744017027,0.8712314765369277,0.3917954843691191
2,0.9284984678040161,0.24381261810638377,0.8773633109773978,0.3327876977245602
3,0.9567018499399825,0.15585347841112315,0.8860500767393019,0.3032487356272899
4,0.9698104641721923,0.10972834288424524,0.8911599384684555,0.2910390287927053
5,0.9762229031891954,0.08604199473195741,0.8824731736202659,0.2987763610843133
6,0.9813869027352173,0.06777545153687117,0.8778742977899133,0.3039973279348002
7,0.9836567926252623,0.05745848279601531,0.8814512002998064,0.2941773642324707
