epoch,acc,loss,val_acc,val_loss
0,0.5070942110831297,0.9957904938265901,0.7764165384420149,0.8001814745956078
1,0.8947786608159068,0.48142574522200293,0.8494129653424861,0.4187428748473761
2,0.9648694662852942,0.16206222049697439,0.8611536487868515,0.3465728636996487
3,0.991146424246971,0.06380680777242452,0.8672792249458551,0.33560002747696843
4,0.9964812712826334,0.03284686170095551,0.8688106153192662,0.335494153319481
5,0.9984676501266532,0.01964200232495109,0.8657478300693876,0.3410184693738111
6,0.9987514188422247,0.013463946644990588,0.8703420094655082,0.35203910557027374
7,0.9993189554615,0.009676169703855146,0.8698315481375285,0.358567046900073
