epoch,acc,loss,val_acc,val_loss
0,0.7193848598478276,0.67964722685099,0.8605007665706765,0.357880209271373
1,0.926796050391556,0.2118595050777443,0.8799182416896888,0.30664118969081067
2,0.9629440472475341,0.10750784088805997,0.8814512006043779,0.32317627656502446
3,0.9773011008966065,0.06562632634380039,0.8804292278930613,0.34418122192457373
4,0.9856429462968093,0.04151340199594478,0.8804292278930613,0.3898150745510872
