epoch,acc,loss,val_acc,val_loss
0,0.7032686414708886,0.8225376807747682,0.8124680635450321,0.5860334429499685
1,0.8854273067891509,0.3814693795824251,0.8456821667642452,0.4075073532961922
2,0.9281012370697067,0.22138955686023645,0.8569238631470689,0.35959583213272056
3,0.949438202247191,0.15004443421819508,0.8722534492482442,0.33717191161461246
4,0.9627170582565002,0.1094959442423524,0.8763413385706528,0.3394911468226994
5,0.9715696288527053,0.08519398004422055,0.8778742974853418,0.3379942949901263
6,0.9779253206219498,0.06572459094313457,0.8788962695875153,0.35479916032930997
