epoch,acc,loss,val_acc,val_loss
0,0.7457155828280585,0.6069389478889176,0.8559018906489525,0.3706477584129825
1,0.9099988650888688,0.2435212160243226,0.8676545733265202,0.3349720669770399
2,0.9422880490634461,0.15638444899511506,0.8727644353602453,0.32823329848724175
3,0.9594257178323897,0.11675312974496672,0.8696985181400102,0.3688073387340008
4,0.9683350357304716,0.0926021754943767,0.8712314767805849,0.3897593020098393
5,0.9753149472047652,0.07626521366120616,0.8717424629839574,0.4140435471087618
