epoch,acc,loss,val_acc,val_loss
0,0.7497446373512628,0.5661181932666789,0.8589678074427874,0.3518841273789511
1,0.9790602654959419,0.06574924026775841,0.8559018911362669,0.40054468698628287
2,0.9984110770627624,0.008269539305723796,0.8574348497463844,0.4625146368601277
3,0.9995460220179321,0.0022017440235186174,0.8589678075341589,0.4922749426636576
