epoch,acc,loss,val_acc,val_loss
0,0.7474036661309841,0.5987624453720971,0.8774259449025583,0.33467862430096157
1,0.9368934793881177,0.1778527415625442,0.8922369769328218,0.3070892325399845
2,0.9712275126405095,0.08159024640431531,0.8876404498643846,0.3613015898218924
3,0.9845071221905232,0.0440873063191248,0.8794688458218638,0.4132469299195127
4,0.9909766755575734,0.02712350961606943,0.8850868233499537,0.4609049748595085
