epoch,acc,loss,val_acc,val_loss
0,0.6670071501261584,0.7510981141282946,0.8405723045477772,0.4015763613510083
1,0.906196799434932,0.26618753956241215,0.8732754215636178,0.32827979154165265
2,0.9597662013392351,0.12147202645219721,0.8748083802041925,0.33542762427197226
3,0.9757689252071274,0.07184710902280386,0.8727644353602453,0.37010862463947214
4,0.9858699352878432,0.04767949734360483,0.8691875319670949,0.40420572152841927
