epoch,acc,loss,val_acc,val_loss
0,0.625652667572225,0.8860250709817304,0.8121490544540167,0.6175932352977361
1,0.9062429058159386,0.3700408640432845,0.8504338949660125,0.4035269992274858
2,0.95970488089844,0.172242883737458,0.8708524752965443,0.3559458605363212
3,0.9797956868955415,0.09659775415018929,0.8688106177837767,0.34426862822922594
4,0.9900113504671753,0.05939916642921872,0.8677896900466658,0.34136889241312524
5,0.9929057886056543,0.04192374321578174,0.869831546829208,0.33831825642454316
6,0.9955732121234855,0.031247013612786704,0.8672792261020452,0.3398791757878629
7,0.9960272416354038,0.025769936355522216,0.8698315455208876,0.3422543537927076
8,0.9962542565266742,0.02155442596598191,0.8662582957482934,0.3525701441772134
