epoch,acc,loss,val_acc,val_loss
0,0.7280930760364122,0.6195328569980539,0.8570699338830206,0.36877199730561544
1,0.9431895573076947,0.1559002907251121,0.8652373662160452,0.3531098868117885
2,0.9810442678638809,0.05353531902159113,0.8621745790493252,0.40468675132428217
3,0.9901816118047673,0.027357886670417365,0.8586013273903154,0.4661941600430067
4,0.9910896708286039,0.024506512971723897,0.8601327210497406,0.4705241622822573
