epoch,acc,loss,val_acc,val_loss
0,0.7269889910271701,0.6281495654289385,0.8717424630448717,0.33789193879205714
1,0.9418908183088422,0.1602310808004471,0.8758303526718518,0.32220658799276464
2,0.9808194302576325,0.05469109893040487,0.8696985176222386,0.3730014723039855
3,0.9889910339348542,0.030681566283996375,0.8712314765369277,0.42529744077350146
4,0.9930768357531706,0.0212894913943083,0.8804292285022044,0.4622023763038945
