epoch,acc,loss,val_acc,val_loss
0,0.6190124857980466,0.8831445775968398,0.8095967331487588,0.6092594892410309
1,0.8653802496891693,0.42850290382625567,0.8534966821327327,0.4152646785703711
2,0.9286038592779136,0.24027623127592002,0.8580908628371736,0.36132712836409175
3,0.9564699205313043,0.15414205893079214,0.862174579018899,0.3457098047973064
4,0.9696935300523929,0.10774493948149491,0.8652373661551931,0.33444740417479496
5,0.9803632236095347,0.07784127437770705,0.8662582952006244,0.33855390183593376
6,0.9824631100886255,0.06641407515282799,0.8677896887383454,0.3407288649180764
7,0.9859818388059921,0.053287869002606625,0.8693210823369184,0.3419115424171402
