epoch,acc,loss,val_acc,val_loss
0,0.727298524377024,0.6162140189654169,0.8723838694732124,0.33117911084200913
1,0.9552780930760499,0.12856146951843472,0.8728943339655021,0.31811551882820266
2,0.9911464245175936,0.030447546705586685,0.8759571211017961,0.3696556210730866
3,0.9957434733257662,0.013008980908210175,0.8688106178142028,0.40901540646509227
4,0.9971623155505108,0.00869200614788218,0.8713629403973551,0.4468618599567686
