epoch,acc,loss,val_acc,val_loss
0,0.7169125990618642,0.8189070549373865,0.8310362444111374,0.5905877098920335
1,0.8994324629071352,0.37493921719263146,0.8621745791406032,0.4012692989501009
2,0.9422814981485469,0.20398567458287,0.8718734026076904,0.3364886230294226
3,0.9642451762882454,0.12401259487387,0.879019910276636,0.317995455958455
4,0.9773552779983581,0.07934479465143635,0.8754466554228902,0.3116828158322861
5,0.9839954596101629,0.0539498442265963,0.8708524760267696,0.317231575678416
6,0.9896140752260856,0.03681978230765269,0.8749361909001746,0.3299021213759933
7,0.9908059022483436,0.027660823894176255,0.8713629411275804,0.34528093293286394
