epoch,acc,loss,val_acc,val_loss
0,0.5082860386736953,0.9756524477995484,0.7881572231947006,0.6349111660333724
1,0.8097048809255022,0.5163852562360406,0.8397141399585574,0.41341047992263297
2,0.8849602723229892,0.3181145771475304,0.8524757530264492,0.3745610901078988
3,0.9207150965624581,0.22641795039109286,0.8550280756096015,0.3653112765004161
4,0.9399545969946836,0.17231270925276126,0.8601327208976103,0.3580842030754255
5,0.951532349480944,0.14282741295628326,0.8565594692386006,0.36953774601175443
6,0.9591940975622205,0.12135212872003995,0.8631955080034782,0.37511263068930845
7,0.9597048806954729,0.10983945498333887,0.865237366124767,0.3877728888731699
