epoch,acc,loss,val_acc,val_loss
0,0.5715096481406594,0.9253888862087021,0.8228688113174614,0.6253352781958335
1,0.9269012485676267,0.29730790391412143,0.8693210824586227,0.34286371078827116
2,0.9867196365057678,0.06789334376388051,0.8764675876630575,0.32431352132434077
3,0.9968785471055619,0.023801207089549296,0.8785094438675047,0.3299592227702119
4,0.9990351872871737,0.011340318725705486,0.874425726377459,0.33735915524062604
5,0.9993189555968113,0.006993880351872165,0.8754466573093058,0.3533995235343561
