epoch,acc,loss,val_acc,val_loss
0,0.7442969015935076,0.6221986649668511,0.8650996423096576,0.36693702896273617
1,0.9421178073201706,0.166469897528185,0.8625447112927951,0.35142681114546914
2,0.9805356939985457,0.06178476062251631,0.8666326009197751,0.3689195863830233
3,0.9905232096243333,0.03341115841811353,0.8640776699029126,0.406846328046959
4,0.9923391215526047,0.024359462347415203,0.8630556974961676,0.41964114296326666
