epoch,acc,loss,val_acc,val_loss
0,0.6002837685937914,0.9159005451418891,0.8269525250346762,0.5790833508012975
1,0.931952326847124,0.26118145309363267,0.85655946677409,0.34879733654782136
2,0.9876276955296044,0.060107830346104237,0.8652373636602564,0.33748949515752613
3,0.9979568671963678,0.01992954909907195,0.8662582964785188,0.34831760474587653
4,0.9989216797738828,0.0108765172847165,0.8688106153192662,0.360089787769342
5,0.999205448354143,0.0070154504553456105,0.866768759114819,0.37181791509518275
