epoch,acc,loss,val_acc,val_loss
0,0.7546249007261404,0.6476835808551293,0.8523249876212878,0.37827981097026936
1,0.9246964022583161,0.2204285529905626,0.8742973942749344,0.3069563563770339
2,0.9578367948951522,0.1205847632017732,0.8732754218681893,0.308869877882496
3,0.9733287935535127,0.07768981184355045,0.8783852830795713,0.31584534392438496
4,0.9803654522552703,0.05261294668976477,0.8768523244694538,0.33685364696783987
