epoch,acc,loss,val_acc,val_loss
0,0.7613507377708946,0.5822130897597205,0.8672792219032494,0.3477563624968633
1,0.9590238367658739,0.1158231863809092,0.8693210818805276,0.36843196053539023
2,0.9904086268719425,0.02954090704610751,0.8667687617314598,0.4165065494528104
3,0.9965947785253016,0.010086509487491258,0.8657478281829721,0.4836141796760744
