epoch,acc,loss,val_acc,val_loss
0,0.7108967082995697,0.7330673481224614,0.8366513527309852,0.4614676296513199
1,0.8796254256526674,0.33528249182576625,0.8626850433894845,0.3549978630831194
2,0.9185584562861283,0.22377092265582113,0.8688106176924986,0.33538199067420044
3,0.9375141884087164,0.17691134572638015,0.8744257274423709,0.3240048493990307
4,0.9501702610940316,0.14063251559262108,0.8800408371922434,0.32660238282786397
5,0.9564699205448354,0.12029370160627514,0.8754466564878023,0.3289366123808958
6,0.9662883087265369,0.10014461748868599,0.8795303726695276,0.335378362511481
