epoch,acc,loss,val_acc,val_loss
0,0.5332009083837711,0.9879066433186698,0.811128127295001,0.7092517446108532
1,0.8670828603182694,0.4272770160443396,0.86727922436776,0.3592437079757254
2,0.9496594778119367,0.16273313761095726,0.8677896883123806,0.32022193987008074
3,0.9775255389300161,0.08383762341385938,0.8683001552996068,0.33471690543516974
4,0.9831441542753161,0.05578086943905822,0.8693210805722071,0.34167877883251496
5,0.9883654940683103,0.037702382313643625,0.8718734037638806,0.35368908492200773
