epoch,acc,loss,val_acc,val_loss
0,0.7382519863926458,0.6182437919122542,0.8524757529655971,0.3679370869629964
1,0.9091940975892828,0.24518521915229036,0.8698315467075038,0.33238171490556795
2,0.9433598183746641,0.16013510762697994,0.8723838693515082,0.3409606204494157
3,0.9587968217934165,0.11795017582942625,0.8769780500559493,0.35824455654761084
4,0.9683881952326902,0.091300666890827,0.8795303726695276,0.39270782825927336
