epoch,acc,loss,val_acc,val_loss
0,0.7622587968894491,0.5816761154727957,0.8713629424359008,0.3400609220181758
1,0.9601589105456695,0.118040483489751,0.8759571212539264,0.31881641778731723
2,0.9900681042914764,0.03243791801848625,0.8723838677085012,0.37220980515280444
3,0.9976163447918064,0.009145893346810043,0.8713629424359008,0.4639033680670477
4,0.9985244040862656,0.004388821853465368,0.8693210837669431,0.5056069518243128
