epoch,acc,loss,val_acc,val_loss
0,0.40565234665892047,1.0617181753964762,0.45097037979360743,0.9780408411274404
1,0.6392372736263259,0.834249787244439,0.8140960125075662,0.6522525861874542
2,0.8648203844332978,0.4797276106911616,0.8743615876179306,0.39610987813406995
3,0.9267351452334569,0.2572354864711544,0.8850868273073611,0.31739716909148474
4,0.9517621018377689,0.1658429896870074,0.8891726235447183,0.30155684454204845
5,0.965098461730818,0.11724618905167407,0.8907048031916048,0.29889759040828623
6,0.9734975312227127,0.08866429697747777,0.8922369749236765,0.3017777677880366
7,0.9790590773016564,0.07180880549778212,0.8912155211763314,0.31102633926792944
8,0.9830883607394335,0.0605624248213154,0.888151177042473,0.3206800775825064
