epoch,acc,loss,val_acc,val_loss
0,0.5653234960272417,0.9413338893388106,0.7993874428161496,0.7316968143138428
1,0.8466515324578517,0.5274902449428156,0.8519652885950116,0.43217851608733
2,0.9109534618532482,0.2793582694619793,0.8728943339959281,0.3329868732726714
3,0.9442111237365731,0.17067412266531,0.8774885147003691,0.32706336083005677
4,0.960385925031006,0.11896438920166381,0.8795303727912319,0.32326032734756993
5,0.9728717365952274,0.08487102122434016,0.8825931599275258,0.32504762417811284
6,0.9799659478001372,0.0637354053379323,0.8815722309125206,0.3547994673039123
7,0.9838819523269012,0.049193564911502986,0.8810617663593788,0.3749070420990555
