epoch,acc,loss,val_acc,val_loss
0,0.5045684127739695,1.0016136824810697,0.8314606742790698,0.6522670445451941
1,0.7928607911522655,0.5441606025268647,0.8748723187534266,0.36341377876630476
2,0.8816752738548349,0.3318688928198107,0.8896833500530917,0.30956270694123833
3,0.9145905454125904,0.24077871261549,0.8922369765675227,0.2949847127553513
4,0.9355882186095686,0.1812304079487804,0.8922369762022234,0.2978519924875421
5,0.9472788150671371,0.1443239302170357,0.8912155257425708,0.31118265129207223
6,0.9577209012008174,0.1269743276469185,0.88559754857978,0.3223771086691349
