epoch,acc,loss,val_acc,val_loss
0,0.707467937818546,0.741745646323807,0.8691875317234377,0.4155250573316641
1,0.9427420271402212,0.20118577642028684,0.8850281037234139,0.3187159499192518
2,0.9860969241909348,0.06835858915020179,0.8875830350448479,0.3041607141570894
3,0.9955737146477791,0.03183904626515494,0.8880940212482205,0.3051250217045578
4,0.9975031210986267,0.018630256388015513,0.8799182422988319,0.31336405609844287
5,0.9981840880717285,0.012939000370896505,0.8773633109773978,0.3274924132628409
