epoch,acc,loss,val_acc,val_loss
0,0.7095346197367526,0.655668830871582,0.8657478305866305,0.3610465298689647
1,0.9144721906653327,0.23184888170235002,0.8744257274423709,0.3296568291171465
2,0.9595346197232215,0.11022949419814193,0.87289433390465,0.3445413347833798
3,0.9763904653667186,0.06971850937462827,0.8734047984273656,0.3674267191495014
4,0.9817820658342792,0.0498291016719119,0.8693210822760663,0.411049512650907
