epoch,acc,loss,val_acc,val_loss
0,0.5286573600436215,0.9787866370237694,0.8221767959572798,0.7011935480346349
1,0.9246964019674297,0.3432756200569765,0.8676545686970332,0.332391031036952
2,0.9861536714183988,0.06697892990915015,0.8794072569787167,0.30202860305610213
3,0.9973896267519353,0.020701590221493187,0.878896264074771,0.30699785494597276
4,0.9992055385313813,0.009914776723294513,0.8768523304085982,0.3204230535803977
5,0.9995460220179321,0.005899260270069672,0.8763413347330518,0.3303832070950531
