epoch,acc,loss,val_acc,val_loss
0,0.660878447408831,0.85128916791397,0.803270311701584,0.6073210169968096
1,0.8601747815028017,0.4331467967155288,0.8390393459376597,0.4192383698985841
2,0.9047781182950884,0.27653685216532436,0.8559018906489525,0.35713761382463577
3,0.9293496765745117,0.20440612907726802,0.8620337250894226,0.3346427936272531
4,0.9434229939983213,0.1624486567842583,0.8727644353602453,0.32586126857925934
5,0.9520485756779052,0.1340393169593113,0.8737864077669902,0.3248294916881489
6,0.9610146407696273,0.11378317869097863,0.8737864077669902,0.3273026072474908
7,0.9643627284076722,0.09858187931061177,0.8732754215636178,0.3292794051633907
8,0.9702076949606201,0.08507225438470455,0.8722534491568728,0.335218059263579
