epoch,acc,loss,val_acc,val_loss
0,0.7162070139733525,0.6486988989026413,0.85334695963209,0.3868231801244758
1,0.9160708205990266,0.22900289075894953,0.8548799182422074,0.3842754023578865
2,0.961411871524231,0.10809627205476752,0.853346959662547,0.42701257158434386
3,0.9767903756667802,0.06583332419050865,0.8630556974961676,0.47094990885647575
4,0.9835432981500397,0.04873952406451475,0.8630556974961676,0.4997457941736137
