epoch,acc,loss,val_acc,val_loss
0,0.7668823062690321,0.5802544102710298,0.8696985171958386,0.34328779279728844
1,0.9607309044631869,0.1177192498161254,0.8840061304029544,0.3255271029429711
2,0.9895585062839078,0.03099567036821655,0.881451202462264,0.3974115856460119
3,0.9971626373347191,0.00884077592355759,0.8696985157338952,0.4613113299461427
4,0.9988083077970719,0.003984301830730185,0.879407257648774,0.5019478748572013
