epoch,acc,loss,val_acc,val_loss
0,0.5805902383519627,0.9277943798280601,0.8034711589370229,0.6814372483840581
1,0.8209421112372304,0.5327205138498754,0.8417559981102722,0.4613417110435813
2,0.8862656072915345,0.3432035946818946,0.8570699337613162,0.3922761869314923
3,0.9182179341657207,0.24664114920018615,0.8611536499734677,0.36172446818483184
4,0.9426787741067867,0.18523560283403256,0.8626850435111887,0.34956043439899676
5,0.9524404086130296,0.15030340057428795,0.8672792242156298,0.33923038289582264
6,0.9593076049943247,0.1294242521547094,0.8642164370489096,0.34746853957801765
7,0.9659477866061293,0.10884056667396619,0.8652373660639149,0.34587354645429674
8,0.9662315550375472,0.10054782254877209,0.8667687596320619,0.34780211189135174
