epoch,acc,loss,val_acc,val_loss
0,0.7344228803347058,0.6305517721779568,0.8605007686113056,0.3726009850484958
1,0.9435364882435407,0.16258073621907795,0.8671435858439474,0.3552924350140103
2,0.9784927931198291,0.06306480653283815,0.8620337252721655,0.40993523477411536
3,0.9905799571697429,0.030542983410425672,0.8681655592253211,0.4423453059498607
4,0.9945522642151856,0.01641355568221537,0.8681655597126356,0.4988255909071568
