epoch,acc,loss,val_acc,val_loss
0,0.708683314523686,0.7421083125976103,0.8509443594887283,0.43484728808850887
1,0.9442678773579073,0.20077620559328666,0.87289433390465,0.3431947904469226
2,0.9872871736662883,0.06777685920155008,0.8723838694123603,0.331675049813199
3,0.9955732122587968,0.0318314665363981,0.8683001532914871,0.3347968110674921
4,0.997900113507378,0.018292673190508067,0.8677896887991975,0.3402532689908501
5,0.9982406356413167,0.014003259072526359,0.8718734050113489,0.34745207699724096
