epoch,acc,loss,val_acc,val_loss
0,0.7395301328020893,0.6681257002524953,0.8349514563106796,0.4177502354585095
1,0.8935989104663726,0.28647172185839165,0.8666326009197751,0.3417608639645101
2,0.9299171490520967,0.1938525585527656,0.8691875319366377,0.3278397413833932
3,0.9483032573258453,0.14845533287798474,0.8707204905467553,0.3322745353120532
4,0.9584042673930314,0.1195459206876176,0.8768523249872253,0.3314283336143927
5,0.965157189876291,0.09933127759468652,0.8758303525804804,0.34363952453077357
