epoch,acc,loss,val_acc,val_loss
0,0.5882419705959173,0.9221474015405616,0.8431272341331536,0.5925839911569547
1,0.9282147317952268,0.27796458615717967,0.8834951463011252,0.3178858686206167
2,0.9876858471078779,0.06161881139371495,0.8773633118606552,0.31682910671572817
3,0.9971058905131429,0.020910933936162116,0.8758303527632232,0.3294529636020738
4,0.9988650551936559,0.010364755093264953,0.8824731743816947,0.3293458352481216
5,0.9993757802746567,0.00641829954563215,0.8794072561868308,0.34731105094852655
