epoch,acc,loss,val_acc,val_loss
0,0.7364358683585038,0.669129844177324,0.8514548238897397,0.40795658579768423
1,0.8920544835278991,0.29071789394713154,0.8698315467075038,0.33172177364018085
2,0.9280930760364121,0.19802485568095823,0.8672792240939254,0.32668682224687234
3,0.9460839954326427,0.14961468630663788,0.8744257274423709,0.3241880972160862
4,0.9553916004404984,0.12262269173929559,0.8764675855332336,0.33401087873471275
5,0.9653802497027004,0.09729776814554593,0.8723838693210821,0.35036615284959416
6,0.9702043132668321,0.08302923148576166,0.877488514578665,0.35056592657926317
