epoch,acc,loss,val_acc,val_loss
0,0.6705635321626706,0.7347437455234568,0.8615934627170582,0.3895732656014708
1,0.8669201521047851,0.3417286634492547,0.8820224719101124,0.32369565905906084
2,0.9262811418261852,0.19995484459813528,0.881511746680286,0.31396369403180596
3,0.9476193178593724,0.14444007235569944,0.8840653728294178,0.32051291901987344
4,0.9593099143101756,0.10873040255857011,0.8850868232890705,0.33835294443935127
5,0.9687304920299418,0.08720860154279772,0.8830439223088818,0.3422328233718872
