epoch,acc,loss,val_acc,val_loss
0,0.7571217796207489,0.6478221498733345,0.8395503325369752,0.41670030841245054
1,0.9244126659654053,0.22054563580779968,0.8645886561976566,0.34206542808240814
2,0.957893542197029,0.11876063306071054,0.8804292281976328,0.3385662580090758
3,0.9732720462854598,0.07565544234638844,0.8794072560954593,0.3575541817325686
4,0.9817841334695268,0.05015954382835148,0.8773633109773978,0.38095056494401924
5,0.9875156055269576,0.03548089704875737,0.8758303526718518,0.40476204505914565
