epoch,acc,loss,val_acc,val_loss
0,0.7274120318091281,0.6586156871207862,0.8422664627546921,0.4033959256927233
1,0.926787741189647,0.20489143921352002,0.874936192178069,0.3497035976816891
2,0.9608967082725075,0.11012053520468389,0.881061766420231,0.3382974125220497
3,0.977185017053169,0.06549528355749322,0.8851454825715303,0.35443234592752226
4,0.9864926219933691,0.04015271717367459,0.8820826954960884,0.4055843586335078
5,0.9906356413166856,0.028325103072710675,0.8754466566703586,0.43425743281080625
