epoch,acc,loss,val_acc,val_loss
0,0.7864358683043793,0.5173998159596381,0.8642164369576314,0.36088049576644876
1,0.937854710542655,0.17074484252936453,0.8677896886166412,0.3829094247313453
2,0.9656072644586595,0.09697378749169502,0.8693210821847882,0.4434251271301406
3,0.9811010215664018,0.05769811153568319,0.877488514548239,0.4510844046912109
