epoch,acc,loss,val_acc,val_loss
0,0.7381952329336853,0.6250308046411305,0.8575803978580672,0.370060513918956
1,0.9425652666882137,0.16424096771996896,0.8693210818805276,0.34084627751856206
2,0.977582292930222,0.06720554313784155,0.8672792224813445,0.3835217899786933
3,0.989387060334815,0.029428779164690708,0.8683001539912863,0.42743204540899665
4,0.9947219067886387,0.016132985436432615,0.8693210811503023,0.4789566609584415
