epoch,acc,loss,val_acc,val_loss
0,0.5611804767174564,0.8984368189509692,0.8361408883603998,0.46558971979168984
1,0.8429625426058601,0.4217282076157993,0.8723838694427865,0.33933300478169964
2,0.9104994324225167,0.24600254820234793,0.8764675856549379,0.31183812382757936
3,0.9384790011486049,0.17170189858565402,0.8739152630109335,0.3136618093698228
4,0.9525539160857271,0.12940978091569547,0.8754466566399326,0.32096174564697477
5,0.9612939841224982,0.11208050391900011,0.8759571211322221,0.3305008605373581
