epoch,acc,loss,val_acc,val_loss
0,0.5593076046966396,0.9659147844006065,0.8320571771685477,0.667100066795466
1,0.9293416569235647,0.3070775667972922,0.864216441551966,0.3414698412310049
2,0.9865493758853259,0.05917749384356817,0.8744257262253287,0.3163900235558481
3,0.9976163447918064,0.017518731700964737,0.8785094379344237,0.33248900118197877
4,0.9995459704880817,0.008619723206641793,0.8744257262253287,0.3439772769223068
5,0.9996027241770715,0.0057761020968994815,0.8718734009951095,0.35134408629445657
