epoch,acc,loss,val_acc,val_loss
0,0.7138803768152547,0.7300928555908437,0.8165559529892693,0.4866403260277313
1,0.879185109495129,0.3342152620745955,0.8497700562084823,0.38465529810456395
2,0.9197026444555696,0.22135102166929008,0.8630556974961676,0.3596367200624291
3,0.9373510384881636,0.1701892289620444,0.8696985181400102,0.35418344384243006
4,0.9485869935308138,0.13990537780685317,0.8696985181400102,0.35720500014208384
5,0.9588014981408705,0.11579218137962378,0.8748083801737353,0.3611530905963513
6,0.963795255909793,0.1023498596294813,0.8753193663771078,0.3668728997634879
