epoch,acc,loss,val_acc,val_loss
0,0.7844049713545439,0.5286250896563724,0.8758937691521961,0.3261205806978146
1,0.9372907326485443,0.17376733285588836,0.8774259448416751,0.33524524752313195
2,0.9661767209613304,0.09277830048689445,0.891726251276813,0.37644387917846167
3,0.9807615912831281,0.05552865455008507,0.8896833503575077,0.4449858835696664
