epoch,acc,loss,val_acc,val_loss
0,0.5757575757169869,0.896471575465704,0.8277976493416359,0.5018974703126984
1,0.8623879241789122,0.3758733069439398,0.8712314768414992,0.34935493129945616
2,0.9372375438438211,0.18639898468952637,0.8722534495528157,0.3423573031800708
3,0.9593122232759896,0.1213497133831907,0.8702095047393257,0.3603660455606516
4,0.9717398705350975,0.08791195832073669,0.8691875323325807,0.3802038142890667
5,0.9778685732930138,0.0669046530578061,0.8666326013157182,0.40131399883685454
