epoch,acc,loss,val_acc,val_loss
0,0.6645856980433124,0.8602373253473765,0.7993874426031673,0.6283235291305277
1,0.8600454029241296,0.439561416951265,0.8366513527614112,0.4349851274958918
2,0.9031214528673759,0.2800864696570341,0.8540071465337441,0.3749853391590138
3,0.9286038592373201,0.2057645397241757,0.8642164369880575,0.3490291556391928
4,0.9438138479001135,0.1622529800495008,0.8637059724653419,0.34016605765920566
5,0.9544835414031307,0.1331607973298204,0.8647269015107731,0.3385699591340308
6,0.9603291713826096,0.11194708727799127,0.8621745788971948,0.3462920171256696
7,0.9650397275687617,0.09631426285415312,0.8698315467379298,0.3473618248170465
8,0.9704313280363224,0.08324505208201799,0.8677896886470672,0.35393445112377847
