epoch,acc,loss,val_acc,val_loss
0,0.4051753491207225,1.0652815085198277,0.441492077947333,0.985784770367885
1,0.6813074564327651,0.817897511623109,0.8364844141593684,0.6216825196252043
2,0.8698218134661536,0.44006044434616265,0.8666326057624621,0.3923964679363009
3,0.9274202701777825,0.24230370857011796,0.8748083822448216,0.33408056961740834
4,0.9552831686783725,0.15624242166448107,0.8814511950916335,0.3127857018442987
5,0.9667461126849973,0.11285371086783745,0.8809402105634043,0.3101091954284136
6,0.9778685735433114,0.08142395230880485,0.8773633132616842,0.31300057929940045
7,0.9780955623855196,0.07161712103693808,0.8819621907671801,0.31244258249847634
8,0.983656792665851,0.05643688606195749,0.8824731752954093,0.32165277858565033
