epoch,acc,loss,val_acc,val_loss
0,0.5903416184247413,0.9219213292339227,0.8078691875623938,0.6641725635248359
1,0.8131880603723068,0.5421394788708837,0.8461931527848748,0.4554634644142145
2,0.8708432641084559,0.37340189703421917,0.8620337250894226,0.38470304938195976
3,0.9081262059128389,0.280074516935552,0.8661216147164027,0.3520844736206452
4,0.9282714788468062,0.2163671042121995,0.8696985181704674,0.3374588437146171
5,0.9394506866214035,0.18493715808896496,0.8702095043433827,0.3338718676923426
6,0.9469413233255233,0.15641997651833436,0.8722534491873299,0.3353066972676259
7,0.9537509931106598,0.13843028154171308,0.8763413387838528,0.33528670865812044
8,0.9604471683461608,0.12094159327399215,0.8748083801737353,0.33765738645133525
