epoch,acc,loss,val_acc,val_loss
0,0.7483827034524129,0.6177061271645833,0.8696985181552388,0.34675077960755546
1,0.94251503805448,0.16798529108040666,0.8732754215788464,0.32512683513886964
2,0.9812734082397003,0.06112150567933712,0.8753193664380221,0.32372101771325923
3,0.9899557371467483,0.03307901747227087,0.8676545733417488,0.3522902948245992
4,0.9932470775167405,0.022776241391629145,0.8671435871383762,0.3891195619234213
5,0.9945522642151856,0.018720396058865406,0.868165559590807,0.4180758568359749
