epoch,acc,loss,val_acc,val_loss
0,0.7607264469619777,0.5805761670281478,0.84890249951145,0.36574691541648874
1,0.9595346199667819,0.1176001624879718,0.8657478319558031,0.36402649207648236
2,0.9896140752260856,0.03159217207008607,0.8621745802967934,0.4301049184470593
3,0.9968785471055619,0.010049692654578389,0.8652373648164465,0.5007179289402068
4,0.9984108967082861,0.00498229177908789,0.8555385383067537,0.5999181565427854
