epoch,acc,loss,val_acc,val_loss
0,0.6625425652667424,0.860183991868975,0.8116385911179173,0.6259616600609118
1,0.8601589103291714,0.43673121250244057,0.846350178662583,0.42986103086035854
2,0.9067536890168466,0.2770886027176995,0.8591117917304747,0.3701851010444275
3,0.9301929625290342,0.2034151207575327,0.8672792240939254,0.3450166622748206
4,0.9447219068968878,0.1614832845333621,0.8703420112302195,0.34169005862740975
5,0.9544835414031307,0.1329140042355464,0.8749361919346605,0.33767244457578616
6,0.9608399545970489,0.11101802227242716,0.8754466564573762,0.3435545679136175
7,0.9669693530079455,0.0972581047044642,0.8734047983665135,0.349526483995337
8,0.9706015891032918,0.08489051960090495,0.8790199081163859,0.3466333610734476
