epoch,acc,loss,val_acc,val_loss
0,0.7223924640331456,0.6577365953966108,0.858456822061758,0.3555748072216324
1,0.911985018855123,0.2414265059221347,0.8758303523672802,0.31079093140336284
2,0.9518215867815785,0.1379599349697769,0.8758303523672802,0.32548605095962513
3,0.9675973213946099,0.09246034261070496,0.8707204906381267,0.3425792304453462
4,0.97610940863956,0.0685398317296356,0.8742973937571628,0.3769360403732554
