epoch,acc,loss,val_acc,val_loss
0,0.6754057430920651,0.8584942575102293,0.8354624401079371,0.6221758453713184
1,0.8786743839676515,0.4414618832375565,0.8610117528654204,0.4237803528061556
2,0.9200998749395813,0.26162247221243395,0.8712314759582418,0.353285531121733
3,0.9444444443159132,0.1755789164024603,0.8773633108860264,0.33345857594594336
4,0.9600499379162675,0.1255820162070892,0.8799182404409457,0.3351350654797951
5,0.9695834754991038,0.09372995463401272,0.87787429611477,0.33322202291303465
6,0.9752581998487699,0.07516439891391871,0.877363310398712,0.3410173353182764
7,0.9809329246246183,0.060088330772627686,0.8732754217463606,0.35095347464846055
8,0.9853592100783112,0.04754063130526866,0.8717424626489287,0.3603022879158043
