epoch,acc,loss,val_acc,val_loss
0,0.7443246312092706,0.584155707252418,0.8677896888600496,0.32838745350555354
1,0.977809307469683,0.06992115673865958,0.8774885147612212,0.3347003698318573
2,0.9977866061293984,0.008548253366806112,0.8815722309733727,0.36195896254807725
3,0.9994324630424465,0.0027071825758248533,0.8774885147916474,0.40622832253004837
