epoch,acc,loss,val_acc,val_loss
0,0.7402951192774648,0.6300529745731939,0.848392034258509,0.3875590514747265
1,0.9419409764205422,0.16898049481813537,0.864216438387656,0.3483920329806146
2,0.9763904655967478,0.06848624912550447,0.8647269034884668,0.3871591091156006
3,0.9891032918898661,0.03197488338770038,0.8667687583845936,0.42269529275227224
4,0.9943813845193886,0.018269137582539768,0.859111792430274,0.49953534923809534
