epoch,acc,loss,val_acc,val_loss
0,0.7100215639473835,0.7407293714698767,0.8650996424924006,0.4195146226858569
1,0.9459766200798051,0.1981780030219756,0.8773633113733408,0.3376914147795861
2,0.9878560889526253,0.06646954420678747,0.8737864076451617,0.334524530717531
3,0.9950629894179527,0.030588855244994717,0.8748083800519068,0.34101281317753274
4,0.9976166155941437,0.01837335510570279,0.8686765462205797,0.3485917963114209
5,0.99778685731036,0.014611696790184625,0.8717424631362432,0.35950336947572675
