epoch,acc,loss,val_acc,val_loss
0,0.6783200908329646,0.7422122384646694,0.8346094946401225,0.42063071319739265
1,0.9132236095210886,0.2551485856345915,0.8509443593974501,0.37831860007133455
2,0.9634506242905789,0.11226195760883145,0.852475752935171,0.40675324423694076
3,0.9776958002134836,0.07079153512852958,0.849412965829303,0.45203744358801
4,0.9846197502837685,0.04984338585705952,0.8545176110868858,0.48109060486340294
