epoch,acc,loss,val_acc,val_loss
0,0.7361103225752874,0.6429980782197164,0.8672114381751196,0.3609384684932853
1,0.9430792804006808,0.16871815350078562,0.8937691509784547,0.30166917537035565
2,0.974916293123687,0.06866837073886822,0.8855975508324582,0.3460971882016958
3,0.9896146639928692,0.031284189651379905,0.8850868242632015,0.39119576987742893
4,0.9946087057180109,0.016937939508917296,0.8840653722814691,0.4514791974008266
