epoch,acc,loss,val_acc,val_loss
0,0.6562251731738129,0.7750309341449821,0.8390393435315447,0.4428139794189588
1,0.8770854615851275,0.3294586997008624,0.8564128784970112,0.37004826490100573
2,0.9267393032046807,0.19875406010570867,0.8528359719972313,0.3743016327225437
3,0.9521620704981326,0.1345683244104459,0.8737864074624188,0.3615787221298695
4,0.96231982738013,0.10391741451634924,0.8722534488523013,0.38049545466869417
5,0.9691862446565577,0.08407564287967816,0.8737864074624188,0.38471194197160585
6,0.9749177166598701,0.06592632190700341,0.8691875311447518,0.41391571861295356
