epoch,acc,loss,val_acc,val_loss
0,0.615834279146963,0.8720240570224238,0.8090862709384234,0.5564121689767239
1,0.8532349604347913,0.41014302702415545,0.8376722824762158,0.3892210511725554
2,0.9124290578752317,0.24918065253099708,0.8606431867286464,0.34719861032951843
3,0.9355845628477523,0.18171648792457365,0.864216438387656,0.34759207613739573
4,0.9534052212852625,0.13216765306796985,0.8683001507965504,0.3525856063644639
5,0.9594778660071694,0.11098753247710282,0.8626850448195091,0.36176295390598867
