epoch,acc,loss,val_acc,val_loss
0,0.707467937818546,0.8296437091730521,0.8180889111729867,0.5813143939830603
1,0.8850300760548416,0.3888684834000905,0.8472151255875628,0.3909307889598453
2,0.9260015889567612,0.22879360427300108,0.8569238631470689,0.3351214032698238
3,0.9478492793437775,0.15589603397290425,0.8712314765369277,0.3169109876599309
4,0.9610713880376802,0.11457489015461164,0.8794072557908879,0.3112146063885277
5,0.9710589036769973,0.08608604263378561,0.8809402144010053,0.31558793204501995
6,0.9775280898876404,0.06977570469272068,0.8788962695875153,0.31955480446118634
7,0.9802519577597533,0.058960047188688386,0.8824731730111229,0.33107216398083683
