epoch,acc,loss,val_acc,val_loss
0,0.7025876744910221,0.7320739157475051,0.8456821665815023,0.44781295129030896
1,0.8805470434819214,0.3337394211886487,0.85743484925907,0.34572938214045246
2,0.9178299852254211,0.22568022843816876,0.8676545733265202,0.32762599008050297
3,0.9384292362158692,0.17266744076393883,0.8727644353602453,0.32838213312124104
4,0.9484734990691208,0.14341054065633937,0.8737864077669902,0.33042322224559045
5,0.9582907728975145,0.11917665608175672,0.8773633111905978,0.33044116468586154
