epoch,acc,loss,val_acc,val_loss
0,0.7219227059096797,0.7733730697806378,0.8554647600809083,0.48278926244429843
1,0.8984734124225653,0.3230147382558309,0.8835546476604746,0.32935639400038946
2,0.9387094943600935,0.18376045025346852,0.8973442292310853,0.2933239092074327
3,0.9617501844491694,0.11761342067474215,0.8963227784061335,0.2923105914027747
4,0.9730435276192505,0.08210372335557249,0.8983656793254389,0.301816095096707
5,0.9789455763111523,0.06102781937902168,0.8932584270271753,0.3137985481609485
6,0.9847341240565235,0.04524278407665375,0.8932584270271753,0.33231077828007893
