epoch,acc,loss,val_acc,val_loss
0,0.6642832821863975,0.7694022372921403,0.8467041404806477,0.4425698099358081
1,0.8810577686711589,0.32885618026715757,0.8707204891152691,0.34612910802046376
2,0.9299738961983831,0.19405393894529682,0.8696985162212097,0.33436565263331025
3,0.9505164001440166,0.1367791872545561,0.872764436517617,0.34414547362008385
4,0.9612983772181285,0.10550385105252712,0.8768523261445971,0.3384200042921728
5,0.9723073429653287,0.07852420720100849,0.8773633133225984,0.3590271896285309
