epoch,acc,loss,val_acc,val_loss
0,0.7395721014732197,0.6254183073885344,0.8825331971399387,0.3365884968312695
1,0.9422280233845755,0.1694568852298302,0.8804902962206334,0.31778437072702276
2,0.9818398501821466,0.061876906925673575,0.8804902962206334,0.3407454964675321
3,0.9903524204074684,0.03212434386320877,0.8774259448416751,0.3647733797244081
4,0.9927359400715056,0.023276700831914406,0.8779366700715016,0.38297103072561334
