epoch,acc,loss,val_acc,val_loss
0,0.512370900363119,0.9910041477322754,0.7685232502377393,0.7928747181144368
1,0.891839745704682,0.48152910584069963,0.8599897819206187,0.4116978905124206
2,0.9674838269261521,0.1620403937889734,0.8661216168484033,0.3360491611242416
3,0.9903529681787089,0.06624687675206131,0.8717424645981864,0.3303754665319202
4,0.9962546816479401,0.033939962180724766,0.8691875330940094,0.33679639029149566
5,0.9980705935762115,0.020929477438110796,0.8722534498269301,0.34516171391484196
6,0.9986380660537963,0.014186939188768496,0.8748083818184215,0.35495451615060175
