epoch,acc,loss,val_acc,val_loss
0,0.5722474461516511,0.8865551917019822,0.821847881724361,0.4813647685366178
1,0.8463677639452472,0.4129188466017958,0.8570699337917423,0.36598208053736375
2,0.9102156639775678,0.24489341763172734,0.8652373661856191,0.3503448361642145
3,0.94091940970751,0.16506449155991518,0.8657478307691869,0.35338610366572526
4,0.9526106697070612,0.13535547332582354,0.8626850436024668,0.36002869130458803
5,0.9597616345874297,0.11216725874163641,0.862174579018899,0.37211891240523504
