epoch,acc,loss,val_acc,val_loss
0,0.7345931222673957,0.6664593433254139,0.843127235625554,0.4201147184118545
1,0.8939393939393939,0.28701770302420265,0.8671435871536048,0.34441957007151325
2,0.9291226875293594,0.19404076174241489,0.8712314767805849,0.3331641196960933
3,0.9481897627965044,0.14507645464255678,0.8768523249872253,0.33418654104124607
4,0.9582907728975145,0.12043479155935537,0.8712314767805849,0.35058206458388996
5,0.9631142889908095,0.10160703973865999,0.8814512008480351,0.35361705375497415
