epoch,acc,loss,val_acc,val_loss
0,0.6685960730836903,0.7373737050210857,0.847215125222077,0.40766149281115327
1,0.8682896379255001,0.3467914403979914,0.8625447113232523,0.34208319833769624
2,0.9211780728431718,0.21006983577115976,0.8702095043738399,0.32597990354592543
3,0.9452389059062984,0.1489679626473611,0.8681655595298927,0.32040715688153315
4,0.9599364430825105,0.11291825858428575,0.8727644354211596,0.33671458186576975
5,0.9668596073090455,0.08933632313347309,0.8763413388447672,0.34379194580174616
6,0.9732152990377013,0.07707559846220266,0.8763413388447672,0.35184866777779683
