epoch,acc,loss,val_acc,val_loss
0,0.5418227217197689,0.9588408824088097,0.8385283612266876,0.660108779758352
1,0.9317330610074273,0.30642429210652344,0.8788962652321427,0.33578577121423714
2,0.9896152539578487,0.056392793734848075,0.8732754164163592,0.33509116935437594
3,0.99812734082397,0.01764464916517841,0.8763413447839116,0.3496597285135461
4,0.9992055385313813,0.008276143805631754,0.8722534518066449,0.3611075619866669
5,0.9996595165134491,0.005230159547003207,0.8717424672784158,0.3733681841474074
