epoch,acc,loss,val_acc,val_loss
0,0.4439273552916242,1.0619402787336292,0.562021438353764,0.9662631241991667
1,0.7213961410197713,0.7905843591987748,0.8218478859535828,0.6096961095115249
2,0.8757094210041232,0.4305743464614422,0.8545176148597168,0.4098392452829769
3,0.9259931895437901,0.24809041157889178,0.8591117884748867,0.353515968297196
4,0.9532349604889159,0.16069153543227646,0.8611536478740698,0.3387982932781309
5,0.9664018163345458,0.11646786799969386,0.8611536536550205,0.3356232209556136
6,0.9738365495516141,0.08933426720194865,0.8637059775769194,0.34126985958487843
7,0.9805334848524088,0.07112173361790437,0.866768763404893,0.35330786757958427
8,0.9824631100074387,0.0612205810904097,0.8652373640557952,0.36701696435671305
