epoch,acc,loss,val_acc,val_loss
0,0.7385086823221423,0.6313889858103302,0.8625447112927951,0.3521812573402709
1,0.9395074338623972,0.17649495883407934,0.8748083802041925,0.32218849116828774
2,0.9803654522552703,0.06499649125048067,0.8681655595603498,0.3388494701030977
3,0.9902394733652464,0.03454248079060392,0.8727644353907025,0.363964450225333
4,0.9932470775167405,0.023905088238346438,0.8656106285434872,0.3865059463114049
