epoch,acc,loss,val_acc,val_loss
0,0.6734960272958953,0.7396965580278845,0.8305257772717809,0.4270008037655009
1,0.8842224747044004,0.3095345700233667,0.856559470546921,0.35347862057140617
2,0.9312712829716495,0.1906093088032574,0.8606431861505514,0.3454674503643821
3,0.9535187287985535,0.1303937462652176,0.8652373668549924,0.35583509805252383
4,0.9645289447331943,0.09372083729600257,0.8652373636602564,0.3798165966382496
5,0.9707718503867592,0.08091766975321105,0.8662582940140082,0.3829423661679866
