epoch,acc,loss,val_acc,val_loss
0,0.5211667235762696,0.971180842515627,0.8252427210354598,0.6756366129791365
1,0.9261718308962159,0.3300524839456825,0.8758303541337951,0.3073953648702673
2,0.985926682555896,0.062251216653641854,0.8778743006224284,0.2877728018793575
3,0.9979003518329361,0.019217479028016574,0.8819621902494085,0.3018221649273233
4,0.9992055385313813,0.008940058220270905,0.8809402178426634,0.3122949274785067
5,0.9994325275224152,0.00576227501352048,0.8804292221671169,0.32328606257952774
