epoch,acc,loss,val_acc,val_loss
0,0.7447508795755755,0.6210051128805029,0.8661216147164027,0.35919784949821176
1,0.942798774272978,0.16445043417871938,0.8645886561062851,0.34681772940549915
2,0.9799114743273207,0.06266449858274786,0.8778742973939704,0.35515313682716965
3,0.9906367041198502,0.03388833796636966,0.8671435871536048,0.3830495221339505
4,0.9923958688003632,0.024732258024977145,0.8702095043433827,0.404079665105807
