epoch,acc,loss,val_acc,val_loss
0,0.5809215751683018,0.9084075545428519,0.8323965258115886,0.5741841293258453
1,0.9322437859598969,0.2589662257472444,0.8686765438144647,0.33642388900811415
2,0.9878560892773356,0.05823710492685574,0.871742464110872,0.34098712487006344
3,0.99812734082397,0.019012417593526322,0.8722534503142445,0.35480684940462887
4,0.9988083077970719,0.010315297250167143,0.8676545744838919,0.3754295105067942
