epoch,acc,loss,val_acc,val_loss
0,0.716434003045564,0.7363566211851268,0.8410832906293211,0.43206688017033773
1,0.9450119167867334,0.19833058036797002,0.862544711688738,0.3361284476369391
2,0.9878560889526253,0.0652846202031057,0.8707204903335551,0.3280082539782332
3,0.9961979344001816,0.03024811620610842,0.8742973937571628,0.33180420654247655
4,0.9979003518329361,0.018326488821990825,0.8686765455200651,0.34223475889338484
5,0.9987515605493134,0.012386479663922952,0.8691875317234377,0.3530574090394306
