epoch,acc,loss,val_acc,val_loss
0,0.6717934165991395,0.7309469097859472,0.8565594691168964,0.40293275925077426
1,0.8702043133074255,0.33395715245594365,0.8657478305257784,0.3387978780233111
2,0.9261634505972283,0.2017633972184206,0.8667687596016359,0.340122033163502
3,0.9469353007945517,0.14459399427969122,0.8779989790709546,0.3278135860252283
4,0.9626560726176596,0.10521726645064138,0.8749361919650867,0.3355712086160065
5,0.9698637911328933,0.08501851354132614,0.8749361919955126,0.3563013657615646
6,0.9727014755823826,0.07489352409128484,0.8657478305562045,0.39658978859826943
