epoch,acc,loss,val_acc,val_loss
0,0.6735527809307605,0.7293684758068348,0.843287391556715,0.4122518108413194
1,0.8673098751689465,0.3410811211004701,0.8621745788971948,0.346643788160993
2,0.9253121452759127,0.20168408368218366,0.8703420112302195,0.3372972057661638
3,0.9458002269876937,0.1446170825659214,0.8606431852986217,0.335815836202435
4,0.9599318955596812,0.10641901461612624,0.8611536498517635,0.3696609075015269
5,0.9662315550375472,0.09178189997826613,0.8667687595712098,0.3534781749285624
6,0.9729284903518729,0.07557875786513665,0.8606431853594738,0.3676983702846058
