epoch,acc,loss,val_acc,val_loss
0,0.40858018381711153,1.069302534105937,0.45273377892918654,0.9959079664339505
1,0.6886845989390191,0.8375588369050209,0.8237097657756289,0.6302846604667882
2,0.8698785606733233,0.44481056690513715,0.8605007702255346,0.39418950035795
3,0.9267960501750825,0.24338541723531568,0.8732754242133899,0.34211828372706304
4,0.9539212345630489,0.15631414410062985,0.8804292299641476,0.3276378734415139
5,0.9661218934061307,0.11466408028628712,0.876341341433625,0.326095281797949
6,0.9745204859052664,0.08694587896690373,0.8748083844986507,0.3333651454368293
7,0.9794574962031921,0.06795071393772309,0.8758303585805391,0.3459338147572004
8,0.9824651003140974,0.05809692717135636,0.8717424672784158,0.3537082844506616
