epoch,acc,loss,val_acc,val_loss
0,0.757094211123723,0.6471527542077453,0.8540071465641701,0.3882365543480854
1,0.9217934165585461,0.22224724670104623,0.8677896887687714,0.3250995088956257
2,0.9588535754824064,0.1207726411364981,0.8749361920867909,0.31865690921629614
3,0.9727582292849035,0.07683934727842232,0.8759571211930742,0.3351439169440238
4,0.981838819523269,0.052052160007001726,0.8693210823977705,0.37005643442372027
5,0.9878547105561861,0.037015354967698304,0.8703420114432019,0.37398171932980867
