epoch,acc,loss,val_acc,val_loss
0,0.5589036433086021,0.940259254123496,0.8119570760624593,0.6558194322188898
1,0.8005334240139281,0.544179219414733,0.8502810414676832,0.4211350535487544
2,0.8659062533708182,0.3635947699579826,0.8625447103486235,0.3669222492037468
3,0.8977982067193229,0.28132168833141413,0.8748083818184215,0.32863772605290265
4,0.9182272160409082,0.23083015497392942,0.8758303532505376,0.32268235903646364
5,0.9297469071667603,0.1948853118332246,0.8824731734070659,0.31230797684491135
6,0.9358756102426222,0.17598489947188334,0.8783852847547147,0.31647472492455825
7,0.9441607079485896,0.15661099111197715,0.8809402152842627,0.3201730454918311
8,0.9467143346930238,0.14887185631701036,0.8834951463011252,0.3238084652348325
