epoch,acc,loss,val_acc,val_loss
0,0.666458569861162,0.7674714876222556,0.8540071486635681,0.4198863850131578
1,0.8772985241605259,0.32760844989748467,0.8754466580395311,0.32741862578073166
2,0.9283768444407676,0.20024245016352948,0.8800408387439722,0.3126111951042889
3,0.949318956083932,0.14117082603504114,0.8785094432894097,0.3250946477093582
4,0.9600454030323786,0.10762069404937082,0.8779989806531096,0.3299810326087225
5,0.970431327806293,0.0815929554039179,0.8769780502993577,0.3434973749778537
