epoch,acc,loss,val_acc,val_loss
0,0.7023836549105087,0.6802432713998433,0.8718734047983665,0.3631055054538648
1,0.9234392735257186,0.21265545554044704,0.8795303726391016,0.32399037753238
2,0.9744040862656073,0.08135334709817786,0.877488514548239,0.3607256045862614
3,0.9821793416436766,0.05040817021600538,0.8785094435936702,0.3907911301585273
4,0.9897275822928491,0.03019310541564089,0.8718734047983665,0.41897382125383953
