epoch,acc,loss,val_acc,val_loss
0,0.5303030303165599,0.9748844486226723,0.7910066403231575,0.7001011230291367
1,0.9237316993508379,0.33570467137902105,0.8834951449305535,0.32840045069819757
2,0.9866076498266491,0.06306141507945555,0.8865610655010752,0.30491363453999065
3,0.9980705937250371,0.018200092553338133,0.880940208888261,0.31555762223035144
4,0.9989218022925888,0.00909186281998866,0.8788962707753443,0.3256009109146935
5,0.9996595165134491,0.005230815165408016,0.8748083822448216,0.34001013968571997
