epoch,acc,loss,val_acc,val_loss
0,0.674441039643403,0.7298055238038346,0.8477261113949923,0.4211696802077393
1,0.8740778572036303,0.33369050384237525,0.8630556974961676,0.35299479167986475
2,0.9233344682579941,0.20915468504237825,0.8656106285130302,0.3609096842818438
3,0.9474520485688793,0.14111370528451891,0.8686765457637223,0.36771230284632866
4,0.9605606627875595,0.10703424957432145,0.8691875319670949,0.3862601504620692
