epoch,acc,loss,val_acc,val_loss
0,0.5969920544294169,0.9036464162094774,0.8055130171191638,0.6093223688552549
1,0.8253121452488504,0.4816181220342569,0.8499234304432969,0.398566085778675
2,0.8864926219798379,0.3129945479240374,0.8611536498821896,0.3477786669717753
3,0.9115777524321358,0.2401128983118748,0.869831546768356,0.33400213071860607
4,0.9333144153828788,0.19107604230438,0.871362940336503,0.33326538450228677
5,0.9422814983244516,0.16006592214107512,0.8785094436545223,0.33308335125537597
6,0.9490351872465803,0.14284624428943932,0.8795303726695276,0.34084465517840745
7,0.9527809308416862,0.13533401334326328,0.8769780500559493,0.35095663385436265
8,0.95669693524667,0.12107938451948284,0.8785094436240963,0.3618981321629911
