epoch,acc,loss,val_acc,val_loss
0,0.6018954657221562,0.9233147620167068,0.8197139939930637,0.6481519857758278
1,0.8556268089752951,0.4675643040890199,0.8707865165495167,0.3733172475134876
2,0.9166903127119926,0.2477310785080733,0.8779366701323847,0.31268717030460913
3,0.9497758356574093,0.15527800858785248,0.8907048008780436,0.299382992553029
4,0.9643039555279285,0.10652635442240474,0.8932584270271753,0.3080442893005854
5,0.9757675500856707,0.07329805155818676,0.8973442288657861,0.3243416216875121
6,0.9817263492559116,0.05528203733204091,0.8922369765675227,0.3501940505375536
