epoch,acc,loss,val_acc,val_loss
0,0.6599137441969367,0.7668514043488468,0.8569238630556975,0.39368470495887475
1,0.9022812393937151,0.2790509212955337,0.8696985181400102,0.3227951390212844
2,0.9568153444557939,0.1281159125617692,0.8712314767501278,0.3392630806502086
3,0.9754284417205765,0.07635876519584166,0.8717424629535002,0.3622826034632427
4,0.9828623311904675,0.05198388413311864,0.8702095043433827,0.39885581004127335
