epoch,acc,loss,val_acc,val_loss
0,0.7170261067239976,0.6485922122583486,0.8453292496171516,0.3937213174568992
1,0.915720771823108,0.22730323610727957,0.8631955079426261,0.36172281834712866
2,0.9591373439273553,0.11224766221324513,0.8611536498517635,0.38580226374865184
3,0.9770147559456062,0.06366325689381397,0.8606431853290478,0.42637758659062913
4,0.9821225879952802,0.0520849715543025,0.8662582950789202,0.4247908059311741
