epoch,acc,loss,val_acc,val_loss
0,0.7473045055758817,0.6237843514144955,0.8605007650478189,0.3578311911973042
1,0.9437067302844674,0.16398840037962728,0.8594787962045606,0.35591536394844386
2,0.9780955620878685,0.06547511765153491,0.8686765473779514,0.3805833203669525
3,0.990069231791091,0.028013047492574474,0.8717424645981864,0.4147827411160886
4,0.9952899785848714,0.014652080905576487,0.8727644374922459,0.4681081930227772
