epoch,acc,loss,val_acc,val_loss
0,0.6579843377460891,0.7681598233224152,0.8487480838321945,0.3983556995997334
1,0.9103960957893542,0.2692784610782683,0.8666326009502323,0.3460951134387364
2,0.960106684825786,0.12190949933244237,0.8696985181704674,0.36732474622765426
3,0.9748042219749389,0.0754999541826043,0.8748083802041925,0.388306219052708
4,0.9839405288843491,0.049472308373826004,0.8727644354211596,0.42255521914029404
