epoch,acc,loss,val_acc,val_loss
0,0.5625354669148475,0.9067861696077576,0.8257537042235743,0.5055749423508749
1,0.8635796164359587,0.38382087896352135,0.8666326007065751,0.3412694090412902
2,0.9347974124540334,0.19641283429476694,0.8727644351470453,0.31268536837416516
3,0.9615253661482792,0.11518673006169927,0.8732754213504177,0.31867839174424134
4,0.9706049256069871,0.0854308640895319,0.8763413385706528,0.3382792193242708
5,0.9798547269645607,0.06422149305506795,0.8768523250785968,0.3502547820277158
