epoch,acc,loss,val_acc,val_loss
0,0.5173098750065729,0.9716402870842872,0.8111281268690361,0.6229978450833078
1,0.8110669694071325,0.5110568911073968,0.8647269016629034,0.3778503964512004
2,0.8874574347738511,0.3189661590655194,0.8723838695340645,0.33247670621029757
3,0.9202043133074255,0.2256382572799752,0.8734047985794959,0.32506344855714053
4,0.9417139613533669,0.16984479827520932,0.8734047985794959,0.3259909824183427
5,0.9497729851222606,0.14870478159723705,0.8723838695340645,0.332695628928554
6,0.9569807038269302,0.12378953107707752,0.8723838695340645,0.33703746836425214
