epoch,acc,loss,val_acc,val_loss
0,0.6787173669535781,0.8549937931552242,0.8443083214236499,0.624944374048935
1,0.8771850169584511,0.4398969753714073,0.861153650095172,0.41531105615643593
2,0.9218501702069425,0.26096667920014105,0.8805513000719519,0.33612481162765917
3,0.9448921680721062,0.17567280042455632,0.8810617677894035,0.3056228477593403
4,0.9604994326796082,0.125764971898782,0.8846350194484133,0.295715364298083
5,0.9661180479843148,0.09613981754196624,0.8846350194484133,0.30033040218599116
6,0.9769012487570625,0.07216995385444801,0.8866768775392759,0.30083199631900065
7,0.9812145289849747,0.058608880804832626,0.8846350194484133,0.3085459595343603
