epoch,acc,loss,val_acc,val_loss
0,0.5281498296577463,0.9640678648239638,0.809596733240037,0.6286068140334654
1,0.8107264471378824,0.5130674110571183,0.8478815723220081,0.38971877452547055
2,0.8902383656020062,0.31187369571100165,0.8591117917913268,0.3446927665903472
3,0.921793416450297,0.22575161370124233,0.8657478305562045,0.3384708834963225
4,0.9401816117506427,0.1702655596001059,0.872894333935076,0.33896053815569543
5,0.9503972756876171,0.13796616827521502,0.865237366094341,0.34120673768035975
6,0.9566401814764934,0.12273474624729319,0.8611536500038938,0.35522669779670185
