epoch,acc,loss,val_acc,val_loss
0,0.6615777524186046,0.760399234971448,0.8187850962919262,0.469801833855978
1,0.8786038594538184,0.3260546841158634,0.8596222582613101,0.36685933530969606
2,0.928036322618045,0.19588397320161208,0.8580908609203322,0.3622579597100243
3,0.9527241768820738,0.13550074169164888,0.8657478281829721,0.3594096801212821
4,0.9625993189016075,0.1048586980100387,0.8734047997965382,0.36345566651722555
5,0.971679909234691,0.0799004088550231,0.8662582927056878,0.39221327276848117
6,0.9770715095534092,0.06734174178420618,0.8683001513746456,0.4060245047058604
