epoch,acc,loss,val_acc,val_loss
0,0.5726447218527995,0.9470508120387421,0.7687595714227833,0.7275775367657465
1,0.847389330414719,0.5061195141408554,0.8315467076255327,0.4389551519860778
2,0.912769579968577,0.2695276946742743,0.8524757530264492,0.36750940994500747
3,0.945743473406953,0.16612421964442148,0.8606431853594738,0.34926703194990155
4,0.9628263335763799,0.11434456602026466,0.8601327208976103,0.36092083305957184
5,0.9714528943028271,0.08249895079790802,0.8601327208671843,0.37136828605011446
6,0.9802497162315551,0.06189299969469851,0.8596222563748946,0.41059007066253983
