epoch,acc,loss,val_acc,val_loss
0,0.5236662886199561,0.988696464101248,0.7667177136666072,0.7806508233499746
1,0.8975595914952195,0.4637869809596682,0.8728943360040479,0.3957315702533284
2,0.9717366629236808,0.14599399912032582,0.8815722296954783,0.3231946398647176
3,0.9908626563838608,0.05790428221225739,0.8876978033899713,0.3095520276722706
4,0.9961975028376845,0.029286986912910432,0.8866768756528605,0.3090032810699946
5,0.9988649262202043,0.016569628308989132,0.8887187318573075,0.31479473779431527
6,0.9991486946651532,0.011480144966524792,0.8876978046982917,0.32781546144171475
7,0.999205448354143,0.008415086732946853,0.888718733165628,0.33413478887281955
