epoch,acc,loss,val_acc,val_loss
0,0.6557711952999817,0.7764291061390111,0.8375063888199425,0.4358233090377792
1,0.8782204060938203,0.32949119988939246,0.8666325999756035,0.33313127139970605
2,0.9244126662157028,0.20445243618015047,0.8727644370049314,0.317788426432612
3,0.9506298943824711,0.13660149252241524,0.866632601102518,0.3451347367977938
4,0.9627738052133723,0.105143660425991,0.8722534467507578,0.3445489296939949
5,0.9694699807465246,0.08260749737414906,0.8778742980640277,0.3612540384671733
