epoch,acc,loss,val_acc,val_loss
0,0.7333144154505346,0.6429651943698238,0.8616641159262081,0.365289624839367
1,0.9404653801955917,0.17345947363455097,0.8698315475594334,0.33143718819827556
2,0.9762202040426576,0.07027791299847685,0.86727922436776,0.3564109107314962
3,0.9893870601589103,0.0324216774071775,0.8677896875821552,0.4133742112417255
4,0.9933030646992055,0.017854861701573334,0.8621745778322828,0.4725200589698696
