epoch,acc,loss,val_acc,val_loss
0,0.7251418841412877,0.6484637448113839,0.8616641144049052,0.3550994467254559
1,0.9077185017973286,0.24845762760225137,0.8734047985490698,0.3187152388571719
2,0.9513053348738273,0.1336797794337711,0.8703420113823498,0.3575013982452502
3,0.9665720770497057,0.0893405805770033,0.8718734049504968,0.37054479896505005
4,0.9768444949733548,0.06521885988051991,0.8759571212235003,0.3845038002032659
