epoch,acc,loss,val_acc,val_loss
0,0.7258796821522794,0.648131062941167,0.8397141399889835,0.403891327020281
1,0.9122587969165113,0.23766617284121497,0.8555385402235953,0.37066435547675813
2,0.9505107832144392,0.13600649174374702,0.8642164371401878,0.36320380619315845
3,0.9694097616480374,0.08680377482826675,0.863705972526194,0.4058457850923095
4,0.9778093075508698,0.06238507971793379,0.8601327208671843,0.4318989616014813
5,0.9833711689906819,0.04690494334978494,0.8550280757617318,0.4702375046813774
