epoch,acc,loss,val_acc,val_loss
0,0.6403359436999654,0.8761673163114835,0.83035258087627,0.5843387646948006
1,0.8684031324413115,0.4226057681792738,0.8599897806718755,0.3927704428127973
2,0.9300306435137896,0.23766709140221495,0.8702095044347542,0.3359436762381648
3,0.9570423334468279,0.15410838718903944,0.8768523244694538,0.3187266556383337
4,0.9698672114199508,0.10767222492753843,0.8727644351470453,0.3175441356233997
5,0.9779820678697083,0.08312119806195724,0.8702095041301827,0.3177062484702713
6,0.983032572899919,0.0646185250040649,0.8753193661639077,0.320217543085071
7,0.9848484848484849,0.055002808364535444,0.8788962695875153,0.3200593427105345
