epoch,acc,loss,val_acc,val_loss
0,0.6306321643941479,0.895644956597837,0.8369954032561703,0.5992909941249315
1,0.9013165358232864,0.3778532316053973,0.866632598665946,0.3669296618195048
2,0.9591419818033061,0.1750096802428177,0.8799182440044323,0.3134078991675048
3,0.980365452295859,0.09645495749523794,0.8819621883306079,0.2947106968704754
4,0.9898422429488826,0.0596783569985507,0.8809402164111774,0.292038870766934
5,0.9924526163457729,0.04330508391143596,0.8845171193474705,0.29143955555873435
6,0.9951764840893544,0.03135291236744384,0.8850281050635286,0.29639473080056383
7,0.9940415389853592,0.02898160241258434,0.8819621883306079,0.30513229147627696
8,0.9959709454091477,0.02322287924250332,0.8799182430298035,0.30656263733251277
