epoch,acc,loss,val_acc,val_loss
0,0.7276390465109627,0.6215751312140303,0.8657478307691869,0.3532339731547953
1,0.9591940976028139,0.12054094599134942,0.874936192178069,0.3461097350468619
2,0.990011350737798,0.03212096660496259,0.8734047986099219,0.3901351199520066
3,0.9960839954597048,0.013751540409105594,0.8708524760876218,0.43270459337585004
4,0.9970488081725312,0.008898522056812033,0.8744257276857794,0.4742666913454115
