epoch,acc,loss,val_acc,val_loss
0,0.655657700594756,0.8493668820703494,0.7945835462442514,0.615411464907286
1,0.831574168632526,0.4767244638581915,0.8257537046499744,0.4504236661327939
2,0.8750425604696429,0.3398755504191091,0.8441492079713848,0.404224113094362
3,0.8980251957577103,0.278394788877402,0.8451711803781298,0.3797389445526599
4,0.9161843150742491,0.23235559268674763,0.85334695963209,0.373340872035961
5,0.9248666439610027,0.2060847662456081,0.85947879407256,0.36335780906719883
6,0.9337759618455551,0.18571160697846364,0.8620337250894226,0.36397151389731763
7,0.9406991260720902,0.17035008094686477,0.8712314767501278,0.36360399812597005
8,0.9478492792896591,0.15124948438451044,0.8681655595298927,0.36472365368627807
