epoch,acc,loss,val_acc,val_loss
0,0.6713961407626798,0.729648139237275,0.8616641143440531,0.40752106906504826
1,0.8706583428193437,0.33756645854972683,0.8657478305257784,0.3513994194004321
2,0.9259931895843835,0.2022447705674794,0.8647269014803471,0.3380116037910328
3,0.9496594778525301,0.14217186845695257,0.8754466564573762,0.33416430340464653
4,0.9591940976434074,0.1095551783546687,0.8693210821847882,0.3567596501088404
5,0.9687287173530977,0.09039884965092992,0.8677896886166412,0.37000354594679863
6,0.9724177071509648,0.07952621451512436,0.877488514548239,0.3436532880466254
