epoch,acc,loss,val_acc,val_loss
0,0.6617296560575602,0.7714278918973515,0.8380173751756008,0.426754252957518
1,0.8767449778618086,0.3299609539917684,0.8717424606996711,0.3244379557360784
2,0.9255476111505782,0.20065686097041985,0.8650996400558284,0.32474683884552197
3,0.9504029052223173,0.13656701714953828,0.875319364610593,0.3072927337507234
4,0.9602769266096502,0.10688002401716172,0.8834951438645532,0.31158034003962654
5,0.9708886620690178,0.0813443044259943,0.8860500748814157,0.3255338517984201
6,0.9738962662002175,0.07254279326322387,0.8788962690088294,0.34078328245199024
