epoch,acc,loss,val_acc,val_loss
0,0.623382520053227,0.8947297252942972,0.8182746293046999,0.6261244867455296
1,0.9013053346032046,0.3779353571601136,0.8642164385397864,0.3946955647013393
2,0.9592508513865217,0.1716835879812717,0.8718734024555601,0.33750907618090353
3,0.9811577754312963,0.09486013965323889,0.8723838714813322,0.3215259970177674
4,0.9890465378896602,0.059684090731532295,0.8683001534131913,0.32081477887901866
5,0.9922247444730882,0.04287075430290112,0.8683001545693815,0.31670026840939697
6,0.9960839953243935,0.03204217463790964,0.8718734056502961,0.32228636420643286
7,0.9955732122587968,0.026508296179615816,0.8703420120821491,0.3246945074743735
8,0.9956867193661537,0.02262650966669658,0.8718734024555601,0.3286195400115359
