epoch,acc,loss,val_acc,val_loss
0,0.6663829304211094,0.738385518077364,0.849259070035567,0.40194050877083304
1,0.8730564067778015,0.3336730600654869,0.8415942770154365,0.3843692546300152
2,0.9259448416751788,0.20270128530937337,0.8630556975266248,0.3605174575158998
3,0.9480762683009875,0.14043841645968866,0.8559018906794096,0.3718014628410827
4,0.9583475201452729,0.11095820846664568,0.8650996423401148,0.3615673382366319
5,0.9665191238563186,0.08887460013514763,0.8650996423401148,0.3995085524611164
