epoch,acc,loss,val_acc,val_loss
0,0.5438706014131985,0.9534139774037814,0.7789688610555933,0.6718827403887855
1,0.7965380250798723,0.5565257083679571,0.8534966828325319,0.4207006455715242
2,0.8616912598236465,0.37427600501073477,0.8631955087641296,0.3496555187922464
3,0.895232690016609,0.2833254606242077,0.8759571231403419,0.3286341568868704
4,0.9126560723199747,0.23756570328580942,0.8800408393220672,0.32326150410573296
5,0.9307037457299422,0.1940874223033903,0.8769780521857733,0.3176787013816493
6,0.9353575484977272,0.17802339436721043,0.8769780502993577,0.32648470851765293
7,0.9440408623313254,0.161480388326082,0.8785094457539202,0.3349838406227875
8,0.9476163447376819,0.14927979887681977,0.8790199083902204,0.3246131261859152
