epoch,acc,loss,val_acc,val_loss
0,0.7054250369127703,0.731906146869772,0.8359734287478818,0.47144591905781974
1,0.8800363182723894,0.335687626818295,0.8553909045064942,0.37387479996279177
2,0.9202701168993304,0.22195992148307434,0.8620337251198797,0.36171224248853945
3,0.9376915219950088,0.17200065317164484,0.8620337251198797,0.36668516859206607
4,0.9504029054590852,0.13951499199010825,0.8671435871231477,0.36500225600291103
5,0.9597094541050062,0.11522485066516867,0.8676545733265202,0.38121701054385443
