epoch,acc,loss,val_acc,val_loss
0,0.41902167729981815,1.0644623751727451,0.504854365840638,0.9796754053556377
1,0.6898762913313616,0.8194066653077386,0.8293306140127265,0.6142178486973641
2,0.868346384855313,0.44997776345462,0.8686765405860066,0.37993044346403454
3,0.924242424452133,0.252991055389658,0.8799182471110617,0.3139022592689288
4,0.9514811030582596,0.1617449250394837,0.885539093673016,0.293401121651572
5,0.9650436951237117,0.11858324185664883,0.8840061367380418,0.28632705977332185
6,0.972193848767463,0.09114065485510811,0.8845171229414143,0.298014766367711
7,0.9790602658747707,0.07228538006435876,0.882473171427351,0.3108652739513877
8,0.9823516062447627,0.06022434544328555,0.8819621919245517,0.31815764448078665
