epoch,acc,loss,val_acc,val_loss
0,0.5259902395275039,0.980619839277918,0.7726111403520337,0.7699491384081775
1,0.8991033935462992,0.45657904920844805,0.8686765438144647,0.3914699948711181
2,0.9683350356425293,0.14978715337177856,0.8804292295682047,0.3250101407572026
3,0.9912041764689038,0.06252325576713266,0.8850281049112428,0.3050949930931514
4,0.9969923960176259,0.031046343014538864,0.8809402162588916,0.30789676364977625
5,0.9981840882205542,0.019088467969288012,0.8824731743816947,0.31417558133206197
6,0.9990920441846899,0.012447805975434554,0.8819621876910078,0.32558705790589887
