epoch,acc,loss,val_acc,val_loss
0,0.5294518214919458,0.9748134012864135,0.806336230901534,0.7040034739351053
1,0.8728294181317724,0.4297498095835152,0.860500766662048,0.3701629465522971
2,0.9487004877895627,0.16617350174415776,0.8661216123102877,0.3379953797367926
3,0.9758256726240059,0.08470079593082222,0.8707204926787558,0.3541483044258843
4,0.9845647483323356,0.053843992211676364,0.8763413409158534,0.3667609784209612
5,0.9895017594623317,0.03574089085231465,0.8748083808437926,0.3860116724341758
