epoch,acc,loss,val_acc,val_loss
0,0.7108160253957078,0.6573647245715688,0.85743484925907,0.37990977831744516
1,0.9131199636547023,0.23211363657096393,0.8625447113232523,0.3558107041009056
2,0.9612416297809556,0.1034810719207215,0.8579458354624425,0.3920938499656391
3,0.97588241968235,0.06521427106789145,0.8528359734591746,0.4354481379033719
4,0.9835432981297453,0.04619638573079405,0.8497700562389395,0.4738948818793026
