epoch,acc,loss,val_acc,val_loss
0,0.7206583428058126,0.6430334313435397,0.8591117917304747,0.3724882336311525
1,0.9153802496891693,0.22747973353854645,0.8621745788667687,0.35225190017648106
2,0.9591940976028139,0.10991115601528245,0.8688106176924986,0.3641243406313302
3,0.977639046538025,0.062017827627759654,0.87289433390465,0.3965102226044098
4,0.9824631100886255,0.04801156953786934,0.8601327208063322,0.39557031388791497
