epoch,acc,loss,val_acc,val_loss
0,0.6011918277394082,0.8853974023417366,0.8182746287266048,0.5781590484611352
1,0.8527809310040598,0.41992008847762724,0.8550280745142634,0.37088581184880837
2,0.9063564128827021,0.2563610712529311,0.869321083188848,0.3327239507038171
3,0.9362656075215637,0.17992765707609737,0.8723838677085012,0.3360275492612168
4,0.9501135075944777,0.13539153184238548,0.8713629424359008,0.3324744479655611
5,0.9598751416947866,0.10794663736078715,0.8728943341176324,0.3379112577532675
6,0.9695800227826624,0.08626583533849944,0.8647269036405971,0.3525707518159887
7,0.9720771846922789,0.07576182729878572,0.8652373662768973,0.37290338030148673
