epoch,acc,loss,val_acc,val_loss
0,0.7435024400707704,0.6084988078252774,0.8589678076559875,0.3574626040842439
1,0.9364998296229607,0.1781732789667277,0.8681655596212642,0.3421508467465441
2,0.9707184200213265,0.08418415894222617,0.8666326013157182,0.3744485073084726
3,0.9841675177942054,0.04625119743698532,0.8712314771460707,0.37834771104655707
4,0.9908636931108841,0.025604782281675488,0.8758303526718518,0.42791345915017104
