epoch,acc,loss,val_acc,val_loss
0,0.4980136212101048,0.9823511245708054,0.8218478814809526,0.6414111025361396
1,0.8659477862678511,0.38948976030820615,0.8739152624632645,0.32570097131836223
2,0.9465947786064884,0.15318513153021507,0.8831036270364564,0.31056319100324936
3,0.969239500878753,0.08930167439102991,0.8825931567327899,0.3271241497938702
4,0.9801929628537813,0.058640513485392703,0.8759571224101166,0.3363806418979454
5,0.984392735703714,0.04639268997680315,0.8728943281845514,0.3524904866617757
