epoch,acc,loss,val_acc,val_loss
0,0.6674801362223847,0.7694985219826087,0.8427769270339993,0.4136748970041718
1,0.901532349589193,0.2836524308674993,0.8565594691473224,0.3475127905044341
2,0.959421112345242,0.1255407424726091,0.8601327207759061,0.37130523933218473
3,0.97366628830874,0.07882679763855782,0.8611536498517635,0.3971150297331165
4,0.9825766174801362,0.0542969950080493,0.8586013272077591,0.44956524262224734
