epoch,acc,loss,val_acc,val_loss
0,0.5708773125450534,0.912429377827305,0.8431272354428111,0.5039175440598703
1,0.865792759118834,0.38237199855979137,0.8768523248653968,0.35435590350512164
2,0.9347406651250973,0.19285157304787767,0.8676545735092631,0.346619973909995
3,0.9602201792130661,0.11643043914713636,0.8686765456114366,0.3548585025704997
4,0.9719668595261315,0.08064752483226535,0.8671435870013191,0.3857390006769051
5,0.9775848370812805,0.06854032326818202,0.8753193662552792,0.3921433824267263
