epoch,acc,loss,val_acc,val_loss
0,0.6012938372353638,0.8757430006407566,0.7276443536176813,0.6437032913211419
1,0.7690387016162065,0.5842256804029945,0.696474195257644,0.827207209385349
2,0.8398025195507413,0.4208096717681426,0.7782319877667883,0.6731203068076316
3,0.8950175916400404,0.3008402692495038,0.725600408849877,0.8367207906169434
