epoch,acc,loss,val_acc,val_loss
0,0.5978890023698548,0.8733155903812435,0.7256004089717056,0.6874655176926828
1,0.7051413006130947,0.6981670331459773,0.7317322434121757,0.6509227991469612
2,0.7412325502483734,0.6259529932837875,0.746550843005407,0.6066183607737873
3,0.7714220860626516,0.5754693961180024,0.7388860499548193,0.6243909771307183
4,0.7892407218588154,0.5275538047506514,0.754215635751423,0.5943075966244153
5,0.8023493360504365,0.497058333167152,0.7721001531740324,0.5661622818386183
6,0.8147202360753155,0.462754863755628,0.749616760834785,0.6234852745786393
7,0.8308364544251953,0.4332358157738913,0.7409299953774524,0.6535922972657696
8,0.8353194869778211,0.4205814218117936,0.746039856497463,0.7129240641194335
