epoch,acc,loss,val_acc,val_loss
0,0.6103733968767212,0.8555492757127364,0.7087378641385842,0.7513371593926595
1,0.7710248553215774,0.5735941504345702,0.7782319877972455,0.5483177568635955
2,0.8386108274019315,0.4185439893937168,0.7802759325650497,0.5652520887146327
3,0.8899103393282471,0.3023783436205503,0.7746550843431808,1.0964376318801954
4,0.9249233911952317,0.22396430907864642,0.7812979049717947,0.6484753738329249
