epoch,acc,loss,val_acc,val_loss
0,0.6194665154588074,0.8798685834302263,0.7539561005074373,0.6065012605412996
1,0.7898978434815986,0.530585813380262,0.7595712102573097,0.5797985907170528
2,0.8734392735257187,0.32145436029970037,0.7687595716357657,0.6017031357749619
3,0.9372871735445081,0.17391744273948345,0.7437468099922717,0.8695433241424054
4,0.9653802497297627,0.10535170477006275,0.744767738976851,0.9343202090981422
