epoch,acc,loss,val_acc,val_loss
0,0.622914538570463,0.8221188848046517,0.664282064658376,0.7555905067622205
1,0.7619452956937496,0.5802957758082528,0.6888094019024849,0.7063337183449423
2,0.8256157075502372,0.44224930214443536,0.7552376090718826,0.5825383372616268
3,0.8832709114081526,0.3116216373394897,0.7491057738090694,0.6249706112857247
4,0.9261718307406255,0.20863150848952422,0.691364333437119,1.0344428761491498
5,0.9535807512523827,0.13658345568489236,0.7475728155035234,0.8076299364370659
