epoch,acc,loss,val_acc,val_loss
0,0.6460674157371019,0.7864172620192084,0.719979560734608,0.643691666862096
1,0.7804448983953673,0.5544760140884533,0.7833418493436561,0.5400703964668326
2,0.8410509590555463,0.41814474017189035,0.7894736836927547,0.5408831688141909
3,0.8901373283125164,0.2969687431154369,0.7843638219636012,0.6576897635956961
4,0.9351378957917588,0.18620661199735522,0.7853857946749176,0.6810256427322411
