epoch,acc,loss,val_acc,val_loss
0,0.5793326523798898,0.8991182967369328,0.7112927950640753,0.6722561190124672
1,0.7288049029283823,0.6703323315456552,0.584568216201293,1.0844674355288093
2,0.7739757121847242,0.586004759278772,0.722023505334898,0.6887908724417904
3,0.806832368643651,0.5117076541194715,0.7649463460222458,0.5762884688273826
4,0.8311201907045764,0.45395418273686905,0.7930505880300769,0.5094847489694704
5,0.8474633980387254,0.40672330124169037,0.7368421048367578,0.6847450268408688
6,0.869197593950519,0.3588007269595243,0.7848748078624022,0.5960689072835549
7,0.8811712632072647,0.3294471941542482,0.7930505880300769,0.5591141850015127
