epoch,acc,loss,val_acc,val_loss
0,0.5860385925085131,0.8974238390684398,0.7126084722202003,0.6711305237473609
1,0.7456867198668057,0.6112115876222712,0.7682491060785641,0.576013995227064
2,0.790862656397392,0.5142477215960132,0.7866258270099128,0.5098009026129675
3,0.8242905786711295,0.44660186967838905,0.7896886173409428,0.5010620470920834
4,0.8502270147288968,0.3845592181947797,0.7927514057855573,0.49793607916924465
5,0.8659477867549719,0.3412316497554844,0.8177641649341145,0.4507025633769841
6,0.8885357548105325,0.2896423116783008,0.8065339460124649,0.47639870091382797
7,0.9046538022536019,0.24667231664484393,0.800918834376177,0.51269233050305
8,0.9146992054754164,0.2197083465357509,0.8187850945576409,0.45540478744940105
