epoch,acc,loss,val_acc,val_loss
0,0.6548064918580844,0.8265298158691414,0.7102708231751018,0.6863060251571235
1,0.7803314039607335,0.5383693462108973,0.7659683190381338,0.5702437501996527
2,0.853592100816936,0.37581375673381145,0.7649463466313888,0.6598179066857331
3,0.9099421178005216,0.24609141948274255,0.7542156358427945,0.7469214185744936
4,0.9397911701620728,0.16369365321941806,0.7889626981898967,0.7808687569355562
