epoch,acc,loss,val_acc,val_loss
0,0.6650777437497235,0.7604209478441831,0.7271333674599946,0.6514882285435345
1,0.7729542617453659,0.5640713986846081,0.7455288707509476,0.6179109524876473
2,0.8064351378890473,0.4786939992325326,0.7583035258352604,0.5862516568641487
3,0.8396890251093427,0.4082971905460559,0.7802759325802783,0.5808497477716856
4,0.8611962319624544,0.35752886346183127,0.7956055186814536,0.5525931196213987
5,0.8866189989582551,0.30426627944133,0.7884517118342385,0.5847792472227776
6,0.9023947338689376,0.2615847257294134,0.7751660705465532,0.619335619752725
7,0.9224265122938584,0.21408472468753284,0.7751660705160961,0.6902018094480068
