epoch,acc,loss,val_acc,val_loss
0,0.502383654951102,0.9992244593942883,0.5395610010581335,0.9871746986237273
1,0.6893870601589104,0.7688097701981985,0.7386421647955411,0.6461979668623578
2,0.7717934165720772,0.596650835394724,0.7774374684002279,0.6126770056164222
3,0.8296254256256052,0.4669912091178331,0.7656967844386195,0.6513597682886674
4,0.8666855845900588,0.3725614075831198,0.7008677899320251,0.9113632068456345
5,0.8915437003675843,0.33008187530259947,0.7922409396198344,0.6115550848827975
6,0.9125425652532112,0.3086690082080518,0.7932618685739876,0.7656947342396513
7,0.9242338251715756,0.2790184717849489,0.6406329764037062,2.0896078371892113
8,0.9276958001999525,0.2771421330943957,0.7820316490438168,0.9364261804276914
