epoch,acc,loss,val_acc,val_loss
0,0.6111237229878732,0.8649050799455329,0.7049515061441766,0.6915987274548179
1,0.7339387058805797,0.6346651454653832,0.7008677899624511,0.6816211040680843
2,0.7987514189098804,0.49578258140133136,0.7406840226734214,0.6495697906943473
3,0.8568671963271705,0.3704251375155065,0.7718223585286513,0.6004455864216491
4,0.9080590239177362,0.25301024098706165,0.772332823081793,0.6661387821616659
5,0.9448921680721062,0.17873304480523988,0.7682491069000676,0.7170057075555498
6,0.9640181611804768,0.1274236727848429,0.77080142948322,0.8993156519150357
