epoch,acc,loss,val_acc,val_loss
0,0.6695987742778344,0.7579594580913793,0.7538304394063472,0.622447825367044
1,0.7630100448836088,0.5832349618655938,0.7747701734030453,0.5638184949862214
2,0.8038136315233462,0.49258885915992034,0.7972420835154049,0.5143889234428873
3,0.838885420852078,0.41257425216369886,0.7691521963011378,0.5783123824520909
4,0.8660688951258884,0.34736806542234344,0.8033707862733211,0.5107882235948837
5,0.908461494858071,0.2526400883868485,0.8140960160996746,0.5005837870691356
6,0.9341127064399758,0.19197626496733308,0.8064351377131624,0.5357875454413635
7,0.9601044208783851,0.1324559325720908,0.7946884577924554,0.6176849305934147
8,0.9743487883944171,0.09757394629485842,0.8125638411407938,0.6010272597268117
