epoch,acc,loss,val_acc,val_loss
0,0.6853365111859726,0.7290876751224213,0.7567705672556,0.6142917225479044
1,0.7975825672184294,0.49991228100918245,0.7858967808478331,0.5496408317426547
2,0.8723186925772356,0.3254918906579371,0.7838528360038859,0.5907943416263111
3,0.9300306435070248,0.1843380473867852,0.7894736842714406,0.6600113633218686
4,0.9591419816138917,0.1174333371528972,0.7864077670207484,0.7232033319782711
