epoch,acc,loss,val_acc,val_loss
0,0.6460674157371019,0.7774335625506925,0.7189575881451201,0.6685642545236637
1,0.7718760640379547,0.5599636988598702,0.7506387327542157,0.6132074298911029
2,0.8280558392850296,0.4336246485580801,0.742973939703628,0.676454473589535
3,0.8736238792756807,0.32785892794708865,0.7669902912621359,0.6071349711109316
4,0.9068777664418578,0.2432597516654853,0.7812979049565661,0.6250855606477603
5,0.9397911701079544,0.1625082737511152,0.7751660705160961,0.7586954553722459
6,0.9517080921575304,0.12984309622206341,0.7772100153295861,0.8482681775118681
