epoch,acc,loss,val_acc,val_loss
0,0.5934627167470419,0.8697454218574366,0.7266223825662795,0.6711323326134718
1,0.7588809445853835,0.5992530067978212,0.7572815542508585,0.5879722639925942
2,0.8161389172557479,0.46844145670176335,0.7756770625976988,0.5426724054829223
3,0.8684031325698427,0.354666832454385,0.7940725626297367,0.5272113072305659
4,0.9218590398771567,0.23459323440916138,0.7981604489064302,0.5512369032958727
5,0.957553058886363,0.14705291750475438,0.8007153843700368,0.546677566665012
6,0.9728180682154495,0.0995147204784026,0.7884517076920659,0.6209060899079546
