epoch,acc,loss,val_acc,val_loss
0,0.6330155487458858,0.8598835192964913,0.6458865607278227,0.809884367241321
1,0.7702871411007172,0.5646622052542833,0.7429739397949995,0.654582887842269
2,0.8528543865351925,0.38189987949041865,0.7715891675798029,0.5729763823379104
3,0.9191919192257432,0.2243214382167139,0.7445068979787168,0.7750104708091665
4,0.9508568834208587,0.14955620119783017,0.7649463461136172,0.9134564495963836
5,0.964930200885257,0.12426286258829576,0.7741440977743224,0.9829981032840804
