epoch,acc,loss,val_acc,val_loss
0,0.6729284903518729,0.7620069675900203,0.7493619193466055,0.6153780604546748
1,0.7754824063564132,0.5456160253482563,0.7493619193770314,0.5785452416960593
2,0.8237230420247921,0.43829204415084283,0.7559979581723352,0.6207581889787579
3,0.8572077185287649,0.36293302544400047,0.7539561000814725,0.6487706869369018
4,0.8856413166585223,0.2980455922417419,0.7840735069216971,0.5658693700313812
5,0.8967082860521236,0.26157787841714064,0.7922409392851478,0.5657687499822556
6,0.9155505107832009,0.21895558644132634,0.7856049004594181,0.6301541290587768
7,0.9263337116777288,0.20116541605193283,0.7733537519142419,0.7641591003555434
8,0.9329738932895336,0.17852534996377353,0.7789688616945404,0.7902229183057305
