epoch,acc,loss,val_acc,val_loss
0,0.60261066969353,0.8749670755173102,0.6845329249921412,0.7301585444264901
1,0.7525539159910092,0.6136350000892405,0.76722817767208,0.5546131399044155
2,0.8150964812983449,0.47564224602821603,0.7866258295048494,0.5386021090229292
3,0.8618047672828129,0.3658522355772986,0.7845839714139867,0.5486742441693151
4,0.9000567536754587,0.2833019712388042,0.7825421133535501,0.6850373954752259
5,0.9259364358548003,0.22105502770721033,0.7830525778762658,0.7207567841955568
