epoch,acc,loss,val_acc,val_loss
0,0.6330874006810443,0.8056904233002635,0.7253700869615252,0.6442086520457888
1,0.7797956867331679,0.5556580646287028,0.75803981632405,0.5667277731994027
2,0.8416004540159808,0.41280466963903856,0.7360898419385543,0.6572707535175111
3,0.8916572077185017,0.2897295549630307,0.7667177132406424,0.6712723157124717
4,0.9321793416301455,0.19370179744299912,0.7723328229905149,0.7863835012383337
