epoch,acc,loss,val_acc,val_loss
0,0.43561659380645584,1.0582927720283286,0.6583248231335485,0.877057615960582
1,0.6744793145659698,0.7512560820858254,0.7145045990232793,0.6662972240087569
2,0.7584700070359192,0.5877714850907835,0.7543411642708744,0.5812542690563494
3,0.8157312296405769,0.46170764467406505,0.7880490297438297,0.5130158817439328
4,0.8533000397828318,0.37990800220730503,0.8217568991741925,0.471859986466699
5,0.8854208044544142,0.2986815555210275,0.8197139877220949,0.46255924162265594
6,0.9101640091101499,0.2379429489238857,0.8089887634969951,0.5534650137889616
7,0.9424550250543855,0.15864066760924678,0.8166496373172678,0.5990192649069797
8,0.9608989275446896,0.10883575659521146,0.8304392208361406,0.6122999257646858
