epoch,acc,loss,val_acc,val_loss
0,0.5602156640316923,0.9386810366466015,0.6998468608561677,0.7612817679332676
1,0.673212258823884,0.7579776583951935,0.6978050027957311,0.7122426080180407
2,0.7078320091076525,0.7002993747270608,0.7238386933933781,0.6688839244319201
3,0.7302497162044927,0.6533155267815043,0.744257274271579,0.6204589300158073
4,0.7498297389600929,0.6022066669485762,0.7396630935671379,0.6049842360130435
5,0.7698070374439036,0.5688396508793826,0.7549770292790341,0.5895592286734024
6,0.7845629966218409,0.5410731282326203,0.7600816745061908,0.5924179888824348
7,0.7964245175801125,0.5191844727746745,0.7565084228471811,0.6048250300291548
8,0.8057888762634269,0.48950855710314295,0.7493619195595878,0.6173694167379338
