epoch,acc,loss,val_acc,val_loss
0,0.6722474460704643,0.7700984559860187,0.7141398673400762,0.6352942839698441
1,0.7775255391735766,0.5474894394533588,0.729964267544262,0.6220033955306287
2,0.8219069239229945,0.4488789659488215,0.8070444104743284,0.466197229910408
3,0.8529511918004066,0.37031416010098883,0.8126595202242007,0.48652284587445827
4,0.8817253121723517,0.3058572862191585,0.8034711588153187,0.5160987553485745
5,0.8986379114371829,0.2631177068500865,0.7963246554668733,0.5532990405759135
