epoch,acc,loss,val_acc,val_loss
0,0.665550510796732,0.7621004879136362,0.7355793772941344,0.602557800143516
1,0.7723609534890373,0.5580841177979339,0.7651863196116433,0.5552538852262034
2,0.811634506269968,0.4749817780143963,0.7799897907095457,0.5383162715411904
3,0.8418274687854711,0.4102735061786232,0.7559979581419092,0.597597631296374
4,0.8641316685855186,0.3494296305701898,0.7759060745278203,0.5493857944693232
5,0.891316685584563,0.2942160855188002,0.7896886167019955,0.5603554667776613
