epoch,acc,loss,val_acc,val_loss
0,0.5077185016890795,1.03687792924422,0.7172026542329618,0.7253267441007664
1,0.692622020431328,0.7580638626782767,0.6875957098769071,0.773133845308595
2,0.7595913737098963,0.6022632202279419,0.7565084233644241,0.5850469459070728
3,0.800624290822448,0.5004996527337324,0.7626339974848819,0.5874922201303635
4,0.8408626561808938,0.42284932633804817,0.7805002527373247,0.535510287715684
5,0.8716231551803606,0.37250583918086516,0.8004083698534613,0.5104205104512424
6,0.9021566398568646,0.28230987713502026,0.8004083691232359,0.5252364550304996
7,0.9183881953138769,0.32348493742550405,0.7988769793279199,0.6303839710611905
8,0.9354143021461235,0.2158342307105779,0.7983665110323732,0.5847465535278769
