epoch,acc,loss,val_acc,val_loss
0,0.6119055725662003,0.8929502904083656,0.7220235050303264,0.6720467595708084
1,0.7553058677601254,0.6017448443679693,0.7583035259875461,0.6095355609027354
2,0.8270911361475481,0.4348804306366998,0.7373530916492733,0.7192710592665109
3,0.8758937691454313,0.32125486322394187,0.7649463466313888,0.7175858359465991
4,0.904040404141876,0.24803519959604547,0.7705671943507149,0.7284644625292911
