epoch,acc,loss,val_acc,val_loss
0,0.5591940976163451,0.9283783115268971,0.6921898930458587,0.7324128780455051
1,0.7177071508971571,0.6839291360673244,0.7003573254701615,0.7456326092488307
2,0.7698070373762479,0.5763943249535208,0.7406840227342735,0.6266181982859718
3,0.8162315551052028,0.4670776628811974,0.7641653906574901,0.5944473536845797
4,0.8629965947380672,0.361969798404161,0.7662072487483529,0.6653924643415282
5,0.8916004539077317,0.2894583421553169,0.7452782034387145,0.8477052019042832
6,0.9258229285986009,0.21062962163861304,0.7427258808251362,0.7486533277980402
