epoch,acc,loss,val_acc,val_loss
0,0.6751220065759159,0.7334987278687346,0.7404190087172227,0.6401989353848283
1,0.7948019521120877,0.5072000072635867,0.7567705671946857,0.6066434504916367
2,0.8670979457631608,0.3371610806946478,0.7751660705465532,0.5629095504889393
3,0.9221427761091844,0.21202063098111823,0.7925396014307614,0.6538337329759486
4,0.9515378504142549,0.12992914109982845,0.7889626980071538,0.7967952820807924
5,0.9629440472137102,0.10236360885870063,0.7726111394992335,0.874477954020778
