epoch,acc,loss,val_acc,val_loss
0,0.6857548240094395,0.7242761006284923,0.7182235838564882,0.6533800861615195
1,0.8431328035916427,0.41257893639309046,0.7922409396502605,0.5025827341568962
2,0.9275255390382652,0.20202324047397133,0.795814191217992,0.510038412335334
3,0.9730987512835308,0.0885959846224471,0.7830525782109524,0.6724186320886617
4,0.9889330306605232,0.04091525287721539,0.8055130171191638,0.6250154196820495
