epoch,acc,loss,val_acc,val_loss
0,0.5203722622294172,0.965044569203402,0.6867654558707088,0.7257788520597596
1,0.7264215186104684,0.6551373060722923,0.7577925421293743,0.5807979970363311
2,0.7831120189926625,0.5379115315967028,0.7465508389546058,0.5892035921556826
3,0.8352627396218258,0.43278855562291263,0.7777210018070729,0.5367733407946467
4,0.8739643624239917,0.33740408840183234,0.8032703103614695,0.5196477327958381
5,0.9074452386691451,0.25860624749311967,0.7945835476757375,0.5479797610045088
6,0.9418908183561959,0.17601914973423222,0.8017373556803243,0.5935684289320672
7,0.9664623765950305,0.11287713204318664,0.8017373478832936,0.6392096244503055
