epoch,acc,loss,val_acc,val_loss
0,0.6168208388497195,0.8836838855766951,0.7145045963444189,0.6552626667154213
1,0.7561432382493668,0.5920226114757297,0.7620020427182698,0.5809422422721754
2,0.8267975711171699,0.4358297851450171,0.7354443314978977,0.7272735965629399
3,0.8771919868643347,0.3197336759407467,0.753830438675749,0.6805365204324031
4,0.907099483607948,0.25101480634162027,0.7334014302741763,0.8634351070616413
