epoch,acc,loss,val_acc,val_loss
0,0.4344569289674825,1.0589206019022612,0.5666837024030846,0.94438408766709
1,0.6540687776507537,0.7871455243816036,0.713336739603451,0.6685924404545834
2,0.7726705252156871,0.5671684552694799,0.7695452237104846,0.5815887888841137
3,0.8481443652688896,0.38795562655887056,0.7864077700969206,0.5545880602035951
4,0.9153898538423983,0.23004830814411795,0.7184466027336335,0.8642991628644414
5,0.9528997845498729,0.13103022951230656,0.7741441028911238,0.8573880717653246
6,0.9716831236864621,0.08212374331034918,0.7746550840690664,0.8159040008568313
