epoch,acc,loss,val_acc,val_loss
0,0.6565089092908389,0.8044356064890614,0.7307102710054307,0.6233901343116605
1,0.7834525025806853,0.5338396108822904,0.7240674498438165,0.7104472305985452
2,0.8631823856881198,0.35939759578530034,0.7041389880036601,0.9086628793208161
3,0.911304051787314,0.23765764637535133,0.7588145120995472,0.7847257947732919
