epoch,acc,loss,val_acc,val_loss
0,0.6503036150352671,0.8332315602994494,0.5817160363460342,1.1127202918751125
1,0.7836104648100126,0.5337821352455457,0.7875383045748866,0.5206607649591776
2,0.8551160547175991,0.3677567555484812,0.7681307462067842,0.6101508680597876
3,0.9115827705646223,0.24106944863117416,0.7962206331166354,0.6195858455775829
4,0.9386527438885196,0.16788883908680785,0.7972420835154049,0.7063378804307183
