epoch,acc,loss,val_acc,val_loss
0,0.5868232890907745,0.872633654154493,0.6969851814610165,0.7280763454381215
1,0.7424242423971832,0.6309955690562177,0.7608584568825801,0.5872864918131334
2,0.7907161502599472,0.5258841410172729,0.7715891671534028,0.5708192735529701
3,0.8311201906978116,0.43503187510715874,0.7864077670207484,0.5981541426436415
4,0.8608557485300219,0.35919893614591797,0.7715891671534028,0.6401008022154359
5,0.8828169333584367,0.30666938732923493,0.7567705672556,0.7274027971753553
