epoch,acc,loss,val_acc,val_loss
0,0.6721144024447163,0.733064530737594,0.734798160480125,0.620165660299692
1,0.7940074906231745,0.5108295782120298,0.7537046500049078,0.5933977796462463
2,0.8487685847168761,0.3850155884291985,0.7562595810217704,0.6301449387732609
3,0.902678470073906,0.25819508143165926,0.7368421052631579,0.7526356056599088
4,0.9368403132448077,0.1709383310642947,0.740929994890138,0.9067913675999605
