epoch,acc,loss,val_acc,val_loss
0,0.6023152875258966,0.8549009105117702,0.7174246282862594,0.6818923649583231
1,0.7579729880665342,0.5851599280293825,0.7542156350813658,0.6025441118692584
2,0.8108614235727434,0.47606665833612505,0.7383750621372178,0.620373780439871
3,0.85818862799361,0.3789130681767365,0.7429739420183715,0.6206638434740982
4,0.8984791736247767,0.2863142780292428,0.7470618301834083,0.7103137928244406
