epoch,acc,loss,val_acc,val_loss
0,0.617012824756227,0.8779153940410027,0.7046499749380043,0.6936356359193322
1,0.7487231869389637,0.5972679469334039,0.7552376090718826,0.5895544857045614
2,0.8053001929068184,0.47560926744188625,0.751660705435075,0.6092234076927314
3,0.8457609806397949,0.3865274277711994,0.7685232503595679,0.5840552432779518
4,0.8786176371460753,0.30741013399474454,0.7991824225619184,0.5185818035778003
5,0.9076722279172414,0.24625016447364262,0.7654573325301898,0.6757355777048979
6,0.9238451934269373,0.20330089799220114,0.7746550844954665,0.653539513225877
7,0.9422880489213853,0.16424642646337068,0.7966274912404844,0.6160762460181831
