epoch,acc,loss,val_acc,val_loss
0,0.6234606435739874,0.8358523899523465,0.7318692537932158,0.6556412717051598
1,0.7255547358367184,0.6551551425384613,0.7293156280093831,0.6233096712699828
2,0.7682878383881969,0.5665919560203149,0.7400408578357366,0.600616585550805
3,0.7947903070301807,0.5020526164804291,0.7844739527697461,0.5333052913185525
4,0.8224277850495221,0.43858771154419274,0.7860061288854074,0.5416088100595056
5,0.8475682424515305,0.3901286584944942,0.7844739528306293,0.5392774655821374
6,0.8615856080914145,0.35158065505184993,0.781409601390788,0.5491715715903184
