epoch,acc,loss,val_acc,val_loss
0,0.6663829304955222,0.7622518858524284,0.7199795608259795,0.6677864023051703
1,0.7562138235889652,0.589940888631927,0.7414409807584819,0.6347370215624525
2,0.8058676655129344,0.48217205895209686,0.7608584564866372,0.5791845339320421
3,0.8538758370692581,0.37874165286596784,0.7593254978765196,0.6206047926317019
4,0.8903643171953135,0.2936514508367708,0.7695452224617414,0.6420187592262752
5,0.9307116106154225,0.20281128274665194,0.7802759322147925,0.6468833842689308
