epoch,acc,loss,val_acc,val_loss
0,0.6358529111473397,0.8075157268311701,0.7501277467335861,0.6113825566194834
1,0.7607536034231734,0.5852688580781861,0.7833418499527991,0.5380494211423014
2,0.7998524571422984,0.5013696963840385,0.7874297397929793,0.5178339222772547
3,0.8218703892590604,0.4447535288691074,0.7869187527672636,0.5080944953917482
4,0.8399160140462583,0.40102450592051625,0.7925396013089328,0.49260485623037564
5,0.8610827375007615,0.3514386853806724,0.7935615734111062,0.5177516273137679
6,0.873623879235092,0.3203103511378925,0.7945835461224228,0.5094939606739175
7,0.884349109074975,0.2970094454706547,0.8017373529696379,0.5017117152240853
