epoch,acc,loss,val_acc,val_loss
0,0.5738849168859618,0.8988225389089748,0.7164026565191145,0.6723986524188159
1,0.7385654299284351,0.6275192062087097,0.7506387306831294,0.594458000874361
2,0.7837929861145898,0.5285277468651354,0.7593254971150909,0.5644693562858983
3,0.8234025646711828,0.44842144653104704,0.762391413360697,0.5629822949883154
4,0.849279310095528,0.38325084081411553,0.7797649483261635,0.5482646215004645
5,0.8852003175884082,0.3154274132794006,0.7746550853178096,0.5638430919888437
6,0.9053455908200267,0.2616687331557098,0.7761880429532982,0.5916240734900512
7,0.9249233914658236,0.21713690074642053,0.7705671971527728,0.6172884616488757
