epoch,acc,loss,val_acc,val_loss
0,0.5950056753147744,0.9008046587804389,0.7034201125456034,0.689160726702049
1,0.7428490351196315,0.6244396180489548,0.7845839716269691,0.5283309756462035
2,0.8045970487946414,0.4859388477212319,0.7605921390289065,0.5695538346015293
3,0.850283768553198,0.38156550625396235,0.736600306522122,0.6633332166335849
4,0.8916572075967215,0.28118157454435455,0.7478305260522929,0.7853338536770749
