epoch,acc,loss,val_acc,val_loss
0,0.5371169124910699,0.9382544525365147,0.6988259366484794,0.7144276202789918
1,0.7379682177988544,0.6305209493664147,0.7503828536557445,0.5857983004261852
2,0.7984108966676926,0.5071535749955021,0.7672281721041116,0.5501362308973923
3,0.8520998861543436,0.387697054071946,0.7922409384027922,0.513510033937058
4,0.8929057889033393,0.2917708079335909,0.7866258286529199,0.6140397520561861
5,0.8330306467079007,0.441323273142675,0.7774374722643371,0.6279009596433732
6,0.9121452897414988,0.24573270226242053,0.8106176638371972,0.5578095229868381
