epoch,acc,loss,val_acc,val_loss
0,0.5036318235453622,0.9863444003218921,0.6601941704628232,0.7618819045423547
1,0.6662126889281316,0.7704403342920351,0.7112927914396743,0.6863031843881797
2,0.7187606403321931,0.6688292767941756,0.7378640729185874,0.6164514622824742
3,0.7483259558596496,0.614295581327152,0.7460398544263767,0.600775656860948
4,0.7785154921812877,0.5596131680366495,0.7429739410741998,0.6359956526731921
5,0.7962206334616402,0.5138547645498927,0.7128257561716792,0.7205290773966267
6,0.8092725004055026,0.48112951914334107,0.7092488516516142,0.73874847503359
