epoch,acc,loss,val_acc,val_loss
0,0.610272417707151,0.8750143559512161,0.6896375705235585,0.7221504742543025
1,0.74772985257572,0.6194331953392939,0.7468095969155834,0.6058143914019715
2,0.8028376843953646,0.48630212157051356,0.7233282289315146,0.7182624950251937
3,0.8513053348738273,0.3790087347404099,0.7519142421731662,0.7019188081719183
4,0.8934733256579257,0.27753271200058816,0.8055130170583117,0.5414480034218204
5,0.927128263445366,0.20322432273091848,0.7907095458995572,0.6342909164182868
6,0.9513053347114537,0.1387853251818766,0.6186830020486366,1.4312660456799073
7,0.9623155505107832,0.12969819015646766,0.805002552566022,0.8211348157807721
