epoch,acc,loss,val_acc,val_loss
0,0.5709340599822262,0.9345373686455041,0.6918753234476354,0.7364504647060018
1,0.7336851664926743,0.6431305923008402,0.7547266226553101,0.6150822511849868
2,0.8009874018471704,0.5088188815855599,0.7475728219299823,0.6087639192019303
3,0.8533651116161933,0.3824147582561498,0.7996934069378618,0.5193768243248754
4,0.9044376347273598,0.2719110493464606,0.7797649455241056,0.5610296180739229
5,0.9471115652785076,0.17380742236401922,0.7899846651448117,0.554169842370871
6,0.9727613210962223,0.10522494640236423,0.7971384753423134,0.5472037591797756
