epoch,acc,loss,val_acc,val_loss
0,0.482576617155389,0.9964381222557128,0.6089841804375388,0.8362713455849609
1,0.7056753687230737,0.6867183989347313,0.7549770235589355,0.6010296634717399
2,0.7785471056565795,0.5383608497095703,0.7810107149780862,0.5337097535880626
3,0.8350737794980018,0.423398646012067,0.8070444058495678,0.4663398811986338
4,0.8841089668393,0.3023744984463314,0.8075548767009032,0.4524943721635175
5,0.9299091940028984,0.19366037303013103,0.8029606941404728,0.5426973193929535
6,0.9422814983785761,0.1549794411686303,0.7743746864363635,0.7325957774385742
7,0.9657775258503761,0.10233299054213875,0.8157223045917237,0.5419268358599598
