epoch,acc,loss,val_acc,val_loss
0,0.5276926567437848,0.9563790314680006,0.6688809359810702,0.7426233236498533
1,0.7362387926621005,0.6379694678959031,0.7327542197783504,0.6374171590342105
2,0.8029168088256724,0.49759247148839264,0.7664793014648196,0.5731435934377679
3,0.8521166726119834,0.3906338166404482,0.770567192766943,0.5720657624330945
4,0.8938258996738802,0.29014131145057337,0.7782319891678172,0.5869771706004135
5,0.9311088414106151,0.2016559492315936,0.7746550834903805,0.635975666294673
6,0.9492112131479203,0.15194119419765154,0.7869187468281191,0.6479894951648352
