epoch,acc,loss,val_acc,val_loss
0,0.6200204290159579,0.844255592147631,0.703628002074402,0.7211982032049049
1,0.7630234933876312,0.599858156656004,0.7812979049565661,0.572726685140714
2,0.8217568947838378,0.45722310655491266,0.7915176290240163,0.5582940440109084
3,0.8743048462149585,0.3411561030864499,0.7961165048543689,0.6419031902472881
4,0.9069912609035508,0.2622502012686296,0.7807869187531936,0.6418215007305632
5,0.9323572806515931,0.20639002469101175,0.734798160480125,1.0066701400383553
