epoch,acc,loss,val_acc,val_loss
0,0.6892735527538685,0.708522200016104,0.7605921388463501,0.5695209459056046
1,0.8043132803767548,0.48096495870158296,0.7856049005202702,0.5118171042815467
2,0.8603859250715994,0.35344475358893734,0.8060234813680449,0.49290604138629907
3,0.8975595914005016,0.2630328538401579,0.8080653394893337,0.4902484491657639
4,0.9295686719366154,0.18636268795754393,0.819806023481368,0.5216626365492696
5,0.9461975028241533,0.14962588283619194,0.8157223072996427,0.5720536662508116
6,0.9622020431328037,0.10316632692823684,0.815211842807353,0.6408577724766402
