epoch,acc,loss,val_acc,val_loss
0,0.6206015891032917,0.8577890148227791,0.7401735580898536,0.6394437525332004
1,0.7490351872465802,0.6038549466788025,0.7110770803559124,0.6468519957592561
2,0.8085130533890611,0.47657540089426464,0.7871362941492693,0.5246423311596199
3,0.8485244040592034,0.38456414460323995,0.7968351201112931,0.49900668909684803
4,0.875993189435541,0.32096305213843246,0.7534456357717393,0.6653953953444075
5,0.9030079456111765,0.2573165821467572,0.7917304749449885,0.5296037829670752
6,0.9237230420518544,0.2060884097851094,0.7611026036429004,0.6705996020829695
