epoch,acc,loss,val_acc,val_loss
0,0.5010215664288784,1.0838758027783588,0.5308831040198368,1.087640130927576
1,0.7108967082860386,0.7214496702936802,0.5227156717780903,1.5597692288081826
2,0.7934733257391126,0.5395468622209265,0.7442572743932832,0.6951578424073045
3,0.8579455164315075,0.3980528505110984,0.797345584755713,0.5485700331457176
4,0.9070942111372542,0.2750805094077016,0.7284328742195234,0.887183944384257
5,0.9314982973757991,0.21666457094548103,0.7667177134536248,0.916341439992448
6,0.9496594778931235,0.1699859027271915,0.794282797649845,0.7182078508164823
