epoch,acc,loss,val_acc,val_loss
0,0.6705254796563044,0.7561309141707385,0.7526826780550201,0.6014390938673083
1,0.8289070478661108,0.43609622524039265,0.7807869189359365,0.5617775639893148
2,0.9149358756844457,0.2368082201327981,0.7956055183159677,0.5652699092851345
3,0.973272046278695,0.09255998357775302,0.7945835458178513,0.6683483852618923
4,0.9869481329343711,0.04531115934594361,0.7945835464269944,0.7669377159755573
