epoch,acc,loss,val_acc,val_loss
0,0.6268868459947344,0.8401748754220252,0.7388860501375623,0.6760440118530909
1,0.7755646351287265,0.5660074086076162,0.7751660705770104,0.5858052166737521
2,0.8426398819995486,0.42529201102356895,0.7761880429837554,0.6065847658964829
3,0.8937691521961185,0.3006780255658208,0.7879407256613231,0.6714026037380899
4,0.9249233912493501,0.2286758203418392,0.7787429739701608,0.9599755822119813
