epoch,acc,loss,val_acc,val_loss
0,0.5709908069593927,0.8802802635976397,0.7715891671229457,0.5830736959169395
1,0.7938939961141279,0.5150815867806736,0.7966274910577414,0.5160872105073124
2,0.8643173306432894,0.3512492546624188,0.7966274910881986,0.5109691600685041
3,0.9105095903186952,0.23794820149949292,0.8201328564128768,0.5331164272268877
4,0.9380887526751999,0.16047388411260952,0.824220746070314,0.6058266819833065
5,0.9603336737965255,0.11200062605197118,0.8094021461420542,0.6734306389655333
