epoch,acc,loss,val_acc,val_loss
0,0.6264116681398068,0.8226087398124765,0.7359550549012283,0.6435419020906045
1,0.764428806652662,0.5711924297863317,0.7584269687274625,0.5950392398210784
2,0.818171500165186,0.4606865321992509,0.7609805935371641,0.5778576423004042
3,0.8641961297398426,0.36441403012609624,0.7553626166787892,0.6318175990564465
4,0.9061914760086432,0.2763644934231628,0.7579162386269808,0.6235663197379069
5,0.9331479482033501,0.20626420682746147,0.7528089876681475,0.6673843485585759
