epoch,acc,loss,val_acc,val_loss
0,0.5509648127398886,0.9750128025364524,0.6845329249617151,0.8276091409374585
1,0.733881952299839,0.7020656809498313,0.6865747830830039,0.8495186697834302
2,0.7914869466515323,0.5831760968577442,0.7835630423685553,0.6242177575263763
3,0.8178206583427923,0.545910143710157,0.781010719785403,0.6988662957171508
4,0.8364358683585038,0.5464681491543297,0.6620724860230778,1.4405488126919306
5,0.8393303064563894,0.578232269890598,0.7529351710056151,0.7068407098482676
