epoch,acc,loss,val_acc,val_loss
0,0.6319732137993093,0.8293372125700298,0.6542390194380003,0.787469308515126
1,0.7766869076703709,0.5623626633654062,0.7727272727881559,0.5906387199785663
2,0.8456387265262589,0.4106112399350081,0.8043922370373898,0.5028516128430937
3,0.8920606095067936,0.2969267206408908,0.7931562818594436,0.7523602574789731
4,0.9267351455717161,0.21820952535981278,0.800817160306839,0.6901419397759364
5,0.9443277907144211,0.19347135095081888,0.7456588356073592,1.2332109895984777
