epoch,acc,loss,val_acc,val_loss
0,0.6535580524073977,0.7741958033198356,0.7583035258352604,0.6016637834591346
1,0.7734082396936097,0.5629265944812425,0.7787429739549322,0.5488348002329004
2,0.814266258079718,0.47287784107033665,0.7879407256156373,0.5163050107524659
3,0.8424696402156844,0.4035614870582505,0.7797649463616773,0.5705663266691189
4,0.8695948246848284,0.343650245545414,0.8022483393557533,0.5180664992052253
5,0.8887186471456134,0.2993806806406603,0.7996934083388908,0.5133373240883642
6,0.9076154806830125,0.25043924751874064,0.8007153807456359,0.529772999156295
7,0.923391215559871,0.21202636794001625,0.8053142565759884,0.5950048993178394
8,0.9349109068345488,0.18328583137853208,0.7894736842257549,0.6685514467129247
