epoch,acc,loss,val_acc,val_loss
0,0.543813848157205,1.0757193062416406,0.7136294043082373,0.7624059491403374
1,0.7010783198607766,0.7072955783460793,0.7330270544371476,0.643624280593175
2,0.7708853576970831,0.5811058309102572,0.7794793255783089,0.5433543072847032
3,0.8314415433620622,0.4431075764433074,0.7876467585198547,0.5523199818157432
4,0.8728717364328538,0.3604492831379006,0.7937723322143477,0.5226973353934081
5,0.9181044269501148,0.2559229775332972,0.6932108207829696,1.2287840159831454
6,0.9333144153422854,0.2208100451006386,0.8004083710096515,0.5639493179722913
7,0.957832009256495,0.14203081548501495,0.8090862705124586,0.6992445989431564
