epoch,acc,loss,val_acc,val_loss
0,0.6258653954065505,0.8659869671923228,0.6775677056414897,0.7878275069583723
1,0.7889002383790293,0.5291011867681761,0.7092488499460138,0.7164145092545082
2,0.8837248892616892,0.3059576582694186,0.7659683192513339,0.6515537119514795
3,0.9441039610593656,0.1636875732091022,0.7501277469467861,0.8737409636873217
4,0.9676540687506051,0.10337430334572502,0.7634133879298998,0.9478565182196101
5,0.9786630348428101,0.07441298975790518,0.7613694429032097,1.0538577846135786
