epoch,acc,loss,val_acc,val_loss
0,0.5956758598155107,0.89604604688003,0.7281553402931397,0.658519059526232
1,0.7443536488345013,0.6216362233181408,0.7940725596144788,0.522425726109399
2,0.806037907181797,0.4814719579984511,0.7475728154121519,0.6206405675100561
3,0.8548972876033235,0.37072443143218237,0.7971384771392853,0.49338804609506304
4,0.8943366248022345,0.2870861687321707,0.8221768010131668,0.46568446470482594
5,0.9229372376725103,0.20708297048283683,0.8288196214438094,0.48413607927384766
6,0.9451254113093095,0.1602533416520885,0.8221768010131668,0.571556968276575
7,0.9623198274883669,0.14185043250745108,0.8134900358604057,0.6859488195464144
