epoch,acc,loss,val_acc,val_loss
0,0.5842792282716099,0.8885340927542947,0.7013782516251175,0.7174675795361362
1,0.7432463106584062,0.6198790398412611,0.7432363400841441,0.6140069518544469
2,0.8113507377573634,0.47948837127371624,0.7590607460692806,0.5718102001486657
3,0.8631101020348599,0.3682533570234405,0.7759060773878697,0.5585159259283038
4,0.9095346195608479,0.2554806045418294,0.7682491037661838,0.59730084350731
5,0.9524404084777183,0.15726292545692605,0.7616130726078203,0.6609182298457276
6,0.9707718502514479,0.1036675780301197,0.7743746869840324,0.6342849032863054
