epoch,acc,loss,val_acc,val_loss
0,0.5219069239229945,0.960049047616229,0.7192445125368069,0.6995907094692807
1,0.7588535754688752,0.6156988473573147,0.7922409392547218,0.5357851691661957
2,0.8318955731987276,0.4400091771032158,0.7759060745278203,0.5459359466132003
3,0.8882519864061769,0.312991262415887,0.7937723328532948,0.5084788881131981
4,0.9265607264201569,0.2159209052394657,0.7947932618683001,0.6229830729019709
5,0.9506810442678774,0.1501670349549997,0.8116385911179173,0.6170431439017933
6,0.9585698070103952,0.12137338577703098,0.8034711587544666,0.7024128233068806
