epoch,acc,loss,val_acc,val_loss
0,0.6860174781455448,0.7208128258706005,0.7598364844149208,0.5855277550116935
1,0.8071728521504964,0.4766910028652468,0.795094532447624,0.557254316554608
2,0.8613097264512066,0.35506581276191806,0.8094021461420542,0.5086418918934049
3,0.9034729315966432,0.2503056235365369,0.8002043944813491,0.5846879471114356
4,0.9305413687368511,0.18510182274076564,0.8032703117320412,0.5995101897949214
5,0.9450119169558533,0.14442953883404225,0.8073582013590213,0.6301017691118107
