epoch,acc,loss,val_acc,val_loss
0,0.6254681649360683,0.8299836475791516,0.5983648439055508,0.9336070618461332
1,0.755930087377232,0.5904878375682046,0.6974961672684461,0.7063521268298325
2,0.8239132903271914,0.44680712297398123,0.7296882983854857,0.7232930201563107
3,0.8764044943752577,0.32892345763838476,0.7685232500549963,0.6241846901150948
4,0.9243559186297045,0.21637580406515625,0.7501277467335861,0.7338565045860146
5,0.9513108613420433,0.14736863175385279,0.7552376087673112,0.8438803978763068
6,0.9692429916607834,0.09386217599304887,0.7491057740222695,0.968594259946518
