epoch,acc,loss,val_acc,val_loss
0,0.6701282487731693,0.7314425905410257,0.724578436047189,0.6349528802860496
1,0.8266939053794148,0.43899575979508576,0.7828308631402836,0.5414318418283516
2,0.8942798774056504,0.2734460974491193,0.7736331123932929,0.6034631531154494
3,0.9315060719352157,0.18103279386127108,0.7889626984944682,0.6911173996781597
4,0.954602201827037,0.1232027837541747,0.7986714357494029,0.6284687658567238
