epoch,acc,loss,val_acc,val_loss
0,0.43794336326614386,1.0646387406493092,0.5413687376493819,0.9545450827318022
1,0.6450825718466536,0.7843715772036965,0.6782431090450384,0.7681958293646909
2,0.7592077636500911,0.584734692532821,0.7691521926481463,0.5486773635442459
3,0.838090914304164,0.40953431155636827,0.7364657842102285,0.6682507610661991
4,0.9037512058764147,0.2622698667432182,0.8140960157952586,0.553591264858918
5,0.9560183871483114,0.12663913789897047,0.8130745676491672,0.633787299200999
