epoch,acc,loss,val_acc,val_loss
0,0.588989784363044,0.8870935630311219,0.6636038795912248,0.7944003067617821
1,0.7135073779660376,0.6997734414597511,0.7131189382946449,0.7722773017963626
2,0.7484108967082861,0.6403349013658712,0.7646758550889277,0.7313730805549408
3,0.7702043132803632,0.6023715497281035,0.7503828484224628,0.7364066285768172
4,0.7868898978704221,0.5728333305690129,0.7876467585502808,0.6753669286820887
5,0.8077185017161418,0.5305851519310786,0.7320061255742726,0.7077352751451466
6,0.8190692394870364,0.5071660322174176,0.7309851965592673,0.71793949807889
7,0.8300227015026582,0.47717719806715525,0.7340479836955613,0.7276502540976859
