epoch,acc,loss,val_acc,val_loss
0,0.5649829735685559,0.9599637156718164,0.7105666160157531,0.7072184660898416
1,0.6836549373815063,0.7311563610354022,0.7187340457625631,0.6778296377964321
2,0.7353575484977272,0.6273464010197513,0.7651863182120447,0.5911380001755014
3,0.7729852438649579,0.5436764573401409,0.7396630913460358,0.624030440452453
4,0.8044267875247051,0.48317361592434593,0.7575293509494048,0.5974804131640288
5,0.8270715093369111,0.4245493878030073,0.7672281776112279,0.5583923813516598
6,0.8601021565319326,0.35385266832677514,0.7733537505754955,0.5732269659524307
7,0.8780930759011008,0.3190464253390417,0.7386421628786995,0.7014244340280297
8,0.8927922816471399,0.2868072759212078,0.732516590492527,0.738039600082415
