epoch,acc,loss,val_acc,val_loss
0,0.6685017027459811,0.7485430438185658,0.7621235325666275,0.5688999405224875
1,0.8221906923138189,0.4469167546841668,0.7672281779459145,0.530991521506604
2,0.9220771850440884,0.22012063450561614,0.8019397653384498,0.48765278075531227
3,0.9737230418624185,0.08604586959798545,0.7881572233468309,0.6347946664579917
4,0.9812145290255682,0.05978975353189549,0.7983665137707183,0.6234528736352556
5,0.9829738933030647,0.04955565486056783,0.7738642167107921,0.7534647727268213
