epoch,acc,loss,val_acc,val_loss
0,0.6367041198772465,0.7833505132563362,0.7301992846193153,0.6690423001759382
1,0.8127908296244678,0.48017189053804,0.7848748083801738,0.5212570518620719
2,0.8677789127362625,0.3378967393805688,0.795094532447624,0.5194435064806034
3,0.9173760072433533,0.22311494641082943,0.7884517118037813,0.5814761977203049
4,0.9424015435048446,0.15638072841649917,0.7874297394274934,0.6471866244677689
5,0.9603904210645784,0.11045205359882113,0.8104241185487991,0.6145696235691208
