epoch,acc,loss,val_acc,val_loss
0,0.4884790013651031,0.9816985911327106,0.5686574776663106,0.8660421700365633
1,0.596594778768862,0.7931074219312895,0.5977539574996497,0.7959942311398407
2,0.754994324725819,0.5741168367876233,0.7447677397679284,0.6257311517696955
3,0.8805902387037721,0.3282190165238267,0.7835630404517139,0.5693511370799564
4,0.9376844495704036,0.17369101476452814,0.781521184977492,0.6583124345635322
5,0.9580022700528417,0.11876171467726401,0.7932618695780476,0.679897802651324
6,0.9771282636889264,0.07077804257528736,0.7784583989973881,0.8321669303439843
