epoch,acc,loss,val_acc,val_loss
0,0.6119055725662003,0.8372848878084308,0.7158916691888274,0.6518861403499383
1,0.7681874926427669,0.5681642756405544,0.754726623233996,0.577328477639231
2,0.8139825220100456,0.46552225583433876,0.7623914138480115,0.5630673125013138
3,0.8606287597960504,0.36924251255809404,0.7567705665855428,0.5899013329599972
4,0.8989331519518493,0.2857716309403253,0.758303523733717,0.6226599569764135
5,0.9328680062602481,0.20894155873470038,0.7526826754966194,0.6675394591654084
