epoch,acc,loss,val_acc,val_loss
0,0.5835414301794314,0.895846674093188,0.5870342016402649,0.9348895569855368
1,0.7361520998864927,0.6561146840199439,0.7371107710752638,0.6583434068894982
2,0.8075482406356413,0.4916736081157992,0.7534456357108871,0.6196609991980548
3,0.8639046538024971,0.3731405154496398,0.7508933130973088,0.8418861695885232
4,0.8970488081725312,0.28092703937672325,0.7799897907703978,0.6945997550817337
5,0.9288308739932793,0.21843523090529793,0.7738642165890879,0.64953163728658
