epoch,acc,loss,val_acc,val_loss
0,0.5175368897490009,0.969531983725735,0.6748341000037512,0.7764753718166828
1,0.6772985245258665,0.755412223079283,0.699336395207688,0.7066841903482547
2,0.7040295119588681,0.6911425563182246,0.7233282271972294,0.6572397489703511
3,0.7301362086235462,0.6477874815802298,0.7309851982327004,0.6425637232216722
4,0.7515323498598158,0.593879118558362,0.7294538040864583,0.6254032140729864
5,0.7694097615397884,0.5550094274467832,0.7636549246438977,0.565707292679684
6,0.7941543698581475,0.5091153621335306,0.7508933140405165,0.5870224975578149
7,0.8103859252880975,0.47394020444418594,0.7621235348485818,0.5691413474119458
8,0.8275822929572842,0.4287541439462872,0.7233282279274548,0.7499077433892328
