epoch,acc,loss,val_acc,val_loss
0,0.6317820658207481,0.8096350604099529,0.7294538029911203,0.6565325446674081
1,0.7741770715367104,0.5625456089058745,0.7355793772637084,0.6104177038483378
2,0.8337116912869942,0.4244129493071462,0.7585502807859136,0.601136201997385
3,0.8817253121723517,0.3131531397208453,0.7764165390809621,0.6083329694650805
4,0.917309875114822,0.2218231295720673,0.7529351710360411,0.7454011898797772
5,0.9401816117777051,0.16562215942682257,0.7636549260130703,0.7872426473802301
