epoch,acc,loss,val_acc,val_loss
0,0.4599886494516379,1.0319333506225863,0.5809086327835149,0.8783142451974675
1,0.6674233826957685,0.7590910063699209,0.7330270554107814,0.6158398625618222
2,0.776730987663031,0.5558504336876171,0.770801428996403,0.5506367024077999
3,0.8394438139967426,0.4135977850463685,0.7764165439795572,0.5510347165916574
4,0.9190692391758203,0.22506879144575484,0.8172537007765115,0.5082660485372792
5,0.961350738014455,0.11770441639707524,0.8019397656427104,0.6316892242419471
6,0.9744608401305018,0.07710810275780086,0.7677386484017111,0.9007079511226714
7,0.9877979571784125,0.03519852849888477,0.7942828022746057,1.0143817399398838
