epoch,acc,loss,val_acc,val_loss
0,0.6482238111383947,0.7720815308409805,0.75472662244211,0.5964102732264149
1,0.8085915333173992,0.48406800607752276,0.7874297394274934,0.5179266265965141
2,0.8710702530656658,0.33663191698341904,0.8099131323758838,0.5212718825530324
3,0.9154466008398593,0.23509829491968798,0.7966274910881986,0.5160989006928905
4,0.9404153898874161,0.16205927008732726,0.8073582013590213,0.6133029331159519
5,0.9591987288413558,0.11431190750595796,0.8058252427489038,0.7202896055483246
6,0.9700374531835206,0.08471300768271814,0.8007153807151787,0.8881651448789274
