epoch,acc,loss,val_acc,val_loss
0,0.6866628830603384,0.72374350616664,0.764165390566212,0.5886873954440209
1,0.7919409761363884,0.5157512522312082,0.7723328228992367,0.5635796683579455
2,0.8499999999729377,0.381260936971961,0.7514037774983202,0.6106617266027948
3,0.9002837684178866,0.26091099677778673,0.7682491067175113,0.6492725185072501
4,0.9353007945787081,0.17241122787236896,0.7462991323015895,0.8016199698978812
