epoch,acc,loss,val_acc,val_loss
0,0.6539727582022227,0.776466200124392,0.7233282287185322,0.640371469589689
1,0.7744608399681282,0.5575491185220768,0.7437468096271591,0.6010603663901883
2,0.8157207718772326,0.46384316159837224,0.7672281776416539,0.5712704953032528
3,0.8475028376573872,0.3930146713126937,0.7789688616945404,0.5557345974469684
4,0.8709421112101682,0.335814419608652,0.76722817767208,0.6174552967926871
5,0.892565266715276,0.2921418471517682,0.7850944359671285,0.5969148595123768
6,0.9060158910058549,0.2486128152939031,0.7891781521792799,0.6055286998131739
