epoch,acc,loss,val_acc,val_loss
0,0.5838251986243803,0.9030693581101572,0.6794282800996712,0.7473265810728438
1,0.7249716231419739,0.6875462034909599,0.727922409818512,0.6187270997494322
2,0.7685584562861283,0.5925444917023927,0.7228177645913553,0.6525087940139147
3,0.8002270147830214,0.5209346029801754,0.7452782035604187,0.5927243979990999
4,0.8228149829603622,0.47421728836353466,0.7876467588241153,0.5232858264123742
5,0.844778660626471,0.4175681435425896,0.6840224608649643,0.9025033238349124
6,0.8636776390194758,0.3766537520691972,0.7871362943013996,0.5563806542454477
7,0.8796821793551883,0.33670384235739304,0.7697805005290668,0.575855752258291
