epoch,acc,loss,val_acc,val_loss
0,0.6463511520841311,0.7926980577821074,0.7557485932041689,0.6031066809738541
1,0.801895358088663,0.4952503861978882,0.7930505886392198,0.5255552423079525
2,0.8839518779888961,0.315216976557751,0.7991824240543188,0.5242867571514482
3,0.9526160484599061,0.15848148041105126,0.8032703092954692,0.5316213715667315
4,0.9827488364040642,0.07322916027355947,0.809913131401255,0.5979073477997485
5,0.9947225061072866,0.03419974838612759,0.8037812964734704,0.6662439516325295
