epoch,acc,loss,val_acc,val_loss
0,0.6899154418159252,0.6988094018608506,0.7992849841302944,0.5189130554647319
1,0.8416661937596288,0.4035383342012064,0.7671092953818324,0.6372339963547665
2,0.9179955734702463,0.21867486856851165,0.798774259204884,0.5927352272697075
3,0.9584019068157312,0.11003042858439213,0.7604698670287907,0.8303091086454849
