epoch,acc,loss,val_acc,val_loss
0,0.6078765179618183,0.853776975510651,0.6980071534718185,0.6940996059667229
1,0.7262512767995449,0.6583828515666065,0.7654573325301898,0.577373002887564
2,0.7692089433933059,0.5653039435498249,0.77363311199735,0.552220845213336
3,0.796788105803929,0.5015860715608919,0.7659683184289908,0.5918326870513072
4,0.8230053342074654,0.4438674037403206,0.7828308636580551,0.5478195413132376
5,0.8427533764950657,0.3953851515495091,0.8094021459288541,0.5071158082922563
6,0.8564294632048602,0.359028009147098,0.7971384773524854,0.53713017890937
7,0.8733401429760052,0.321204848236589,0.7910066432165868,0.5779801416165621
8,0.8874134604809923,0.2890671607300989,0.7991824219527753,0.5283989701791265
