epoch,acc,loss,val_acc,val_loss
0,0.513904653788966,0.9868069395304538,0.5461970411009056,0.9638211365072261
1,0.676617480352707,0.7639647106307048,0.653394586276862,0.7935608104213638
2,0.7217934164638281,0.675014899348022,0.725880552640431,0.6572906235579996
3,0.7514188421841512,0.6119657405524195,0.6865747836306729,0.7252157591872826
4,0.7644721909088932,0.5749730514072804,0.7013782508644661,0.7011303397816867
5,0.7952894441656574,0.5109504785088486,0.6707503813575153,0.7987582269464603
