epoch,acc,loss,val_acc,val_loss
0,0.6170828604129873,0.8349007091782015,0.7187340480140912,0.6448798949101435
1,0.7275255391871077,0.6508482427453616,0.7478305258088844,0.6100627334218904
2,0.7652667423247208,0.5683998300593502,0.7651863195812173,0.55760017868023
3,0.7917139614074915,0.5198773075313763,0.7611026033994919,0.5786263858590459
4,0.8102724177342132,0.470765124303664,0.7861153650125599,0.5388790347887704
5,0.8222474460975266,0.44370442166095697,0.771822358406947,0.5661290256784789
6,0.8322928490487185,0.41611027160784175,0.7611026033994919,0.5753596034994413
7,0.8429057888627458,0.3931812769438433,0.7585502807859136,0.6114073919665759
