epoch,acc,loss,val_acc,val_loss
0,0.5617410055950542,0.973156936531805,0.7051609606236052,0.7494866378647245
1,0.6737033254293074,0.7546341948633147,0.7046499744202327,0.6791125946831935
2,0.7176256951131963,0.6739804594474271,0.7547266225639386,0.5899466076826769
3,0.747418000159341,0.6114293176542548,0.7393970366759635,0.6382873167203407
4,0.7683009873074038,0.5626021281921448,0.7128257541005929,0.6709531979348871
5,0.7886732492526994,0.5180178882044488,0.698007153380447,0.7529460252336415
