epoch,acc,loss,val_acc,val_loss
0,0.6605379638749265,0.8084219349944596,0.7562595814786277,0.6149616016681303
1,0.7862331176870271,0.537687949551287,0.7812979051393091,0.5534367361998278
2,0.8569401883940978,0.3664679756034396,0.7593254980897197,0.6343497170376181
3,0.9072749971558728,0.240086650803741,0.7118037813588193,0.9308238270700617
4,0.9357621155712205,0.17387807632213742,0.7823198775460541,0.7286249022582507
