epoch,acc,loss,val_acc,val_loss
0,0.5143570536017188,1.0544385979170425,0.6581502304920203,0.8373743287141553
1,0.6859039833862007,0.7572947202550337,0.5651507423005667,0.9348339416204695
2,0.7498581317858966,0.6191635292567564,0.7158916695238561,0.6784223843790405
3,0.795539665994708,0.5229994810651724,0.7557485935391975,0.6321678484466896
4,0.8430371126053269,0.40710783532415074,0.703117016388801,0.7292288757125882
5,0.8725456817441544,0.35780190718307925,0.8007153795882641,0.515766191129241
6,0.9112473047357347,0.25043572086492905,0.7296882986291429,0.7924653250585116
7,0.9225400071005561,0.21563115220458998,0.7991824200035177,0.5376179911496997
8,0.9421178074554666,0.18282471188516247,0.8058252421093036,0.5825452325169871
