epoch,acc,loss,val_acc,val_loss
0,0.4397344229210791,1.0554383259979878,0.5411343921735449,0.9793921092303358
1,0.6488480306472644,0.7982083338706748,0.7312212522747448,0.625148616948174
2,0.7525252527281965,0.595448573876856,0.7669902881859637,0.5539469160653525
3,0.8083645443128357,0.4759884059747114,0.7950945271785368,0.4941731171152332
4,0.8426966292946607,0.41128732988382766,0.8088911602737103,0.4844890801834707
5,0.8943366247751753,0.27959734496376515,0.8175779313351588,0.4880534846470803
6,0.9194189079664795,0.22324968372675527,0.8048032739970169,0.5687476414530388
7,0.949721938228921,0.1435456545263505,0.8226877889221398,0.5886547459164747
