epoch,acc,loss,val_acc,val_loss
0,0.5533424129200338,0.9258878821683193,0.7133367399689368,0.7113893506900961
1,0.7629099988785847,0.5944531212842311,0.7613694430859527,0.6165054009529664
2,0.8357734650207721,0.4288802021323126,0.7899846704748131,0.5895168400566129
3,0.8884349108865266,0.3052330482372725,0.7925396014612185,0.5791446204141627
4,0.9262285779275008,0.20608731419365545,0.7874297394274934,0.7034375973361819
5,0.9506298944636488,0.14389247969748442,0.7823198773937683,0.9050930906877143
6,0.9612416297944852,0.11611121481882973,0.778742974000618,0.9369477544076965
