epoch,acc,loss,val_acc,val_loss
0,0.6530276374847743,0.8057575510204545,0.7277834519546049,0.6896479704528591
1,0.7464389081277572,0.6261377353689456,0.7339121555040027,0.6621494779060761
2,0.7847454741636921,0.5419679804981029,0.7165474968984251,0.6759065791462244
3,0.8174904943033431,0.4694485917106456,0.7711950972204432,0.559577199363124
4,0.8470574882378082,0.39206612757396825,0.7865168541152339,0.5531590839693812
5,0.8715736904829465,0.3418851415416614,0.7982635340359409,0.5094175942097547
6,0.8957493899426148,0.281840771972832,0.7854954036555811,0.5856970437822352
7,0.9137960388173202,0.24126897432630107,0.79826353440124,0.5567890939600499
8,0.9286079110152659,0.20189036886846698,0.8064351380784617,0.5874033621431493
