epoch,acc,loss,val_acc,val_loss
0,0.6357394166112339,0.8026586325549333,0.7475728155035234,0.6181816174536867
1,0.7595051640130757,0.5878468559888527,0.7639243742246438,0.572858741561186
2,0.8012143910817372,0.4938375469372852,0.778231987919074,0.5523518151206268
3,0.822835092525073,0.43979521317807246,0.7858967803605187,0.5210344086329305
4,0.8513789581137664,0.380620770943637,0.7833418502573706,0.5549256157436478
5,0.8636931109111813,0.34407263155381834,0.7945835467315658,0.5181864443395475
6,0.8754965383908275,0.3154172171002389,0.7966274915450559,0.535756511656557
7,0.8827034388967437,0.297786785439105,0.7976494633426578,0.5193295296382465
8,0.8949608444328706,0.27310465728299,0.7879407260877233,0.5416969689228855
