epoch,acc,loss,val_acc,val_loss
0,0.49404086245310563,0.9908261353528459,0.5686574757798951,0.9122920071305883
1,0.6803064699205449,0.7397832231678567,0.7182235851648087,0.6701323819927198
2,0.7552780928054272,0.5965307383613067,0.7299642691872691,0.6159839596354031
3,0.792338252175815,0.5146655051310406,0.7376212351415886,0.6066656018045863
4,0.8117480132690759,0.46754548737734863,0.7656967833128555,0.5574864045340775
5,0.8332009077072143,0.41960648123035366,0.7672281800757385,0.5592903202136236
6,0.8523836551405379,0.3802127188505028,0.7651863206765553,0.5616761473686857
7,0.8722474463275559,0.3391391995951753,0.7713118924846328,0.6256915355227686
