epoch,acc,loss,val_acc,val_loss
0,0.5240068104562099,1.1604574744195322,0.6426748299915125,0.8311073383608297
1,0.6523836550187577,0.8057564194031931,0.7069933703202506,0.7001844877001581
2,0.7005675365380883,0.7069587309839507,0.7376212321902611,0.6583022224836169
3,0.7366061294795977,0.6376858401650333,0.6283818220471532,0.8408240338501242
4,0.7594778663319166,0.5852141495460008,0.7325165901274143,0.6306654864151056
5,0.7896708283061743,0.5206851925535992,0.7743746838197226,0.5456717969082399
6,0.8052780928595518,0.48144647242939026,0.7473200562658695,0.6163539737691193
7,0.821509648303033,0.4417676680339722,0.7702909663296769,0.5499954706190069
8,0.8514188425630229,0.3856637485046257,0.7799897877886443,0.5482891636457049
