epoch,acc,loss,val_acc,val_loss
0,0.631157775295985,0.817120944763556,0.7314956608690005,0.6473772935322074
1,0.8065266739361403,0.493306749118714,0.7692700357020905,0.565605396637812
2,0.8905221342769843,0.3047012776170226,0.7896886184971329,0.5237243229056451
3,0.9510215660770689,0.16288723395238805,0.7396630911939055,0.7396156714849779
4,0.9769580025813637,0.0869647483245198,0.7881572243508908,0.603118386391537
5,0.9937570943870284,0.03620392616148975,0.7876467585198547,0.659315678707004
