epoch,acc,loss,val_acc,val_loss
0,0.6183180116914401,0.8605154142749389,0.746550843005407,0.614187547943698
1,0.7491771649954444,0.6035913663897581,0.7547266223507385,0.5866936962398632
2,0.8017818635728516,0.4862163881075232,0.7996934081561479,0.49228650106114274
3,0.8447962774008414,0.38848077772951956,0.7644353607325878,0.6025701780738304
4,0.8792418566617098,0.30884677427247437,0.7940725597058502,0.6020996905920393
5,0.9084666894399785,0.24510509900697147,0.7629024013001272,0.7094971049971037
