epoch,acc,loss,val_acc,val_loss
0,0.6109408693678356,0.8510426896111728,0.7347981604496678,0.6396915085411949
1,0.7458290772965163,0.618091514366004,0.7542156362082804,0.5857966417217352
2,0.7978095562500521,0.5107578610388946,0.772100153295861,0.5736834298120692
3,0.8357734650140073,0.4189141747521537,0.6831885539395016,1.158866519876506
4,0.8664169787494701,0.3469312599535738,0.7526826775677057,0.6337713960046115
5,0.8904210645580736,0.29375243942916984,0.7766990291262136,0.7394160449649524
