epoch,acc,loss,val_acc,val_loss
0,0.6576617480136209,0.7759705399005556,0.7478305257784584,0.5977599561260086
1,0.7664018160909855,0.5741188326434028,0.7662072485962226,0.5511693094627416
2,0.8017593643586833,0.4936221216918391,0.7611026033994919,0.5692906049196668
3,0.832065834265697,0.422557764880097,0.7845839714139867,0.5361464477052428
4,0.8586833144019058,0.36643511257837363,0.7544665646041882,0.6866985766664946
5,0.8763337117183222,0.3190639358711567,0.7901990811638591,0.5260157097376323
6,0.8938138478865824,0.27686143944063196,0.7927514038078636,0.6170125979894031
7,0.9090805902518966,0.2417789632088751,0.7856049004898441,0.6256580620760697
8,0.9213393870330966,0.21124224743629286,0.7886676875957122,0.6368548956915029
