epoch,acc,loss,val_acc,val_loss
0,0.5238338441938591,1.0957846267176545,0.6525293812802938,0.7726889715915928
1,0.6935648618403608,0.7259185614332603,0.755237607335825,0.5954401514697087
2,0.7577459994407995,0.5970110583658481,0.7680122624201378,0.568553288188831
3,0.8115423904646676,0.4705793189043193,0.7894736826267544,0.5192039988146915
4,0.8716944726827723,0.34741074634577873,0.7419519686369976,0.6611493778703892
5,0.9097151288365468,0.2744962234608554,0.8042922865753583,0.5895116961179001
6,0.9387697196888904,0.1949866601581904,0.7961165053721405,0.6303282125786853
