epoch,acc,loss,val_acc,val_loss
0,0.5754170922372008,0.8930128663490801,0.7143587125279676,0.687719862529314
1,0.7445238905168935,0.6059080815832077,0.75319366514165,0.5942376602591455
2,0.8018386105229589,0.48262900344739096,0.7823198715155382,0.5465268162847723
3,0.8621041877709998,0.35768487719384945,0.8022483451730692,0.5223174902877457
4,0.91624106224083,0.23033456622898044,0.7991824262776909,0.5697189223480029
5,0.9313358299957611,0.19039156581585395,0.8027593302799843,0.61633560882275
6,0.9691294969420281,0.09979043012368004,0.7772100094818131,0.7790293293030943
