epoch,acc,loss,val_acc,val_loss
0,0.6591566880663545,0.810548893006731,0.7354443308281825,0.6346189262187517
1,0.7907610237885939,0.5224875765648882,0.7819203269859135,0.544116651317803
2,0.8591453379591859,0.361598808803567,0.7589376920699099,0.61907166881873
3,0.9121502752533011,0.2314249202799333,0.7706843719297337,0.7073055446087035
4,0.9395040009249205,0.16598989132969977,0.7763023498840059,0.8427667124035166
