epoch,acc,loss,val_acc,val_loss
0,0.5418794690419402,1.0270103514566553,0.6765457338134305,0.7742601185960921
1,0.6912382245943206,0.7272160353880845,0.7629024039498994,0.6195977060357466
2,0.7541141753068997,0.5949123029696145,0.7833418475466841,0.5672571464466939
3,0.8059244126186321,0.48967470246767864,0.782319877728797,0.5677921028544115
4,0.8634661215480834,0.35521562193013956,0.7838528363389146,0.5857664211465196
5,0.9091476562439604,0.291085641587204,0.6075625957185417,1.3296792445648185
