epoch,acc,loss,val_acc,val_loss
0,0.6752738210935881,0.7454461452537603,0.7155260464387724,0.6478917531752855
1,0.833834629196577,0.42627416506547483,0.7829417767758511,0.5251661049576897
2,0.9163498099096097,0.23413759762833822,0.7446373852085897,0.7341235202410856
3,0.969468248136725,0.09322408730289221,0.7982635340359409,0.6524531667152148
4,0.9887066568400666,0.040504605678206074,0.7977528091714137,0.7199960386911378
