epoch,acc,loss,val_acc,val_loss
0,0.571112372331262,0.9190060648014272,0.6789178156073815,0.7526702036536306
1,0.7364926220474936,0.6524262904444293,0.7733537520967984,0.5732392972680365
2,0.8019863791011114,0.5090984798857898,0.7217968354850718,0.6664656250071562
3,0.8621452894167516,0.3745427288613985,0.7891781523009841,0.5455456355081766
4,0.9038592508445398,0.28248053362908077,0.709035222386754,0.8270797211640705
5,0.9318388195097379,0.21284533154206703,0.7748851457257975,0.6924394978255018
6,0.947048808145469,0.17984666634904947,0.7049515062050287,1.1006523478451038
