epoch,acc,loss,val_acc,val_loss
0,0.6001588922598997,0.8733154486181137,0.7066939189291512,0.7241068735497913
1,0.7044603336873464,0.7075362214773145,0.7501277464290145,0.6246329709529633
2,0.7436726818478698,0.6297581218425727,0.7373530913447018,0.6253111409361288
3,0.7693791851230518,0.569954215320092,0.7588145124041188,0.5927500558953293
4,0.7860628759369868,0.533501923151907,0.7639243739200723,0.5804286036615659
5,0.801781863593146,0.4989676502482627,0.7792539600212476,0.5597051893744959
6,0.8150039722802839,0.4648124164213673,0.7542156360559946,0.6055139884177555
7,0.8333900805743271,0.4329987850677357,0.7715891667574598,0.5841963900311236
8,0.8358302122144122,0.41855211402904213,0.7526826773545057,0.6331383370140955
