epoch,acc,loss,val_acc,val_loss
0,0.5477244352025297,0.9150900644580103,0.6944302505964397,0.7344363849566308
1,0.7251730793289017,0.6494004352519467,0.7128257514812779,0.6638665664969626
2,0.7592214280922288,0.5781934880639378,0.7383750637514468,0.6107890912630025
3,0.7894109638794476,0.5198764592331339,0.7623914148226403,0.5779832527840936
4,0.8099534674191933,0.4720208578199848,0.7766990280297561,0.5523963082975798
5,0.831630916062934,0.42564803224229036,0.758814512860976,0.5857548921401853
6,0.8467256839058075,0.39851333454104154,0.7710781817419162,0.5858839683588756
7,0.8621041877912942,0.3582429068169168,0.7664793049369348,0.6134161293110679
