epoch,acc,loss,val_acc,val_loss
0,0.5746793777389838,0.9244172982765833,0.685743490164537,0.7237518688337378
1,0.7428214732126702,0.6189331170203209,0.740419008382194,0.6381006674554559
2,0.8101237087159919,0.4853462390597407,0.7383750702692772,0.6371271891988658
3,0.8667007151167937,0.3618665734994507,0.7756770592474121,0.5564723750067171
4,0.91748950141416,0.2442409343439961,0.768523247953453,0.6464500772630187
5,0.9413800932549007,0.17289740716459912,0.7843638208366865,0.5923919776415545
6,0.9720803538457636,0.10197784933373087,0.7807869134841066,0.6262660765136208
