epoch,acc,loss,val_acc,val_loss
0,0.6814415436868094,0.7173907698350922,0.7182235837043579,0.6536187116682316
1,0.8341089671099227,0.42074877920811077,0.7748851456953714,0.561520831127931
2,0.9167423382384552,0.22231283386097322,0.7611026036124743,0.6854703125599515
3,0.9576617480000897,0.11556734129803406,0.7881572232859788,0.7402118042818803
4,0.9741203178206583,0.07302914841753874,0.7799897909529542,0.9331928564310682
