epoch,acc,loss,val_acc,val_loss
0,0.548064918878495,0.9383002698604128,0.6826775677665863,0.7466313304131166
1,0.6508341845149905,0.7973645604870374,0.7010730710270823,0.6933963065952687
2,0.6901032799773908,0.7420513631807474,0.7296882984159427,0.6444996268577459
3,0.698047894683873,0.7139996466024038,0.7169136433620872,0.6657230405857445
4,0.7195551016046327,0.6815579759588903,0.7332652018395504,0.6534802739146296
5,0.7337419134901352,0.6507026752783213,0.7593254982115483,0.597700163661124
6,0.7399841107841573,0.6327031943898455,0.7337761880429229,0.6428122350800446
7,0.750255362621678,0.6125911450212869,0.747061829330608,0.6101481016643449
8,0.7587107025241625,0.5994485625545847,0.7547266223811957,0.5977825611738387
