epoch,acc,loss,val_acc,val_loss
0,0.5127404802848556,1.0657521658490081,0.7078651692699242,0.8249912527413606
1,0.702003291709815,0.7257519215421491,0.7671092969647954,0.6278855997890204
2,0.7534192158235377,0.6086672440024945,0.7344228792117492,0.6391735155443614
3,0.8086941717100038,0.49971587030051834,0.7390194084719813,0.6576138908943433
4,0.8485330006475651,0.41451815425230004,0.7257405538359263,0.6958187536029212
