epoch,acc,loss,val_acc,val_loss
0,0.42622857804250236,1.0644358569844303,0.5472662204921276,0.9384825476956843
1,0.6596300077010819,0.7839734495504668,0.7322432318998345,0.6612062083560103
2,0.7602996257590512,0.5837230363818657,0.7629024080311576,0.5975850978004853
3,0.8265236635752561,0.4380055014654992,0.7930505851366475,0.5376440207143188
4,0.8438883213014097,0.4230789478812014,0.7823198809877122,0.6117777195461684
5,0.9070480085098437,0.24914657765871118,0.7802759317274781,0.7404487137899267
6,0.9647599593111016,0.1022860115615332,0.7833418533944572,0.8258793927847151
