epoch,acc,loss,val_acc,val_loss
0,0.6695800227826624,0.7575584680214101,0.7304747324625164,0.6434168770582229
1,0.7651532350008659,0.5762592131650407,0.7544665649997269,0.583952253451452
2,0.8039160045132329,0.4876294014537781,0.7651863200071821,0.5612931073533448
3,0.833995459623694,0.4196894950006119,0.7917304751275449,0.5166513662425883
4,0.8784903519134651,0.32748875942051614,0.8070444107785889,0.48480949476703566
5,0.9090805901977721,0.25050992511052145,0.788157223407683,0.5328188242810061
6,0.9398410897520154,0.17699847085724896,0.7794793264606645,0.6104395867245973
7,0.9599886492757331,0.1295381395791094,0.8152118431116137,0.5364246556441232
