epoch,acc,loss,val_acc,val_loss
0,0.6354556803724414,0.8143083557897496,0.726622380647479,0.6502457615606749
1,0.7571217796072193,0.59588680101867,0.7552376090718826,0.5894736622326461
2,0.7960503915289503,0.5058728650038095,0.7777210020202731,0.5368959992651923
3,0.8215866530608568,0.4471866820676009,0.7864077674776057,0.5178608526121188
4,0.8395755305664722,0.40589360742932373,0.7894736846978407,0.5360218344687441
5,0.8597208035139691,0.3627611007962104,0.7884517119865242,0.521350898453942
6,0.8738508682261259,0.32738746079125697,0.7915176295113308,0.5405492202231759
