epoch,acc,loss,val_acc,val_loss
0,0.6550902280968768,0.7965225222270127,0.7618804288020107,0.5762013183391759
1,0.7880490296288282,0.5312505907360805,0.7583035262921177,0.5556974036996927
2,0.8543298150377963,0.3723677434488047,0.7910066430033867,0.5706095679353316
3,0.9122120077176257,0.2352921651734855,0.7915176293285878,0.6239670985242696
4,0.941153104054158,0.1658690943950395,0.7925396012175613,0.747482196021945
