epoch,acc,loss,val_acc,val_loss
0,0.6346612189647058,0.8927286629941458,0.7286663264051407,0.6400662735675633
1,0.7933265237921335,0.5212300662359305,0.7465508436145499,0.6191899612294696
2,0.8786743842314786,0.31827238929649176,0.7414409815808249,0.7228649746537148
3,0.9368403131365708,0.18698903562776104,0.7731221257939774,0.701134863942024
4,0.9682215411470123,0.09732243251180205,0.7629024018178988,0.9656746673626624
