epoch,acc,loss,val_acc,val_loss
0,0.550567536700462,0.9182572345457607,0.6835119964943789,0.7324666479766947
1,0.7422247444730882,0.620467463592395,0.7432363471734152,0.6229827114061898
2,0.7971623153340126,0.4988232612609863,0.7646758528678256,0.5660173782528268
3,0.8548808171854658,0.37924216988408743,0.7805002504553705,0.5417524841198086
4,0.9002270150536441,0.2692456799522296,0.7886676815105008,0.5534825206350587
5,0.9346197499996146,0.18348515318552291,0.7927514060898178,0.5984094813199844
6,0.9733257665266108,0.09020251815252758,0.8136804504258223,0.5971511029174829
