epoch,acc,loss,val_acc,val_loss
0,0.5861188357882086,0.8970884251057388,0.7139938688619144,0.6877624902101775
1,0.7460416545628974,0.6196759755586659,0.7609805912844859,0.5808960232233003
2,0.8165824869239069,0.47698509440127906,0.7747701701762362,0.5464682511460185
3,0.8717439418807554,0.35056452077415096,0.793156280398247,0.5113059587936479
4,0.9148742974457315,0.24660342039842623,0.7752809026511623,0.5786487746896247
5,0.9536348678123856,0.15403215736480544,0.8069458672048122,0.518741912812573
6,0.9678224846640359,0.10844840685149935,0.7982635326965106,0.5676976193324782
