epoch,acc,loss,val_acc,val_loss
0,0.6536889897572737,0.8318483688097942,0.690658499690694,0.6803102199978948
1,0.7862088535484202,0.5269887159820582,0.7621235327796099,0.5926104618798353
2,0.859534619777346,0.36433348379665553,0.7830525781196742,0.5431914151536378
3,0.9116912599454267,0.23700437007237238,0.7559979584157437,0.7387310348036582
4,0.9411464245446559,0.16561952900399415,0.757018887430749,0.8422224546282069
5,0.958683314415437,0.11902962084267622,0.7947932622029867,0.818071614332866
