epoch,acc,loss,val_acc,val_loss
0,0.6602542276631932,0.7482247667839735,0.7766990291566708,0.5519507954512924
1,0.8048462149923985,0.49182581365778205,0.8007153807151787,0.5052858494835114
2,0.8573374191487015,0.3582591814149753,0.8048032703117016,0.5050710136176496
3,0.9016002724003188,0.2640537405011332,0.8201328564128768,0.5163837172544057
4,0.9283849733287936,0.1939588086765195,0.8150229943791517,0.6063181652269181
5,0.9518783339143354,0.13128617124983136,0.8048032703117016,0.759937673380744
