epoch,acc,loss,val_acc,val_loss
0,0.5636208850328011,0.9187766203544738,0.6962736129395629,0.7030006699442802
1,0.7472190689282845,0.611259793585735,0.7524247080346284,0.5808633868337713
2,0.8081725315392762,0.4797090122093543,0.7595712152776091,0.6005279718460387
3,0.8472190693071563,0.39169548601081233,0.7805002543803318,0.5414024542916362
4,0.9028376843006467,0.2662530698516447,0.8050025535396559,0.4984629651671347
5,0.9388195234313861,0.19238638791269397,0.8065339510327642,0.5358692195234157
6,0.885698070631666,0.3179070069286528,0.8080653419842703,0.5215123172710597
7,0.9658910332689491,0.1095042711591071,0.801429305044956,0.6179597107897978
