epoch,acc,loss,val_acc,val_loss
0,0.6393144932132535,0.8075882460253556,0.726622382870851,0.6364662208664338
1,0.8026330724583488,0.4992932668914455,0.7761880408517549,0.5558459005248626
2,0.8914425149703726,0.30853470145891615,0.7848748072837163,0.5405938866251759
3,0.9429690160839015,0.1749338483366654,0.7751660720084965,0.5785726620703859
4,0.9759391671195229,0.0886642842251994,0.7945835456351084,0.6118037844715402
5,0.9915446603816371,0.041096104443624604,0.8017373550711814,0.6616289104255536
