epoch,acc,loss,val_acc,val_loss
0,0.658041085047966,0.7758622029733879,0.7429739395817994,0.6447083418565437
1,0.7635342184956911,0.5785318716892034,0.7644353598188732,0.591072722089248
2,0.8120531153359596,0.47453393439350383,0.7782319876145025,0.5610725832460606
3,0.855067529245127,0.3720943848718215,0.7986714354448313,0.5415561354215132
4,0.8887186471388486,0.29444792664439356,0.7996934086739195,0.5399018632677299
5,0.9266825557607431,0.20977078650314573,0.7680122633338523,0.7036559305814802
6,0.9521620702681294,0.1521766654070627,0.7910066427901867,0.6412447813706064
7,0.9690727501001576,0.10871979863807896,0.7930505872077338,0.6839858154648716
