epoch,acc,loss,val_acc,val_loss
0,0.6143586833414777,0.8363175328148615,0.7105666156506405,0.6908467569145517
1,0.7285471055618615,0.6538150101325028,0.7621235324144972,0.5864937142747102
2,0.7624858115912837,0.576543239959929,0.7871362940275651,0.526105700630263
3,0.7873439273823404,0.5210272894544309,0.7769270036036777,0.5473520304093012
4,0.8035187287173666,0.48472311014349695,0.7907095457170008,0.5285988345993241
5,0.818444948935211,0.4478784147239841,0.7723328228992367,0.5760752535432258
