epoch,acc,loss,val_acc,val_loss
0,0.6252979229289657,0.8712404413467341,0.6765457329301732,0.7999788561096347
1,0.7878787880208487,0.5239620194331213,0.7363311187247568,0.6494230132780333
2,0.8780501645061353,0.31615704036221687,0.7041389887346318,0.9287564212957937
3,0.9373510384205156,0.175818501568628,0.7634133874121283,0.7798595924004645
4,0.963511519691295,0.10954167332909066,0.7664793052415063,0.9234844447248252
