epoch,acc,loss,val_acc,val_loss
0,0.599080694674255,0.8922984939186517,0.7332652017177217,0.6474262993434405
1,0.746169560789832,0.6119683132027135,0.7659683185203623,0.5687721508707876
2,0.8076835773667931,0.47862483562561053,0.7986714357494029,0.5134400955468462
3,0.8564294632183898,0.3686138292491916,0.7419519674796259,0.7115354032375159
4,0.8957553059150191,0.27377498059561756,0.77772100141113,0.7066812749474282
5,0.929122687441417,0.19774854541224013,0.8042922845956435,0.6522206748451697
