epoch,acc,loss,val_acc,val_loss
0,0.5652025878097938,0.9537576230670087,0.7020950426723985,0.7171523943200792
1,0.7425944842013419,0.6209274971002131,0.7542156375179379,0.6060767266965972
2,0.790659402903952,0.5179839863833714,0.7777210004365012,0.5501327709574205
3,0.8226081035205095,0.44454253009412553,0.7925395998469895,0.5172508002911287
4,0.8477471341083979,0.38638627611674836,0.7950945334527099,0.5147643205640751
5,0.8692543410088631,0.33591885993096715,0.8032703141686133,0.4967047674015096
6,0.8845760979036538,0.29644351739670194,0.7838528339023424,0.5224059205397575
7,0.9005220749296756,0.25694838643155216,0.8027593260159831,0.503614301500603
8,0.9198728865235554,0.20837490013516757,0.8155339811002958,0.5004555719143648
