epoch,acc,loss,val_acc,val_loss
0,0.5564699202200882,0.9250495561541277,0.7008677876196447,0.7062304393864214
1,0.7377412031782066,0.6292553824138966,0.7381316990862092,0.6181727508430033
2,0.7910896710992266,0.5223897994308818,0.7483409914269381,0.5913249956460069
3,0.8275822931737824,0.44164343887641944,0.7457886680831345,0.5920862872543354
4,0.858059023498271,0.3749220126941716,0.7544665670078466,0.5679252998082841
5,0.8858115779555209,0.31283516640966247,0.767228179345513,0.5826972135784311
6,0.9074347331900061,0.260558058360378,0.7631444606992771,0.5907607261717106
7,0.9314415437815273,0.2105902316046627,0.7636549284167288,0.6361303777035066
