epoch,acc,loss,val_acc,val_loss
0,0.5691504455216186,0.9074271823104141,0.716036772399197,0.6947575213960291
1,0.7278815050393294,0.6831732599833085,0.648110316162577,0.8615897316732981
2,0.7666420748106474,0.5922627028647173,0.7206332991023351,0.6812162155759225
3,0.8043243856863296,0.5142178729148615,0.788559754973656,0.5273706520906629
4,0.8286703365404241,0.4567089474375068,0.7752808990590541,0.5646668621419765
5,0.8526757845887531,0.4063001386451299,0.7757916246541796,0.616630020679809
6,0.868565915678952,0.36166883485926504,0.7757916238626981,0.5956048556927884
