epoch,acc,loss,val_acc,val_loss
0,0.5994211780999227,0.8655797357477215,0.7281553399885682,0.6587146643661514
1,0.7313585291383973,0.6670803587074895,0.7102708223527587,0.676388629736435
2,0.7749971626443769,0.5747118374773977,0.7521716918516476,0.5970625044072716
3,0.8035977755011231,0.5119922808020032,0.781297904530166,0.5420337137544892
4,0.8307797071977312,0.45258125158149637,0.7409299953774524,0.6561311347848856
5,0.8524004085531247,0.3993640172029648,0.7966274906313413,0.5311680595120667
6,0.8680626489344662,0.36446442328467027,0.7261113952664495,0.7455438686745107
7,0.8831006696175235,0.32981846314893926,0.7925396010043613,0.5900602568213161
8,0.8962660310771974,0.29187981991515694,0.7961165044279688,0.615087904245438
