epoch,acc,loss,val_acc,val_loss
0,0.6734763363841552,0.7338742594986278,0.7516607051609606,0.6075021247277165
1,0.7902621722778794,0.5086775559286378,0.7618804292284108,0.5757569033132869
2,0.8544433095130188,0.37013707877612523,0.7618804292284108,0.6164821375144277
3,0.8994438770057909,0.26232877128133164,0.7286663260396549,0.812809245283042
4,0.9400749063467468,0.16933035326929452,0.7506387327542157,0.8524733451582914
