epoch,acc,loss,val_acc,val_loss
0,0.6059471114433227,0.876032335873752,0.695452222241756,0.705801823490057
1,0.7420837588091603,0.6278242298022746,0.7455288709946049,0.600107857781402
2,0.8030870502442375,0.4893362753379901,0.7807869189359365,0.5368931240492106
3,0.8610827376089982,0.3597562897930539,0.714358712802082,0.7945226549675833
4,0.9084666894940969,0.2521971149289531,0.7940725597058502,0.5743270671117897
5,0.9387697197971273,0.18148311292924915,0.7608584564866372,0.6760046670311376
