epoch,acc,loss,val_acc,val_loss
0,0.4961975025264684,1.0258590008424981,0.6549259843176394,0.8534675833824765
1,0.6636208852628303,0.8080264917702734,0.6620724902522996,0.7859177095601606
2,0.6995459706639865,0.7283031445491327,0.7039305723827064,0.688430744418689
3,0.7232690126211229,0.6739247716785695,0.7299642643495261,0.6395042408723622
4,0.7485811578023177,0.6203897202190828,0.6763654976489898,0.8034531879084277
5,0.7644721905300214,0.585755248569062,0.7641653952213986,0.5708339410877277
6,0.781271282822807,0.5528316381840916,0.7524247009453572,0.5825336322971848
7,0.7897275819681018,0.5269279903369648,0.7233282331911626,0.6435359964387766
8,0.8100454033030013,0.47698620860882435,0.6671771349317873,0.8464116764165966
