epoch,acc,loss,val_acc,val_loss
0,0.522074679384815,0.9575984994150997,0.6785896793883494,0.7375851046326335
1,0.7322664854069489,0.6438779832556168,0.7506387391502174,0.5948186350465735
2,0.7904891616071533,0.5263362398633025,0.7562595857121717,0.5650321121537448
3,0.843264101724892,0.41611731855042094,0.7501277428959849,0.6341836908732255
4,0.8819657243376435,0.3241942140906153,0.7966274908140842,0.5125447572587276
5,0.920667347288635,0.2277572247439759,0.7894736789414392,0.5798614393647495
6,0.9549426854691783,0.14824600297555576,0.7772100212078162,0.6748666165431787
7,0.9255476112791093,0.19821932375593415,0.795605518986025,0.6035807753437687
