epoch,acc,loss,val_acc,val_loss
0,0.6269435931207265,0.8092083767328748,0.7393970364627633,0.6192261497311649
1,0.7820905687021297,0.5397539322864129,0.7158916714121994,0.6436666186878007
2,0.8547837928439794,0.3760505134334711,0.802248339081639,0.4904920188334138
3,0.9168652821352934,0.2287792277625654,0.7869187527672636,0.5807807736848773
4,0.9525025535720307,0.1307326519424008,0.7991824224705469,0.6699172592035166
5,0.9648734537660297,0.0994865886064572,0.8017373526650664,0.7200310201929977
