epoch,acc,loss,val_acc,val_loss
0,0.46351151962702936,1.0435262685357314,0.6285130335898441,0.9221575470012124
1,0.5796731355823191,0.9060228171636482,0.660705160534254,0.8256302301105213
2,0.6372148447688328,0.8285891731972457,0.705160954745375,0.7475296966141441
3,0.6683123369869587,0.7681298830116556,0.7153806832595693,0.7119586819218444
4,0.692032686211765,0.7326388886453561,0.7266223870130236,0.6814981275330896
5,0.7021904437296534,0.710937933643916,0.7225344973860435,0.675380264183789
6,0.710986267111924,0.694465701526741,0.7102708229009875,0.6995345400070498
7,0.7254000683199356,0.6635731754420957,0.7123147693896208,0.69015127478294
8,0.7353875835398352,0.6458519419561977,0.7153806821631118,0.6877207935739672
