epoch,acc,loss,val_acc,val_loss
0,0.5627624559261758,0.922080050260522,0.6816555950552697,0.7487475112133875
1,0.7155827942209501,0.6841559867327985,0.7608584573089803,0.6120007755077793
2,0.7696061740870265,0.57057838346046,0.7623914150053832,0.5887286881433194
3,0.8176710929181679,0.4667616000532387,0.7925396010043613,0.5436798303359981
4,0.8591533309484418,0.37262416936836834,0.7281553394707966,0.7211705154463778
5,0.897230734275562,0.2908042246834561,0.7833418493436561,0.6163204282781087
6,0.9220860287193651,0.217805476133053,0.7623914153099547,0.8649998709567055
