epoch,acc,loss,val_acc,val_loss
0,0.6361520997511813,0.7989475023191714,0.7406840226734214,0.6194748548964811
1,0.8040862657425758,0.48904693712576564,0.7641653906574901,0.5585215745257017
2,0.8901816117641739,0.2982613563706737,0.7723328229905149,0.6103127650486808
3,0.9475595914546261,0.1558713503004338,0.7789688618466707,0.6551415553319326
4,0.9840522132585593,0.06434791051231908,0.7585502810901741,0.8114645596120112
