epoch,acc,loss,val_acc,val_loss
0,0.6440976163585935,0.8198316187918119,0.7187340482574996,0.6687184514410341
1,0.7416572077185017,0.6385864912651724,0.727922409788086,0.642875598881426
2,0.7845629965947787,0.5463312803007553,0.7651863197637736,0.5559764482830178
3,0.815039727595824,0.474233536721629,0.7478305260522929,0.6230446611696996
4,0.8420544835684924,0.40910366898091777,0.7013782546677232,0.8077650216844022
5,0.8683314415572315,0.34799143634102264,0.7488514551281503,0.613998445094149
