epoch,acc,loss,val_acc,val_loss
0,0.49926228591443567,1.0781883863839399,0.5559529901525471,0.9975700307452806
1,0.6920326863402961,0.7384949386180726,0.7547266201578237,0.5971773061511099
2,0.75405742809973,0.624677422848696,0.753193662522335,0.6103663194770403
3,0.8037680175149905,0.5025108752774538,0.7061829342486362,0.7486927822711946
4,0.8424128933264603,0.4173355181619564,0.7700562103098001,0.6046017858832237
