epoch,acc,loss,val_acc,val_loss
0,0.5222449211145608,0.9658726224792679,0.6801226367192665,1.1443175470640177
1,0.7265917603063903,0.7123226494107773,0.7644353603061876,0.6072682921047045
2,0.787935535140076,0.5818626994091433,0.7930505876950482,0.5584473122609899
3,0.8144364998432878,0.5463306698730402,0.7792539601735333,0.6227548655710722
4,0.8290772897176231,0.5409341497191803,0.6796116505006655,1.1703374902387023
5,0.8357167177459545,0.6178746120421816,0.7450178845780323,0.7514715547395958
