epoch,acc,loss,val_acc,val_loss
0,0.6306889115742584,0.8386674749027274,0.7179356157688322,0.661390252529387
1,0.7592781750152768,0.6078180265053219,0.7485947879407256,0.631149321429024
2,0.8177278401726911,0.46309788834086724,0.7766990291262136,0.5368196178926274
3,0.8657927590241268,0.3600756632200693,0.740929994890138,0.7269973473001878
4,0.9052888434910907,0.26666501177331736,0.7787429739397036,0.6801513389027052
5,0.9265690613802277,0.21744210065686329,0.7766990291262136,0.8803798016960227
