epoch,acc,loss,val_acc,val_loss
0,0.6468217932947918,0.7787596872526725,0.7115875449394803,0.7081512468332171
1,0.802213393911195,0.4920132991066044,0.7927514039904199,0.49515397033562397
2,0.867934165842552,0.3384768274801949,0.777437468430654,0.5258769239011378
3,0.9226447219339862,0.203710307243463,0.7764165393243705,0.7099433879939921
4,0.9688989784471294,0.09097477118489962,0.8244002043987915,0.5835886651487482
