epoch,acc,loss,val_acc,val_loss
0,0.4764498920990517,1.0189218768845107,0.6714358722670198,0.8424551941085118
1,0.6696742709331622,0.7791820775771192,0.7296883005784005,0.6680245817956354
2,0.7360685504723483,0.6597993734231697,0.7455288730352341,0.6320511911313754
3,0.7697196684607771,0.5872888318621846,0.7649463477887606,0.5798374604192021
4,0.8003064354490765,0.5225595466504234,0.7736331096826065,0.560647081220156
5,0.8231188284729791,0.46328606582258874,0.7792539609958764,0.5571509863749169
6,0.8452502550784934,0.413654727790889,0.7818088925000534,0.5643458444973493
7,0.8628419018836233,0.3697374024350315,0.7741440994494657,0.5965767551820742
8,0.8810577689891045,0.3307057032316176,0.7746550841908949,0.6055479377401564
