epoch,acc,loss,val_acc,val_loss
0,0.5673098750336352,0.9538817749526796,0.6865747835089687,0.7571594593109922
1,0.6791713961001558,0.7445857548416,0.6896375705844106,0.7261209325744158
2,0.718388195327408,0.6676132151000751,0.7662072489004831,0.6061767368611175
3,0.750794551645857,0.6056811375866954,0.7570188874916011,0.5904500861749654
4,0.7694665152423092,0.5577182192807841,0.7748851458475017,0.5420778068795138
5,0.7940976162774067,0.5050862464271528,0.7937723331271294,0.5140182513129413
6,0.8125993190098567,0.46873604715479356,0.7600816747191732,0.5938607768296831
7,0.8301929625290342,0.42526705516724256,0.769780500620345,0.5516021902796077
8,0.842111237122171,0.3902669548447097,0.777437468430654,0.5667658156737677
