epoch,acc,loss,val_acc,val_loss
0,0.6797185335293515,0.7301476279096265,0.7639243742246438,0.6044846292533738
1,0.8220973783718607,0.44717846449408327,0.7858967809696616,0.5544639284292776
2,0.8993303825440979,0.2687537917794793,0.7685232500549963,0.6005863591488003
3,0.9599931902220322,0.12658772926137904,0.7802759322147925,0.6943353530272697
4,0.987458858245375,0.05093381565261639,0.7700562089696854,0.8316290405677421
