epoch,acc,loss,val_acc,val_loss
0,0.6411871523284003,0.7788531417514393,0.7266223810738791,0.6497946621266688
1,0.7963341276798004,0.49833236992420044,0.7746550841908949,0.5509837465774787
2,0.8711837474732403,0.33768535180890646,0.7950945328435669,0.5438468010071046
3,0.9451821587126583,0.17211592042842555,0.7736331123932929,0.6244936723397225
4,0.9813301554333405,0.07346480316046472,0.7746550844954665,0.7838699750042595
5,0.9966519123551902,0.02643514508572803,0.7685232497504249,0.9151016710422206
