epoch,acc,loss,val_acc,val_loss
0,0.6786038592373201,0.7266583621028333,0.7534456355283308,0.5751025650865147
1,0.8094211123587731,0.46988212788957473,0.8029606942317509,0.46822818489997226
2,0.869920544808352,0.33250599367529254,0.8218478815722308,0.4525354745407504
3,0.9130533484541192,0.23190075827172613,0.8029606942317509,0.5613702588190285
4,0.9409194097345722,0.1608494073744529,0.7973455844818785,0.6343596558704128
5,0.9585698070374574,0.1107198952683475,0.809086268534765,0.695652788454565
