epoch,acc,loss,val_acc,val_loss
0,0.6517988877471791,0.8005932598863013,0.6969851810650736,0.7045326581035394
1,0.7421405061651556,0.6290498828187107,0.7531936642583926,0.593563390283726
2,0.7877085461084532,0.530481230406252,0.7756770571154116,0.5463867833800747
3,0.8261264329018299,0.45296123309961284,0.7470618289955794,0.6218871425230039
4,0.8517761888345461,0.38727012806671485,0.7864077665638911,0.53470692317219
5,0.8775394393304273,0.32612631153456945,0.7659683185203623,0.6206794049158715
6,0.8993303824764499,0.27391471129218153,0.756770566859657,0.7359723209969292
7,0.9139144251300858,0.2298937166502251,0.7945835467315658,0.6035610175613975
