epoch,acc,loss,val_acc,val_loss
0,0.3929746905752917,1.0826044275438376,0.4261624965822447,1.050570158429699
1,0.5615140164484299,0.9099440380428614,0.7066939200560658,0.6967143287266403
2,0.7035523773579115,0.6986400483347558,0.7204905425216936,0.6521079576801266
3,0.7394733857843341,0.6263820765887333,0.74655083837592,0.5981431125559
4,0.7654636253456619,0.5667612505356877,0.7613694466494393,0.5653202694840254
5,0.78844626028196,0.5261695792220153,0.7542156347767942,0.5736109455690496
6,0.8142095108928428,0.46534954090419306,0.765457335179962,0.5692549677728449
7,0.8276586086995458,0.433544348448011,0.7623914207313276,0.5879902607272581
