epoch,acc,loss,val_acc,val_loss
0,0.680646992000359,0.7329444808532377,0.7544665648171706,0.5756202982115831
1,0.8330306469108677,0.42908844282083153,0.7748851457257975,0.5220660964343669
2,0.9230419977433836,0.21979754384475994,0.7723328231426452,0.6022768303287949
3,0.9729284902842172,0.08738845089338423,0.749361919650866,0.8377659058558692
4,0.9857548240635642,0.04634280384567891,0.7718223586807815,0.762761800431548
