epoch,acc,loss,val_acc,val_loss
0,0.6681988423629105,0.7645097175692743,0.724578436443132,0.6315908405204543
1,0.7740892067005355,0.5497827476803554,0.7695452223094557,0.5689597886681983
2,0.820792191592238,0.4431813372215149,0.7961165048848261,0.5238817600066039
3,0.8575644080991467,0.3596156555662468,0.7644353602757306,0.586849243408207
4,0.8855975485527209,0.2971373647113161,0.7828308635971408,0.570060741919672
5,0.9026217228261475,0.25362696232183907,0.7721001533567753,0.6757075905982609
