epoch,acc,loss,val_acc,val_loss
0,0.6587968218069477,0.8213663372089589,0.7371107710752638,0.6290638205833493
1,0.7847900113236755,0.5283232748305486,0.7953037265431461,0.5197429565399991
2,0.8570942111101919,0.3662252223180453,0.7360898420602585,0.6892110587322572
3,0.9150964812577514,0.235643838408586,0.6753445638875197,1.1100848928405778
4,0.9395573212258796,0.16731807520522163,0.7702909650517824,0.7951982052062104
