epoch,acc,loss,val_acc,val_loss
0,0.6884576098126892,0.7100480045434525,0.7511497189575882,0.583902653727412
1,0.8028600613208515,0.48141052662453604,0.7746550843127236,0.5535778818336993
2,0.8858812847712189,0.29638856596633373,0.801226366888094,0.5367340501064723
3,0.9396209284187973,0.15971848232164892,0.7843638221768012,0.7047030726541929
4,0.9594824651004427,0.1091496478559031,0.7639243740419008,0.9483948655326089
5,0.9731585518102372,0.07533074929393196,0.795094532447624,0.9240694148818152
