epoch,acc,loss,val_acc,val_loss
0,0.6605947111429793,0.7521150698795477,0.7608584566998372,0.5761852606133533
1,0.8123368515206336,0.4649377761072772,0.8012263669794655,0.49232687199974645
2,0.8817387356916143,0.3113154669602712,0.8027593252850115,0.46261450951356453
3,0.937294291145698,0.17032633674305747,0.8211548292155648,0.4821304874832556
4,0.9581205311745334,0.11741941618656898,0.8175779257919573,0.615110760631766
5,0.959993190194973,0.11283046125117556,0.8175779251828142,0.691974668621286
