epoch,acc,loss,val_acc,val_loss
0,0.6433030646721432,0.8176383323214788,0.7600816743236345,0.616898154150533
1,0.7788308740338727,0.5599565435416582,0.7697805002856584,0.5670623869053741
2,0.8410329171666764,0.4228407710350872,0.7799897907095457,0.6200692236172477
3,0.8866061293848798,0.32153839003484985,0.7503828484224628,0.7308975098737349
4,0.9194097616074439,0.25046627527603904,0.7411944869831547,0.9678423767380517
