epoch,acc,loss,val_acc,val_loss
0,0.6564131668558456,0.7731320795758493,0.7493619198029963,0.5744828991040458
1,0.7820090806037695,0.5469717322223979,0.7764165394156487,0.547475435467263
2,0.8429057889033392,0.40885065374525936,0.7998979074301434,0.5097582192065583
3,0.8922247446354619,0.2930505204586382,0.7636549262869048,0.6540664276217489
4,0.9301362088400443,0.189615992719686,0.7871362943013996,0.6795894681890137
5,0.9508513053348467,0.13759757325509892,0.7794793264606645,0.7591800152373107
