epoch,acc,loss,val_acc,val_loss
0,0.6658722051642239,0.7784538783844179,0.7552376085845682,0.5938559011135043
1,0.7737487232207494,0.5516691366215865,0.7833418497700562,0.5317981561258489
2,0.8207921915516493,0.4455189975825223,0.7342871742767525,0.6647963409955001
3,0.8551810236932904,0.36881689710901727,0.7991824221050612,0.5362205077752692
4,0.8786743842855971,0.30491163166842983,0.8063362289218191,0.5751933881981555
