epoch,acc,loss,val_acc,val_loss
0,0.6595913734663358,0.7640090613846882,0.7166921899232285,0.6469167162107533
1,0.780249716231555,0.5399380659542885,0.7452782031953061,0.6330245624640086
2,0.8350737797686244,0.4183580007712768,0.7820316488004083,0.5378445306257547
3,0.8851872872007286,0.30349965866118095,0.7784583971718247,0.5694260195909318
4,0.9204880816982499,0.21617408884302305,0.7457886677180218,0.8451208750346049
5,0.9417139614345538,0.1622684877200917,0.7519142419601837,0.9067488678632615
