epoch,acc,loss,val_acc,val_loss
0,0.6661180476595676,0.7604057892970952,0.736089841755998,0.6263487452356836
1,0.7714528944246073,0.5669686155205552,0.7406840224908651,0.6038657660278025
2,0.8110669693530079,0.479435738802768,0.7912200102397166,0.5111143600353482
3,0.8406923950192065,0.40370461247971323,0.7968351199591628,0.48790399274955665
4,0.8646992054212919,0.3500017268940485,0.8029606942317509,0.48136074680525043
5,0.8893303064563894,0.2922532174901172,0.8101071975497703,0.512747630644295
6,0.9047105562132144,0.2537883168519829,0.8044920877998979,0.5169880667881067
7,0.9194665152964338,0.22064345857545006,0.8085758039816233,0.5528964675685287
