epoch,acc,loss,val_acc,val_loss
0,0.5191238227516713,1.045206013649631,0.603985694883792,0.8576829523594329
1,0.6978209059093126,0.7365097269245044,0.729688299268743,0.6505127698411488
2,0.7520712748543654,0.6141877148265317,0.729177310141484,0.6433778107318576
3,0.7975825674078437,0.5136524511309031,0.7506387352212449,0.595842577421854
4,0.8393485415889678,0.4355624977826071,0.7935615748425924,0.5335069320064207
5,0.8805470436104526,0.32069222216586657,0.7858967817920047,0.5575036147631244
6,0.9028487117089447,0.27800869904927833,0.7971384797281432,0.5627558381202943
7,0.9315060719960989,0.21868371737725806,0.7833418522370854,0.6669003417373739
