epoch,acc,loss,val_acc,val_loss
0,0.529451821721949,0.9605775427742532,0.6709248824087892,0.7828086739178512
1,0.7154125528226793,0.6752785091001835,0.7235564686354168,0.6495626711029147
2,0.7734649869616627,0.5552189014560315,0.7772100122534138,0.5537056173971251
3,0.8255022133050177,0.4331683595278466,0.7874297368995499,0.5125033583760444
4,0.8829304275495378,0.32175991209732285,0.8022483451730692,0.555711431989392
5,0.9298036546918756,0.19365611700813584,0.796627493585685,0.6405110411578194
6,0.9281579844189372,0.22066325405719345,0.8104241166299987,0.6599139282456088
