epoch,acc,loss,val_acc,val_loss
0,0.6428895698423324,0.8525485674824324,0.6847215123973334,0.722711665385465
1,0.7913403699514666,0.5191440593707901,0.6627491055304869,0.8149221300408739
2,0.8812847575742505,0.31063957486165095,0.6709248853022186,0.9991979911184823
3,0.9401316537433309,0.17069229921794293,0.7332652021136646,1.0421411694162162
