epoch,acc,loss,val_acc,val_loss
0,0.5175916469607204,0.9654092658338611,0.6908533421474022,0.7241426923778146
1,0.719498354295991,0.6706913000418966,0.7531936579233052,0.5885221966688403
2,0.7850414254367453,0.5310134985920195,0.7680122661968245,0.5561389232936659
3,0.8257292022757573,0.4429916677160007,0.7879407242602942,0.5214078642606857
4,0.8115423898896597,0.4913185351167685,0.747061828508265,0.6308745267930905
5,0.8918964932095029,0.29012232469573435,0.7935615730760777,0.5798521326035337
6,0.9199296336224883,0.22224625755845992,0.7874297369604641,0.6085432453550242
