epoch,acc,loss,val_acc,val_loss
0,0.5602655770924505,0.9159061352790735,0.6939192642103243,0.7113025303574076
1,0.744069912622768,0.6288913138580301,0.7547266224116529,0.6116129387442287
2,0.7939507434024753,0.5152988424806884,0.7588145120386329,0.6018789144395624
3,0.8310634433959347,0.42938044487638544,0.7766990291566708,0.5981318234605453
4,0.8603450232460772,0.36399993375188955,0.761880429258868,0.6635237388240481
5,0.887299965931357,0.29889154091397907,0.7700562085128281,0.6885845448572415
6,0.9066507774169998,0.25813640322273673,0.7521716913947903,0.9595350334397006
