epoch,acc,loss,val_acc,val_loss
0,0.6938485983565099,0.7025968484819821,0.7271333674599946,0.6547827157793937
1,0.8138122800908854,0.46030165738921985,0.7838528360038859,0.5309001771113552
2,0.8907615480784484,0.2845789648938322,0.7853857946140034,0.5916185824007298
3,0.9413233458515519,0.15388010725363768,0.762902401665613,0.7970952549697065
4,0.9670865963000794,0.0923974004271501,0.7608584568521229,1.0773387304909325
