epoch,acc,loss,val_acc,val_loss
0,0.5526046987871159,0.9457567175540571,0.6934082736820363,0.7256425276177845
1,0.7155260471896652,0.6772563012635826,0.7358201386737288,0.6393465101566617
2,0.7616048119027827,0.5803215091885482,0.7424629498453974,0.5951596910574635
3,0.793042787756285,0.507895677189269,0.7853857904109165,0.5230870071758588
4,0.8369651573319371,0.411315631364507,0.8058252435712469,0.4806078912106837
5,0.8750425605372909,0.33167675215315023,0.7991824268563767,0.5224579731054798
6,0.8961525368522724,0.2788850008534893,0.8088911613701678,0.5006801898405147
7,0.9208375895663296,0.21674915896535205,0.7833418556482864,0.6122155523019965
