epoch,acc,loss,val_acc,val_loss
0,0.4332084893679703,1.0435480948758713,0.5452222782674954,0.980558127545555
1,0.584439904860803,0.849017174989949,0.6433316314165606,0.7791109787120342
2,0.7402110999443111,0.6271124324399732,0.7250894206972468,0.6788846960954661
3,0.8586426061042091,0.36851870155864835,0.7669902921149362,0.6400051346590279
4,0.9327545116361999,0.19207864865489857,0.7623914177465269,0.7406492081599755
5,0.9623765750540708,0.11037313503840768,0.786918754046464,0.8061240837168316
6,0.9777550786013176,0.06713060086888781,0.7721001520471178,1.0394469744463508
