epoch,acc,loss,val_acc,val_loss
0,0.6158211326074172,0.8704957710723846,0.6734798157099381,0.745809805959722
1,0.7483827035335904,0.6126582286317561,0.7736331115709498,0.5616004161829844
2,0.8101804561802239,0.4753769743849776,0.7128257533696213,0.7398717596510204
3,0.8548405402811523,0.37003972912982025,0.749105774326841,0.6821740510272444
4,0.8970037454468832,0.2914507785012294,0.7976494630380864,0.568871698180936
