epoch,acc,loss,val_acc,val_loss
0,0.6213393870195655,0.8635897762523742,0.6942317513192777,0.722933836345955
1,0.7515891033323073,0.5959802922203917,0.7493619197117181,0.5925443605113359
2,0.8073779796904522,0.4793279080804983,0.7549770294920165,0.5953569553408348
3,0.8434733257932371,0.3931358003589271,0.805002552596448,0.4729944226570188
4,0.8793984108425837,0.30878221973117176,0.8014293009982905,0.5302484798881703
5,0.9012485811307129,0.2522246694321259,0.7861153652863943,0.5526743808712747
6,0.9290578888710187,0.19089652068498592,0.7672281778850624,0.6720508197973796
