epoch,acc,loss,val_acc,val_loss
0,0.5990239473317893,0.8753027440253918,0.6821665809540707,0.732372399429064
1,0.699012597902532,0.7067053422945716,0.7307102710968022,0.653829662057899
2,0.73612529795011,0.6399101624016919,0.7455288703854619,0.610449658405068
3,0.7591079332787662,0.5814349438989627,0.721512518826954,0.6510149206381766
4,0.7822040630758803,0.5393189381706148,0.7138477257763663,0.6901844765497948
5,0.79905799566015,0.5031447122876591,0.720490547242552,0.6671525944418364
