epoch,acc,loss,val_acc,val_loss
0,0.6536889897572737,0.8318483688097942,0.690658499690694,0.6803102209715286
1,0.7879682179071035,0.5258948194588219,0.7656967844386195,0.5516564471189802
2,0.858456299673009,0.3624806977021978,0.7733537522489285,0.5953292269497394
3,0.9095346197232215,0.2400530109814158,0.7881572233164049,0.5980157886858556
4,0.9401248580887153,0.16561030148783282,0.7355793775071168,0.9354005780008267
