epoch,acc,loss,val_acc,val_loss
0,0.6766541822451007,0.73189682335984,0.7460398569543202,0.6095253749349376
1,0.7935535126816955,0.5054245932380101,0.7603474706487504,0.5811995926047078
2,0.8541595732945209,0.37417056041385677,0.7567705672251429,0.6232768226230272
3,0.8995006242332549,0.2618178899808255,0.7230454778330144,0.8041653004177505
4,0.9384292362158692,0.16806131523031068,0.7511497189880453,0.8126695630924399
