epoch,acc,loss,val_acc,val_loss
0,0.6839387059888288,0.7140557947683821,0.7733537522489285,0.5555088302808006
1,0.8364926220069002,0.4171683975063036,0.8034711590587271,0.4888451081444379
2,0.9207150964948024,0.21551170629215566,0.7534456358021653,0.7016023005862331
3,0.9597048808172531,0.11281082264647717,0.7901990814985458,0.6426880369690257
4,0.975539160045403,0.0717607713127921,0.7958141912788442,0.7946261051298709
