epoch,acc,loss,val_acc,val_loss
0,0.411350737811488,1.075084441230462,0.5579377169387568,0.954591723715182
1,0.6618615206876488,0.7658504525594896,0.6983154715780947,0.6943752252672204
2,0.7634506240334873,0.5768418331895865,0.7616130655185491,0.5598295931307378
3,0.819296254500087,0.46226727301498005,0.793772328045978,0.49340251083578485
4,0.8573779794468918,0.3722982976073981,0.8080653354426681,0.47688310428685593
5,0.8864358684396906,0.30646276624871166,0.808575797896412,0.49561830408844554
6,0.9279795687937439,0.1957776175522236,0.7866258297482579,0.637792212583387
7,0.940238365480226,0.16235588346856406,0.7963246545845176,0.6342643213065198
