epoch,acc,loss,val_acc,val_loss
0,0.5514188419811842,0.9596190143659897,0.6442062261763004,0.7821066999630152
1,0.7135641316279651,0.6884965569153005,0.7146503344490067,0.6733140815515309
2,0.758513053578497,0.5938387061085523,0.7575293538094541,0.5802313716147492
3,0.8011918275635034,0.5014617493149912,0.7667177165266565,0.5432007123220326
4,0.8336549378550959,0.4301453364355475,0.7539560958218245,0.5866702763081327
5,0.8627695802256685,0.3602801905587637,0.7927513976922261,0.4960713065540748
6,0.8917707151235436,0.29151596429670035,0.7845839698014058,0.5278378074847051
7,0.9223609535837552,0.22023475470864948,0.7871362884900228,0.5534086012000512
8,0.9379114642722381,0.17787758035841109,0.7912200112133503,0.5482500543577322
