epoch,acc,loss,val_acc,val_loss
0,0.6477298524539398,0.8054220189842545,0.7003573255005876,0.6847077187011897
1,0.7457434733528284,0.627058594607062,0.7524247066958818,0.5781142840645884
2,0.7895573212258796,0.5312435322397818,0.7294538032345287,0.6728964854771535
3,0.8225312145560066,0.4556822426676344,0.7835630425815377,0.5347996089092136
4,0.85323496029948,0.38750541938149563,0.6978050029174353,0.7738138759787317
5,0.8767877411896471,0.32934884050106217,0.7953037265735722,0.5277182669618897
6,0.8956867196638386,0.27849764342881766,0.7753956102789391,0.5939465958649799
7,0.9148127128533959,0.23982890765187959,0.7172026547197787,0.9327949487536218
8,0.9346197502567062,0.19168540416591962,0.7616130681960421,0.7647298208422172
