epoch,acc,loss,val_acc,val_loss
0,0.5260469867414385,0.9769521011503638,0.7123147672576202,0.7588753616499182
1,0.7231301781863579,0.6830671438495981,0.6039856924472199,1.0342710253896308
2,0.8014413801201247,0.5162986441930892,0.7072049059548668,0.7296303113504643
3,0.859947792505003,0.3860361725717678,0.7429739392772279,0.8072549393119773
4,0.897003745318352,0.29409191379711097,0.7450178840907179,0.9615954441505241
5,0.9292361820451708,0.2124876612006215,0.7869187527672636,1.0963569412928305
