epoch,acc,loss,val_acc,val_loss
0,0.59006810445385,0.8835023167590683,0.7141398674922065,0.7106915341462938
1,0.6999432463380725,0.7122062114662534,0.7309851967722497,0.6246573902198768
2,0.7353007945381147,0.6378420340081213,0.7473200614991512,0.6048820860048774
3,0.7625425652532112,0.588868203735514,0.760081674567043,0.5821490926423689
4,0.7811010215664018,0.5404892468696014,0.764675855271484,0.5564814992800484
5,0.7993757093940501,0.5049454290533986,0.7437468098401415,0.5967101162340399
6,0.8161748013485574,0.47457332085399434,0.7590607455216116,0.5674333497539596
7,0.8242905788876277,0.4401677425954994,0.7580398164761802,0.5724120224660121
