epoch,acc,loss,val_acc,val_loss
0,0.5732690126075918,0.8902668607492047,0.7126084674128834,0.6834987103178405
1,0.7510783199149011,0.5960978641277275,0.7473200672801019,0.5780237147916392
2,0.8099886492757332,0.47398637660380527,0.7575293538094541,0.5574638766254193
3,0.8535187289203336,0.3746681718293167,0.7636549217534223,0.58858916155838
4,0.909250851427115,0.25531259248800636,0.77233282572886,0.5746661891676809
5,0.9406356415196526,0.16881784666815897,0.7514037745165667,0.806492846343151
