epoch,acc,loss,val_acc,val_loss
0,0.6561116785565295,0.799797332783371,0.6632600914292879,0.7779583804267489
1,0.7498013846463749,0.622459534510434,0.7210015329281529,0.6828141589218338
2,0.788105776896881,0.5314122017863226,0.7608584567912087,0.5855394675832777
3,0.8209056860674606,0.45332557885685515,0.755237608554111,0.6033999915931928
4,0.8533083645375548,0.38641881784452725,0.7031170152923436,0.8626614461824732
5,0.8766314834068804,0.3310023383288686,0.778742973817875,0.5822700013539349
6,0.8988764044740877,0.2734390801648969,0.7721001537831754,0.6457754594060189
7,0.9160140733445034,0.231703335372155,0.7363311190293282,0.8902208689347054
8,0.9327545114061968,0.19024825168492582,0.7654573323169898,0.7838415662488221
