epoch,acc,loss,val_acc,val_loss
0,0.5502270147288969,0.952919771167937,0.7090352223259019,0.720108311203075
1,0.7283200908194335,0.6705743809969552,0.7764165392939444,0.5717999908679477
2,0.7992622020160706,0.5174276528307041,0.7748851456953714,0.572662932462629
3,0.8539160045132329,0.3991598674712468,0.794282797619419,0.5342512811976711
4,0.8948354142748673,0.3003362960902029,0.794282797649845,0.6153107128501121
5,0.9220204313145052,0.23081232623602016,0.7861153652255422,0.6993266718919451
6,0.9431895573482881,0.1859715078393934,0.7856049006115483,0.7369665753299817
