epoch,acc,loss,val_acc,val_loss
0,0.6283055273239925,0.8206165414665035,0.7082268783616118,0.6894027109224089
1,0.7610373398107915,0.5813693137123425,0.7169136433011729,0.6679185713866442
2,0.8182953125623336,0.4464112201122322,0.7542156360559946,0.5872132484408502
3,0.8852003178590002,0.30912736090875326,0.7675012776482514,0.6321917647418771
4,0.9263988195760691,0.20894992536211,0.7542156363605661,0.7394559860046749
5,0.9553966631806542,0.13440797476861308,0.745017884699861,0.8790855434364852
