epoch,acc,loss,val_acc,val_loss
0,0.4791737600252829,1.0910944301009706,0.6285130311837291,0.9332833823100243
1,0.6925434113130601,0.7520987100585502,0.7373530928066451,0.662602072750115
2,0.740721825322963,0.6392913118703264,0.7496167607129565,0.6025632601278926
3,0.7922483256517752,0.5224462581058323,0.7940725586093927,0.5343212757295775
4,0.8281693336114265,0.4576002342241493,0.7792539626101054,0.5775717035446108
5,0.8690273520178292,0.3546955527167168,0.7261113942309064,0.7219925302294486
6,0.9000680964402478,0.28311845725659085,0.7864077649192049,0.6386503293676283
