epoch,acc,loss,val_acc,val_loss
0,0.6600272386653945,0.8117399459975138,0.7363311193338997,0.6514672824906401
1,0.7895812053453664,0.5212030099687316,0.7654573323169898,0.5769191487869805
2,0.8582453750925428,0.3623344273934393,0.7393970367673348,0.7470579809477332
3,0.9051753489955737,0.24235474981047106,0.7506387329369586,0.7317866441176507
4,0.9390534559073885,0.16377353908997458,0.7772100158169005,0.7270885126043718
