epoch,acc,loss,val_acc,val_loss
0,0.6687854710826809,0.7798047091579329,0.7406840224908651,0.6125694403634989
1,0.773098751405311,0.5536023733293834,0.7656967840735069,0.5562705489416522
2,0.820204313253301,0.447237288620361,0.7825421133535501,0.5489007415228075
3,0.8557888763040202,0.36497320114010173,0.81368044920878,0.4860668414904184
4,0.8814415436732782,0.305805878816479,0.8101071975497703,0.5019327517106346
5,0.9017593643857456,0.25787730615133597,0.7774374680959674,0.6045515120879003
6,0.9158910329036085,0.21923244661322788,0.8060234813680449,0.6120142240368206
