epoch,acc,loss,val_acc,val_loss
0,0.566288308726537,0.9223635027546617,0.708524751231158,0.6974068713042126
1,0.740068104751535,0.6289226697806468,0.7508933131581609,0.5981049328327422
2,0.8062996593019613,0.4936041825204648,0.7646758507988537,0.5569515976143954
3,0.8582860385248529,0.3772039570075023,0.7202654462678509,0.7054688043591927
4,0.8994892170967769,0.2829014645126161,0.8106176664538381,0.4771598611120182
5,0.9424517595808568,0.1781586954968471,0.7998979030792174,0.483172968357056
6,0.9692395003375076,0.11249492990104619,0.8070444077055572,0.5245928169818117
7,0.9791146427629754,0.07653812683366078,0.8014293069009455,0.5241556152541641
