epoch,acc,loss,val_acc,val_loss
0,0.5240068106591769,0.9633641116600167,0.6748341013120717,0.7674615959113443
1,0.6910329171802074,0.7356550075003833,0.6947422171198877,0.7098016055826633
2,0.7262769583405485,0.6611848611160521,0.7274119435310851,0.6510871183878308
3,0.7552213390758441,0.5880459960418987,0.6702399191471798,0.7262490245381931
4,0.7877979567860096,0.5299532169922256,0.7600816724067929,0.5928468130083946
5,0.8113507378656125,0.47245592473584325,0.7651863208286855,0.5994148376707279
6,0.8355845627395032,0.42603221158164045,0.7126084759930313,0.6664466859735719
7,0.8496027240958847,0.38597020637434265,0.687595713649738,0.9277154984311099
