epoch,acc,loss,val_acc,val_loss
0,0.512143911304437,1.0371427077222068,0.6474195177846255,0.8837513506686621
1,0.687833389918226,0.7576093871914668,0.6923863043210065,0.7132653872699962
2,0.7551356261047923,0.6036962314910832,0.7700562104620858,0.5759296472363772
3,0.7999092043900569,0.5177352206550869,0.5723045457365808,1.2375808329867293
4,0.8341277944569474,0.43069158057635604,0.7772100177966154,0.5570037053535346
5,0.8750993079541693,0.35180087930944287,0.7588145135005762,0.6250184829830818
6,0.9013732831589873,0.28315357713893624,0.7261113948705066,1.0462433353150202
7,0.9201566221670454,0.24388940078982727,0.7889627001391544,0.6667664770149246
