epoch,acc,loss,val_acc,val_loss
0,0.5759364357600824,0.8836305710162532,0.7141398677051889,0.6626800768469109
1,0.7359818387518676,0.6465173450961421,0.7457886679918563,0.6029525886329234
2,0.7747446083318903,0.5635270062423862,0.7692700360367771,0.5763160084631445
3,0.8087968219016657,0.4894733986911384,0.7646758554540404,0.5610633526546971
4,0.828717366534113,0.436700541329032,0.7871362943926777,0.532839421991063
5,0.8624858116860016,0.3668051728934354,0.7907095460212614,0.5003670484755586
6,0.884222474366122,0.3124721682369371,0.7917304750362667,0.5138989533618618
7,0.9037457433515456,0.26812366594927267,0.8029606945664375,0.5508382146367009
8,0.9184449488675553,0.22832714411240837,0.7861153653472465,0.5758425724816724
