epoch,acc,loss,val_acc,val_loss
0,0.49021054408139075,1.143608248898136,0.69867211361097,0.755815695693471
1,0.6832756368075196,0.7582938709876559,0.7216547498055206,0.6631104084030479
2,0.7451903974757577,0.6140626687737263,0.752298262073022,0.6196717940141524
3,0.7975710797516891,0.5038542080146082,0.7574055169283795,0.6303538324518759
4,0.8592020884104643,0.3544906523209967,0.7461695588280403,0.6415647830855981
5,0.9091992508870547,0.27647935254275746,0.7364657838449293,0.8759111575135415
