epoch,acc,loss,val_acc,val_loss
0,0.6165020995534599,0.8795101674470847,0.721512518826954,0.6572426376929987
1,0.7576325049182232,0.5951775779465435,0.7424629537743699,0.633321774206907
2,0.8210759279392672,0.451276309055092,0.747061829300151,0.6325707357333031
3,0.8750993076768125,0.33023386470861027,0.6576392431921902,1.0777977497284061
4,0.9026784701956724,0.25085012957194974,0.7230454776502715,0.838703800752325
5,0.9241856770690785,0.20767833563752727,0.7675012774350513,0.7973628252455331
