epoch,acc,loss,val_acc,val_loss
0,0.5158910326329859,0.9688568819800516,0.6748341053891632,0.7436044353681781
1,0.7283768446302035,0.6564134161940498,0.7442572801438079,0.5938621552213228
2,0.790408626614851,0.5225604601263594,0.7850944390097341,0.5307478027997302
3,0.8433030643609271,0.41307245231784295,0.7958141921307738,0.5048996391741825
4,0.8830874004780772,0.317606586847078,0.7963246495642182,0.5077493228797951
5,0.9231555050401763,0.22491790960108382,0.7896886184058547,0.5878914097792766
6,0.9429057888221524,0.1721096836884636,0.7733537542266222,0.6646056288721125
