epoch,acc,loss,val_acc,val_loss
0,0.510045402964723,1.0253450836686082,0.5885655950258556,0.8919395826311973
1,0.687854710542655,0.7665652730272793,0.7069933643263173,0.6725808923313847
2,0.7782633371439749,0.584293848499402,0.6508422667667414,0.8235272154204392
3,0.827809307577932,0.4771588032822062,0.7243491580377981,0.7137196419675962
4,0.8641884222609773,0.3925968070170936,0.7376212355675534,0.765600489407793
