epoch,acc,loss,val_acc,val_loss
0,0.5543132803902858,0.973873256933405,0.7151607963550815,0.7403303671090076
1,0.7370601589238603,0.6942036389492697,0.7605921388767762,0.6571097859105874
2,0.790238365480226,0.5909233334251214,0.6207248596374693,0.7826628573333931
3,0.812315550497252,0.5662516607802518,0.7549770291573299,0.9592435451689394
4,0.8250283768444949,0.6044294595989006,0.697294538060033,0.7576942952267061
