epoch,acc,loss,val_acc,val_loss
0,0.667120644669029,0.7633882546828048,0.7491057741440981,0.6000819235324373
1,0.7757348768922964,0.5482292697501634,0.7879407256004088,0.5177056533481981
2,0.818862785188744,0.4468278494085252,0.805314256515074,0.49153581473312025
3,0.856259221420996,0.3607859045703435,0.797138477261114,0.5040676437801832
4,0.8826466916151613,0.2990407839107968,0.7894736842105263,0.5359740358913926
5,0.8969469980638288,0.26255575376462886,0.7853857945835463,0.6217936199038505
