epoch,acc,loss,val_acc,val_loss
0,0.639484735058001,0.8718124646399622,0.6627491052259153,0.7700653535770285
1,0.7945749631616426,0.5154542445344993,0.7680122635470523,0.5692008720348243
2,0.8825331971602332,0.3152405654832056,0.7659683185203623,0.6302671333509376
3,0.9385427306234437,0.17673280076225775,0.7675012779528229,0.7409295719621373
4,0.96447622287613,0.11600255440646194,0.7654573326215612,0.8650877273503041
