epoch,acc,loss,val_acc,val_loss
0,0.5514130064962455,0.9407842946017374,0.6877874297698542,0.7763616482579226
1,0.6371580977984311,0.8223279625965483,0.7112927951249896,0.7080559991852142
2,0.6729088639471591,0.7608560201610587,0.7174246295654597,0.685625968566645
3,0.6933946203338534,0.7292340630679163,0.7301992846802295,0.6594912162165771
4,0.7079219157532604,0.7014070138962664,0.7455288707509476,0.6336421544416619
5,0.7219952332041291,0.6791579299543491,0.7516607051914178,0.624144796028878
6,0.7347633639497879,0.6524183516902315,0.7332652018700074,0.641751174940159
7,0.7470775167539677,0.6275681874975554,0.734798160480125,0.6363445159179189
8,0.7533764612551593,0.6174839604301385,0.7322432294632625,0.6440943957410665
