epoch,acc,loss,val_acc,val_loss
0,0.5094767903756667,0.9789268342039666,0.5855901891258095,0.8371088703676457
1,0.7200658268209295,0.7265359794473881,0.7588145120690901,0.6051171983025424
2,0.7848711837137643,0.5901437537811655,0.792028615257846,0.5902349119534831
3,0.8147769833366035,0.5748367457584117,0.6004087889931552,2.2210917007454087
4,0.8280558392715,0.5649057875026193,0.7736331119364357,0.8753018971603015
5,0.8318579049254368,0.6107482676432442,0.7598364844301494,1.5091559531192849
