epoch,acc,loss,val_acc,val_loss
0,0.5700908058347279,0.9390673716006025,0.6896375706756888,0.6963775101031741
1,0.7253121452894438,0.6632573690912374,0.7611026037037525,0.5802593002397227
2,0.7737797958084999,0.5663568044020018,0.7886676879608248,0.5306026637706299
3,0.8045970487811103,0.48296338631671076,0.7799897909225281,0.52688463413332
4,0.8359818389413035,0.42085448821475907,0.7524247067263079,0.57931834565796
5,0.8628263337116913,0.35626386473046256,0.7840735072259577,0.527124653214274
6,0.8835981839225457,0.3100609951067999,0.7411944872569892,0.6276810697720573
