epoch,acc,loss,val_acc,val_loss
0,0.6713012883201928,0.7374501615673071,0.7696629218962633,0.5480598423770792
1,0.8070484082136364,0.4775588720855942,0.8161389169580968,0.464355366222705
2,0.8753759718923588,0.32464482620925894,0.8146067420600992,0.4926069598032335
3,0.9236138698347215,0.2012786486045868,0.8079673137679407,0.5313328107603967
4,0.9619771863253175,0.10661739281091008,0.8222676205074946,0.5762680156481765
