epoch,acc,loss,val_acc,val_loss
0,0.6617480136344165,0.7687552017196759,0.7544665647867446,0.5870108438304884
1,0.7803632236365969,0.5461908762625479,0.7733537520967984,0.5369830352576063
2,0.8428490351602249,0.4108422059206362,0.7968351201417192,0.5236820352205274
3,0.8921112372168889,0.2879059854146436,0.7830525780892482,0.5527169660015213
4,0.9321225879546868,0.18930196408922367,0.7621235327491838,0.7588294493172351
5,0.9502270147559592,0.14292125174020937,0.7876467588545413,0.7503012778078676
