epoch,acc,loss,val_acc,val_loss
0,0.6825558960255125,0.7222041018419674,0.7097598365453293,0.7189443144008829
1,0.7923050732377735,0.5125553168533149,0.7761880429837554,0.5853002223970942
2,0.8483713540028611,0.3813245463704105,0.7480838017678102,0.6345384365512086
3,0.900635569208719,0.26051841990290997,0.7664793051196778,0.6981872869622178
4,0.9376915219950088,0.1715699081428475,0.7404190087172227,0.8751205876583826
