epoch,acc,loss,val_acc,val_loss
0,0.48734536374985815,1.007565335103919,0.6050076651585364,0.8824502808985566
1,0.6384065372897065,0.8144275248490401,0.7368421054459008,0.6393597529868904
2,0.76574736122592,0.6164345266586021,0.7439959120799159,0.6018432654101568
3,0.8338440585969836,0.4584268398245541,0.7961165046411689,0.5380761572975983
4,0.8725456815141511,0.3678568536023549,0.7807869186313651,0.6716850095399497
5,0.9066507774305295,0.29250364665302675,0.7920286150141888,0.7334854584387144
6,0.9264555669388291,0.24939981455896812,0.7961165049457404,0.5998898611637665
