epoch,acc,loss,val_acc,val_loss
0,0.6337116913952432,0.7943669420095091,0.7611026037950307,0.5864220649810273
1,0.7909194098834147,0.5220662988138794,0.7978560493697069,0.5000967566245305
2,0.8609534618532482,0.3579105930891264,0.8060234816723055,0.4977507399867663
3,0.9100454029782541,0.2360748131957146,0.8039816235814428,0.510691982042187
4,0.9580590239312673,0.11595678760772667,0.7978560492784287,0.6360398140898038
5,0.965891032849484,0.09393967796163581,0.7917304750058406,0.7878366283703483
