epoch,acc,loss,val_acc,val_loss
0,0.5881952327171871,0.879182721578033,0.699846860977872,0.7117202793718176
1,0.7316118047943722,0.6712893120141089,0.679428280069245,0.7244514229043276
2,0.7717366629101496,0.5848099011703733,0.7524247067567339,0.5696331147273747
3,0.8002270147830214,0.5124792285999293,0.687085247879554,0.8099036015619606
4,0.82866061292631,0.45721092073925507,0.7391526291965526,0.645326003211685
5,0.8469353007674894,0.40979300890282794,0.7131189385076273,0.8456397020372582
