epoch,acc,loss,val_acc,val_loss
0,0.6524231073642857,0.7863387663009123,0.7531936640451925,0.6314277648012067
1,0.7623992735472863,0.5814585254135799,0.7593254981810912,0.5854095697220211
2,0.8068323685151199,0.48971528831614414,0.778231987919074,0.5593506533330841
3,0.8436613323915534,0.39567109868023426,0.7991824222573469,0.5391369816229913
4,0.8884916581748739,0.2977921719239094,0.7981604495460304,0.5381298401127924
5,0.9131199638102926,0.2383471786224968,0.7956055188337393,0.5838926184159124
6,0.9476222904203915,0.1614024057898101,0.7991824219527753,0.611163806019843
7,0.9687890136516564,0.10891091818757961,0.8012263670708369,0.6603575343676349
