epoch,acc,loss,val_acc,val_loss
0,0.6371169126534435,0.794417573198693,0.730474732219108,0.6353495422828678
1,0.7909761635182799,0.513060951219379,0.72741194511324,0.7108463854921174
2,0.8646992054077608,0.3490058746294591,0.7677386423164999,0.637482642412429
3,0.9150397274605127,0.226281322151524,0.7815211843689709,0.6912265409463032
