epoch,acc,loss,val_acc,val_loss
0,0.615323496054304,0.8392183155125846,0.6886166413259969,0.7318626620928933
1,0.7281498297254019,0.6461921857244988,0.7391526291357005,0.6284579227565806
2,0.7717366628830874,0.5653430142413474,0.7565084228471811,0.5821929426142122
3,0.8027241770985719,0.4904106344592152,0.7697805003769365,0.5621056846966239
4,0.8268444949056991,0.43054293807464883,0.778458397263103,0.5458980131934285
5,0.8482973893032442,0.3810488946050845,0.7743746810813775,0.5655352441920134
6,0.8622020431192725,0.3504851880869178,0.775395610187661,0.6008927810246875
7,0.876674233852261,0.3098370150932524,0.7774374683089498,0.5819215519413649
