epoch,acc,loss,val_acc,val_loss
0,0.6847332576888103,0.7250860026285949,0.6993363961508957,0.7205294844841337
1,0.8062996594913971,0.4814479155045227,0.7845839714139867,0.5202638679709345
2,0.8804199773120556,0.3146358197582431,0.7815211843081188,0.5347849736413279
3,0.9257094210853101,0.19825193689169868,0.7886676876261381,0.6378635122132216
4,0.9556186151964575,0.12136783703958677,0.7907095456865748,0.6974362733033678
