epoch,acc,loss,val_acc,val_loss
0,0.42917943490564914,1.0902532507066032,0.5411343881532009,0.9699567141250256
1,0.617920780510654,0.8349478410992608,0.6903423624314029,0.770333665210371
2,0.7826012935328329,0.5470850226347678,0.7695452241064276,0.5798627219153839
3,0.870219044369583,0.34076142276595717,0.7675012773436798,0.641551901140442
4,0.9373510386843428,0.1767333338630956,0.7669902921149362,0.727618758204523
5,0.9655544205023636,0.09827794289107951,0.7429739421706573,1.0501639897809933
