epoch,acc,loss,val_acc,val_loss
0,0.6416207934459623,0.774850740341274,0.7293156280702663,0.639455527706458
1,0.7870154929387029,0.5225900698787853,0.7890704802643657,0.5160960589171186
2,0.8538675444478324,0.37078879647699825,0.7916241056828991,0.5401458121661147
3,0.9211735997126407,0.21089048791801704,0.7885597553998384,0.5467416340898079
4,0.9501730889482792,0.13735573853018146,0.7880490294394138,0.674638994076157
