epoch,acc,loss,val_acc,val_loss
0,0.6595913734257424,0.7492180575780512,0.7549770292790341,0.5884524447812055
1,0.8122587968623868,0.4718781971092527,0.787646758671985,0.525424079894411
2,0.8776390465921495,0.31972158962562597,0.7968351201112931,0.5137461714290611
3,0.9276958001052346,0.1921234890970821,0.8004083717703028,0.5581283298696165
4,0.9541997729175884,0.12377217114309988,0.7917304748841364,0.7289337276225798
5,0.9783200907382467,0.06393839105980621,0.8044920879824542,0.8965142666532897
