epoch,acc,loss,val_acc,val_loss
0,0.5181591192488908,0.9642130182625798,0.6239141543482906,0.8415135122039943
1,0.7134831460606509,0.7306860158303013,0.740929994890138,0.6525970042574205
2,0.7709681080602894,0.6173127161740797,0.7654573326520184,0.6671123646264424
3,0.8000226988923386,0.5986126160976118,0.7705671946857435,0.7446762845719659
4,0.8193735104185703,0.5840654370818178,0.7956055186509964,0.9107923174108482
