epoch,acc,loss,val_acc,val_loss
0,0.588422247446084,0.892968693899919,0.6870852476057195,0.7637020313295556
1,0.7158342792010876,0.6948590526109927,0.7197549770595225,0.7285003859878743
2,0.7523269012756434,0.6334683441141542,0.7636549260130703,0.6944712091307667
3,0.770034052226925,0.5889667439812564,0.725370086839821,0.7217248724150743
4,0.7921112372574822,0.5579574838263763,0.7371107708622814,0.6736442332610967
5,0.8022701475460602,0.5336885259113572,0.7651863195812173,0.631125819628308
6,0.8169125993189558,0.5145498685276603,0.7682491067175113,0.689690098006729
7,0.824404086238545,0.5036351241332042,0.7697805002856584,0.705151242982252
8,0.8337684449489217,0.4806648963003099,0.7621235324449233,0.6634686951311101
