epoch,acc,loss,val_acc,val_loss
0,0.6518556350287616,0.769752164228511,0.7761880429837554,0.5678217776527074
1,0.807853819096539,0.48961738639164154,0.7920286152883032,0.5253194915925475
2,0.8552377709410488,0.36998163371848647,0.7981604497287733,0.554405978826095
3,0.8973442287846085,0.2639762608446676,0.8344404701682214,0.47365068634005913
4,0.9285552150517746,0.19997822470568105,0.8155339805977528,0.5385769035174156
5,0.9521620701395982,0.13442210679381897,0.8344404701377642,0.660903315947381
6,0.9597094541253005,0.11102570203704659,0.8267756770643337,0.6385574314322591
