epoch,acc,loss,val_acc,val_loss
0,0.6066401817065227,0.883279751188774,0.6952526801821527,0.7150830754885691
1,0.7479568672504923,0.6141052730440687,0.7345584483704073,0.6462241645794002
2,0.8131101020619222,0.47566969159918665,0.7519142421731662,0.60520410574231
3,0.8541997730934932,0.37449708223072276,0.7917304748841364,0.5308391809493928
4,0.8922814983785762,0.28715495724954077,0.8044920879216021,0.5233495708568294
5,0.9217366629778053,0.20775961179062133,0.77080142948322,0.6422199399998262
6,0.9484676503025579,0.1596731197752828,0.778458397354381,0.6629092316502148
7,0.9652667423517831,0.1301285019171901,0.7774374681872455,1.0779941035905256
