epoch,acc,loss,val_acc,val_loss
0,0.5648053568454812,0.9673910043848696,0.7475728154121519,0.6822227392503664
1,0.7226194528415301,0.6700877052452869,0.7705671945639149,0.6164797651383971
2,0.7690954487557282,0.5696639377269067,0.7756770562930685,0.5764819996419097
3,0.8036545227488816,0.48633927270227195,0.7812979051393091,0.5639761691198217
4,0.8347520144934715,0.4218705142380471,0.7557485947574836,0.6320818621526278
5,0.8552945182361609,0.36409198354002487,0.8129790499616046,0.5014008185847657
6,0.8781636590828299,0.322478213969539,0.7618804288933821,0.5800609915732851
7,0.8936556577479551,0.2843508728177468,0.8032703115797555,0.5497453640965582
8,0.9085801839354956,0.25072188112572313,0.8109351043257715,0.5499678133364898
