epoch,acc,loss,val_acc,val_loss
0,0.5077176256816242,0.987151352592906,0.6632600943836315,0.7954819390039146
1,0.7278401998247249,0.6523428601042094,0.756259577915141,0.5918280810011122
2,0.7931562816970885,0.5124778641892432,0.7675012810899094,0.5582460844827417
3,0.8369651570342859,0.4176655760479493,0.7818088936878822,0.5518490707137235
4,0.8842356145253396,0.3124522188237192,0.79918242350609,0.5340785072906077
5,0.9120985131341663,0.24120337613736198,0.7828308577189107,0.5939480613919016
6,0.9409261149751816,0.17303138231936194,0.8027593302799843,0.6022994014823321
7,0.9664623764664994,0.10662403813847726,0.7961165096361417,0.705969881055059
