epoch,acc,loss,val_acc,val_loss
0,0.49211123756869835,1.0236577461174479,0.6763654976489898,0.8126915654337729
1,0.6591940977922498,0.8029222562553934,0.7054619730401246,0.722506898620288
2,0.7045970485240187,0.7128172080308436,0.7269014740489221,0.6554986045882676
3,0.7299659481113533,0.6606591698260096,0.735068913501644,0.6368659278335104
4,0.749262201867228,0.6171351358649679,0.7493619195900139,0.6062009005050016
5,0.7652099885951377,0.5849405568790761,0.7759060729152393,0.554346539494698
6,0.7858683317256975,0.5330569745260254,0.7166921880672391,0.6920304018481158
7,0.8007377976591823,0.5099775199181106,0.7462991369263502,0.6179875002459886
8,0.8104994324225167,0.47714162270679106,0.7462991324537198,0.6143400122037403
