epoch,acc,loss,val_acc,val_loss
0,0.6570763819172493,0.7595788760950205,0.7705671948684863,0.5676828658148289
1,0.8129043239982184,0.46590081163384073,0.8119570773416596,0.4853979562640982
2,0.8668142094499556,0.3430393999969901,0.8094021463247971,0.5064620492588701
3,0.9248098966117723,0.2112845367977262,0.7838528364607431,0.616794424850111
4,0.9563613663654892,0.12368603374066167,0.8216658149011657,0.5989736864989548
