epoch,acc,loss,val_acc,val_loss
0,0.6503972755928992,0.7853718354672228,0.7457886688133598,0.6149046621254477
1,0.8040295120671171,0.4922588825428797,0.7932618682697271,0.5074826833117428
2,0.8968785469567194,0.2917308731125107,0.8034711594542658,0.4642456925116126
3,0.9564699206260222,0.1456403094103875,0.8203164894341084,0.47234778450787707
4,0.9870601590862339,0.06105017164102613,0.8131699848077686,0.5073238340581541
5,0.994211124034258,0.03248555787017613,0.816232770057647,0.5332427081738035
