epoch,acc,loss,val_acc,val_loss
0,0.5281466350437983,0.9649731101682354,0.6637710797037467,0.7792961480182595
1,0.6839745773683001,0.7458638242270318,0.7245784341588456,0.6695327409140968
2,0.7288049028674991,0.6589933079293739,0.7557485932041689,0.6080071728145461
3,0.7618885484392264,0.5931385677608455,0.7429739394295136,0.5923528459892019
4,0.7844739533041653,0.5344336872040759,0.7639243744073867,0.5630652758925315
5,0.8042787424945192,0.4853353344031704,0.7864077649192049,0.5272819321863372
6,0.8270911357551898,0.44121442696466684,0.7649463473014462,0.5636527385404662
7,0.8468391784622077,0.38806054543696605,0.7726111372758615,0.5508363622149827
8,0.8697083188623999,0.35007046002925507,0.742973937480256,0.6691156621788251
