epoch,acc,loss,val_acc,val_loss
0,0.5779707183863326,0.8892911623817962,0.6387327542765505,0.8608569791259727
1,0.7478719781819977,0.6290217468083994,0.7072049049193236,0.7282987148955457
2,0.8129043241538088,0.4872483800825663,0.722534492056042,0.696271201573773
3,0.8721484508339602,0.3557434877165735,0.7710781813764304,0.6274346698591401
4,0.9054023379663132,0.2783811241472881,0.7649463467227603,0.8411285866872352
5,0.9293496765677469,0.21134829244837156,0.6775677051237181,1.424130301787406
6,0.942628532516173,0.18105784841543507,0.7772100152991289,0.9188636968984979
