epoch,acc,loss,val_acc,val_loss
0,0.5271550990600103,1.063400758117155,0.5219611852478323,0.9978850234882094
1,0.718460927329711,0.6903964920594902,0.61031664921631,1.1267970442406612
2,0.8008058566686129,0.5125169265040893,0.6981613894161579,0.8115591300885451
3,0.8672039044355941,0.3649581677035816,0.765577119266171,0.8058639342256415
4,0.9133987855399807,0.26082127250400766,0.8028600614696771,0.6186340905429151
5,0.9363259747062042,0.20087866140855618,0.7829417771411502,0.6959656894633183
6,0.9509108450280017,0.161368116424368,0.786516854480533,1.0017326823050448
7,0.9576641507292435,0.15707142849554642,0.800306434894363,0.7921294082294811
