epoch,acc,loss,val_acc,val_loss
0,0.6927704006288044,0.6949200491915495,0.772611139986548,0.537852068945164
1,0.8389513108411288,0.4088039251786195,0.7787429741224465,0.5426363869169017
2,0.9163545567837006,0.22228394581008995,0.7976494639518009,0.5893567009854207
3,0.9581205311880631,0.11308138873612024,0.7991824225619184,0.70298928275179
