epoch,acc,loss,val_acc,val_loss
0,0.6141316684908006,0.9099122673509882,0.739663093597564,0.6401838793506301
1,0.7568671963677639,0.5994325080064044,0.7360898419689803,0.6286544615118524
2,0.82139614088446,0.44763905662413217,0.7054619706973182,0.849883835738018
3,0.869182746770298,0.3369513070475094,0.7641653907183422,0.6284930475090401
4,0.9069239500702848,0.25100957831446075,0.7432363453174258,0.771078848029473
5,0.9236095346603437,0.19857019649461233,0.7656967842560632,0.7631620685928875
6,0.9370034052348705,0.16952885007750026,0.7774374683698019,0.8114993813209476
