epoch,acc,loss,val_acc,val_loss
0,0.5676994665826358,0.910685021102584,0.6923863048083209,0.7172234211579597
1,0.734252638503488,0.6439031940856244,0.7526826789078204,0.6019149005078027
2,0.7797071845330413,0.5434619274593728,0.7639243729454435,0.5734503505847621
3,0.8207354446218363,0.46201600625328004,0.7761880408517549,0.5487882446804154
4,0.8541028257491112,0.39152922427771975,0.7858967806650902,0.5504823729098909
5,0.8771989559724076,0.3330035489650796,0.7761880437756413,0.5642029282750679
6,0.9060265579622485,0.27425811931976274,0.7603474729330368,0.6249395404839065
