epoch,acc,loss,val_acc,val_loss
0,0.5536322361088774,0.910255009957529,0.7151607965376379,0.6960441101382374
1,0.717877412018251,0.685223553305181,0.7243491580682241,0.6420990095386826
2,0.7555051078184779,0.605724503598879,0.7621235326883317,0.5876403640520214
3,0.7901248581428398,0.5319864757621193,0.7575293519838907,0.5985760292634482
4,0.8065266742338252,0.4926049849637927,0.7912200104222729,0.5283177685469861
5,0.8271282633100546,0.43800781534965677,0.775906074892933,0.5457994768423594
6,0.8433030646721432,0.4076876674993355,0.7881572233164049,0.5475030654300652
7,0.8603859250580682,0.3674195701262737,0.7917304749754146,0.5382264782239613
