epoch,acc,loss,val_acc,val_loss
0,0.526333711799509,1.0260269915340436,0.6248085763212246,0.8321580713716559
1,0.6971623159023203,0.7329046240323789,0.6957631465912839,0.6980862674693662
2,0.7577185017973286,0.6059573162968664,0.7677386440203591,0.5750351204380446
3,0.8029511916245018,0.5118406297806037,0.7886676888736065,0.5141714972583173
4,0.8433030644962385,0.43772168951732754,0.7616130690175457,0.5942163176534127
5,0.8706015890897606,0.35575155366495437,0.7896886184971329,0.5310182435710921
6,0.9026106696799989,0.2765279112521149,0.7922409411107112,0.5262556530615089
