epoch,acc,loss,val_acc,val_loss
0,0.5472190691312515,0.9664358507761485,0.6773864266944212,0.7447434583447794
1,0.7294551643150754,0.6548728002186666,0.7350689121933237,0.6285318698488735
2,0.794778660937687,0.5217433456394919,0.7590607499942419,0.5744425215059059
3,0.843530079698725,0.40926779959854015,0.7692700307426433,0.5620718746844939
4,0.8946651535326452,0.2963320456115396,0.7702909592404057,0.588306372600164
5,0.9325198639129266,0.2040122651959115,0.8004083765471937,0.5071190748974156
6,0.9650964812171581,0.1268811363874851,0.7881572214604154,0.5648476471397085
7,0.9788308737767811,0.08347112771195532,0.785604901463478,0.6511001742999732
8,0.986322360858744,0.056432802330757516,0.7835630465369251,0.6547148809742113
