epoch,acc,loss,val_acc,val_loss
0,0.6366628831821186,0.8177273483606526,0.7320061235053007,0.6346345235036915
1,0.799545970812829,0.5102509051933461,0.7973455827171673,0.5089073130188699
2,0.8830874004374839,0.32660888604286986,0.8070444105351805,0.466457742324832
3,0.945119182692754,0.1738567956663017,0.8172537028759094,0.4731254990366176
4,0.9798524405845312,0.08064131892025132,0.8136804486002589,0.49936913248225706
5,0.9885925086348335,0.04861622267359367,0.8101071950548336,0.560676565427084
