epoch,acc,loss,val_acc,val_loss
0,0.6498864925949581,0.8065334441307319,0.7039305771291713,0.7086756027067359
1,0.7467082860250613,0.6261569111084695,0.7182235837043579,0.6712756342216071
2,0.7897275823199112,0.5350138105612743,0.7605921390593325,0.5831009126275458
3,0.8212826333441069,0.45754135642094995,0.7508933131277348,0.63484976529284
4,0.8496027241770715,0.394212165282073,0.7723328230209409,0.5712998019091142
5,0.875482406342882,0.3343288060620207,0.7651863196724954,0.6566761033062791
6,0.8938138478730513,0.2834046869894974,0.7702909649605043,0.6241187934001652
7,0.9127695800091703,0.23898216713976778,0.7815211843993969,0.6755664816707175
