epoch,acc,loss,val_acc,val_loss
0,0.6332576617750759,0.8687573162908586,0.736600306491696,0.6435024797338317
1,0.7714528944516696,0.5697969324472408,0.6993363964247302,0.8511189652864516
2,0.8472190692665629,0.38976238684540576,0.7350689129844011,0.712438087033763
3,0.9103291713961408,0.24429228766720898,0.7687595714227833,0.8621443522986616
