epoch,acc,loss,val_acc,val_loss
0,0.678887627668738,0.7407092633231138,0.7090352220824935,0.6734499214041166
1,0.798240635668379,0.49697761659454404,0.8050025523530396,0.5155844303830173
2,0.8750851305064224,0.32488753272983734,0.7779479326795351,0.5561851813453628
3,0.926787741176116,0.19360863468636177,0.7881572230729964,0.6141413461879055
4,0.9550510782930285,0.12458670628886082,0.7692700357933687,0.9123876260031603
