epoch,acc,loss,val_acc,val_loss
0,0.6288162525064652,0.8261532456633209,0.7174246295045454,0.6599017953957961
1,0.7641016909732761,0.581446677104743,0.7470618289955794,0.6072490805865675
2,0.8241970265389247,0.4437907510408004,0.719468574013464,0.7096608031691491
3,0.8792418568375946,0.3177459229474278,0.7041389883082316,0.8360017906297635
4,0.9202133695906887,0.2161303772894942,0.6867654570889948,1.0240162243085305
