epoch,acc,loss,val_acc,val_loss
0,0.5874475087484698,0.9003084865253368,0.5901890646515906,1.0155059141228255
1,0.7138803768964324,0.6887782078611365,0.7465508427008355,0.6014172275820495
2,0.7678470093794544,0.5778168987069711,0.7327542161234922,0.6192403755811751
3,0.817841334837328,0.46374334792871097,0.7020950434033701,0.7325067300545541
4,0.8562592213398184,0.38303705932888105,0.7715891669706599,0.6642937546002968
