epoch,acc,loss,val_acc,val_loss
0,0.5118047672422195,1.0505744213684463,0.6743236324384299,0.7649951258017251
1,0.690295119088029,0.7428798408297215,0.7309851956160596,0.6749493538146727
2,0.7625993190910435,0.5988588323522778,0.7115875470997303,0.7560880951214469
3,0.8099886495057624,0.48296025439369555,0.7810107184162305,0.5455970219229483
4,0.8462542565537365,0.41876472170453066,0.7891781502015862,0.5387676626885041
5,0.8926220203230789,0.29765402502829585,0.7570188884652349,0.7061447190228258
6,0.9089670826438878,0.2768401288688521,0.6110260330517113,1.5589017318547411
7,0.9287741203042895,0.22354669368294122,0.7866258270099128,0.6437629105303591
