epoch,acc,loss,val_acc,val_loss
0,0.6137214846230029,0.8769504355458853,0.7286663258873691,0.6652683825838852
1,0.7513903076174364,0.5975611101531128,0.7644353599102447,0.5899058374508218
2,0.8059244126795153,0.48159019303854905,0.7291773121821131,0.6903714972853234
3,0.8464419474505415,0.3864638274420324,0.7664793047237347,0.6116676334525836
4,0.8781636589813578,0.30732520584208567,0.7940725604368218,0.5333652379230145
5,0.9075587333134877,0.24168195209415502,0.7312212564778315,0.783547215304572
6,0.9248098966388315,0.19859393550929275,0.7950945328435669,0.6070439059727035
7,0.9379752580917405,0.1710763131211773,0.8119570776462312,0.5975477431097016
