epoch,acc,loss,val_acc,val_loss
0,0.6572466235049343,0.8101008445474349,0.6811446092782973,0.7400016918070291
1,0.788105776863057,0.5228897673549832,0.752682677445877,0.6274444370867954
2,0.8593235727999541,0.364004899554133,0.7460398565888344,0.7306846869984754
3,0.9111905572376786,0.24132683745152753,0.7818088913426816,0.6806042663254297
4,0.942401543558963,0.15395337520115437,0.7736331120887214,0.7955149946982726
