epoch,acc,loss,val_acc,val_loss
0,0.5015321753580039,1.0057265761152676,0.6433316363810762,0.8111839351693038
1,0.7248325952673429,0.6545949883715896,0.7383750580255024,0.6466825415604445
2,0.7848711837408234,0.5269109264139609,0.7623914101626962,0.5605001024707703
3,0.8338440582384493,0.41953226942884003,0.7675012766431654,0.5868937403923039
4,0.8923504708059772,0.289982320792612,0.804292286118501,0.5137278169896082
5,0.9228237431093453,0.20869898031828366,0.7956055139605952,0.5606499157453838
6,0.9672000905385341,0.10356927036836569,0.8099131282337113,0.6218225808855095
7,0.979173760390582,0.06301213851051209,0.7629023991376694,0.9042946823592325
