epoch,acc,loss,val_acc,val_loss
0,0.6474460839819286,0.8418398028199437,0.7381317000598431,0.6304770768023438
1,0.7813280363358921,0.5422714526482798,0.7263910160982348,0.674039158333072
2,0.8564699205313043,0.37403866197410696,0.6339969374258461,1.205329066244177
3,0.9063564131397935,0.24635673107137473,0.747320061407873,0.7933259307273254
