epoch,acc,loss,val_acc,val_loss
0,0.6519691296392802,0.7777534361297461,0.7322432298287482,0.6560446399173142
1,0.7635342185498095,0.5760926652368656,0.7593254980897197,0.5640215668741635
2,0.8144364999515247,0.4684108774219059,0.7654573322256183,0.5790187857805251
3,0.859550561790988,0.3667740710253018,0.7818088907335385,0.5319733634004803
4,0.9005788219474309,0.2729809521350237,0.7920286148009887,0.5426725207480108
5,0.9334922254917611,0.19495471697222455,0.8002043942681489,0.5675196040480736
6,0.9593689704966889,0.13323152006592467,0.7961165049457404,0.617457422085666
