epoch,acc,loss,val_acc,val_loss
0,0.48002270171915634,0.9947608833551136,0.5997958122436461,0.8435585346983793
1,0.731441543754465,0.659002718089252,0.7514037772549118,0.602539283119336
2,0.8371736663965578,0.42180371635617786,0.7968351212370572,0.5168597662917445
3,0.9091373440491355,0.25424077526732825,0.7876467598281751,0.6261979109356146
4,0.9624290576587335,0.11142599214794417,0.7896886166107174,0.8236558806719738
5,0.9752553915057361,0.07272539101583327,0.7866258307827438,0.9338046944889868
