epoch,acc,loss,val_acc,val_loss
0,0.5249120417795039,0.9726432478058529,0.6862544707942508,0.7494394310469766
1,0.730734309413054,0.6801408507160723,0.6443536019045051,0.9380849697910284
2,0.8018953580683685,0.5187749424954573,0.7639243742246438,0.601242812178119
3,0.8606855067461577,0.3823402692979127,0.7940725602236218,0.5519608201941606
4,0.9027352173554886,0.27829999732803423,0.724578436869532,0.7673582656077724
5,0.9300873907953721,0.20761641958436067,0.7235564639450155,0.9952174246646216
6,0.9455226421856796,0.16727171661384044,0.7710781810718589,1.3763714415355794
