epoch,acc,loss,val_acc,val_loss
0,0.6487514188151625,0.8159875844447756,0.7432363450740174,0.6429768763767815
1,0.7817253121723517,0.5516550178019062,0.7708014293615157,0.5539388643989398
2,0.8485244040997968,0.4076451483365491,0.7988769780804515,0.4908479060701961
3,0.8964812712555711,0.29687738088419435,0.781010719785403,0.6375521382182883
4,0.9319523268741863,0.21654896838981638,0.7886676876261381,0.7365627864479349
5,0.9472758229284903,0.17927884478375705,0.7784583971718247,0.9054336753303509
