epoch,acc,loss,val_acc,val_loss
0,0.4973328796800616,1.0378150945488542,0.6484414905263991,0.8006790773138808
1,0.6932811259803972,0.7333629887892269,0.6530403695852097,0.8494082871419042
2,0.7588809440103755,0.6085736088234022,0.713847727938824,0.652455914002264
3,0.8054704348056843,0.49896616174893027,0.7838528348769713,0.5387969267691163
4,0.8472931562954499,0.4240066141292627,0.7613694438778386,0.5698194922570008
5,0.877993417285436,0.3380996055411448,0.6136944293366687,1.570407311101318
6,0.8993303828146898,0.2969732344634226,0.8114460904986869,0.5418635251330793
