epoch,acc,loss,val_acc,val_loss
0,0.5456867196367764,0.9235468428332473,0.6855538519686007,0.7101292629336873
1,0.7323496030759865,0.6352092986480332,0.7223072996731009,0.670293585538499
2,0.7989784334764036,0.5088533211376827,0.7493619162127216,0.6119515935093118
3,0.8474460841443022,0.39441885784454433,0.7728432907992446,0.6099944289939144
4,0.881838819225584,0.3241175805872875,0.7718223638227851,0.6739066491144052
5,0.9251986382632738,0.20128323493290706,0.7559979531520359,0.798250754309163
6,0.9608967085025367,0.11300228009091333,0.7539560950611732,0.8578987542678654
