epoch,acc,loss,val_acc,val_loss
0,0.6457269323655526,0.7666984949543804,0.7225344910204989,0.6514432879205742
1,0.808932016844539,0.4761563511397265,0.7889626984944682,0.5205883301516607
2,0.8779366701459144,0.3191985276132068,0.7981604493328303,0.5056089561206075
3,0.9277607537252166,0.19532761852433578,0.7812979048347376,0.6011893785176499
4,0.9533537622613488,0.1270238949634298,0.7889626981898967,0.7263874551990414
5,0.9794007489554336,0.05859226989070967,0.8129790497484046,0.7857797555492189
