epoch,acc,loss,val_acc,val_loss
0,0.6329379718329794,0.8208321942068595,0.6629213486190227,0.7798318818470309
1,0.7610805289820154,0.5846217439093605,0.7068437183232059,0.7001615301215978
2,0.8230520402300704,0.4474485083999269,0.7696629211047818,0.5642806254441454
3,0.8831507860345755,0.31152845717952604,0.737487231747488,0.7226312036899064
4,0.9258838885657587,0.209817423818669,0.7339121547125211,0.7969953626607363
5,0.9566426423153294,0.1342364746169635,0.7538304390410481,0.7996762113015913
