epoch,acc,loss,val_acc,val_loss
0,0.4820090804008025,1.0800865233147456,0.6768759567862934,0.7944583842010752
1,0.6959137346633582,0.7390246837282559,0.7294538035083632,0.6689919492247884
2,0.759250851224148,0.5974172608941692,0.6314446126520177,0.8570001423511048
3,0.8040862652960484,0.5152293684128059,0.7417049494368985,0.6413720786541076
4,0.8483541429110472,0.39668565897205493,0.7580398180887613,0.6169462006514386
5,0.8853007946193016,0.3256300524875065,0.6569678385139668,1.304265759379478
6,0.900113507323855,0.29385083202742013,0.7728432892475158,0.6990569953470586
7,0.9176503973570097,0.2820971084304078,0.7799897906791197,0.7605482186511684
