epoch,acc,loss,val_acc,val_loss
0,0.579843377548833,0.8852380076462396,0.7291773118775416,0.6654673260148838
1,0.7304505731066135,0.6532163771932504,0.7404190091740799,0.6456467220840493
2,0.7684144819111576,0.5779344508507481,0.7572815535808012,0.5875933071637434
3,0.8087050278467401,0.4905698203009572,0.7700562081473423,0.5846137903329969
4,0.8367381682935495,0.42248672904133217,0.7818088907335385,0.5504288078725003
5,0.8676086709726927,0.34653496433435454,0.7797649465291916,0.5746745600588297
6,0.8937124048874768,0.28954327746425823,0.7680122636384238,0.6596945371625371
7,0.9078992169082754,0.2479744069865932,0.7782319882236456,0.6644337794033922
