epoch,acc,loss,val_acc,val_loss
0,0.6757278247714672,0.7294693670917007,0.7517875382435091,0.59418268357161
1,0.7915555303398905,0.5126241442361745,0.7599591419207307,0.5687762724732233
2,0.8492707564938887,0.37249893125445355,0.7808988764653776,0.5485220768234946
3,0.907780489195801,0.24480226944425268,0.7640449438811079,0.6674081547998189
4,0.9391634981022419,0.16543967610884794,0.767109295260066,0.813283450817794
5,0.9616934339708303,0.10840534567232536,0.7640449438811079,0.8809562911782737
