epoch,acc,loss,val_acc,val_loss
0,0.656829918867126,0.7677841909383241,0.7604698671505571,0.5925962552960974
1,0.8073889109686632,0.4858668461322757,0.8105209396735397,0.47019493034959936
2,0.8620396118335627,0.3506723572126644,0.8243105210006176,0.4484847669581958
3,0.9043187106327453,0.2542295427383545,0.810520939795306,0.5517165269988062
4,0.9302536745928154,0.18617965196275757,0.8202247190402404,0.5126771864170195
5,0.9470518131808413,0.14337001085428513,0.8135852911742641,0.5632330321072314
