epoch,acc,loss,val_acc,val_loss
0,0.6444015659678978,0.7915856520093588,0.7584269672053827,0.6007595241252444
1,0.8013733613809698,0.5011460477915736,0.7727272707790106,0.5463718837688356
2,0.8897905906979569,0.3098744121300607,0.7967313574332139,0.5198491304595332
3,0.9467113101687377,0.16702191877528152,0.7987742612140293,0.5557808795062953
4,0.9821803526598007,0.07675189991432925,0.7982635351318382,0.637510054262471
5,0.9913739288991821,0.04022313783236073,0.8064351361301995,0.6271993928837216
