epoch,acc,loss,val_acc,val_loss
0,0.6459137343115487,0.7752031505716781,0.7401735582724099,0.6123702151547773
1,0.793643586819613,0.5090276843708571,0.7223072999469354,0.6539399229244897
2,0.8610102157857984,0.36029678021603084,0.8050025525355959,0.5247521752176874
3,0.9183881951785656,0.2230548672014414,0.8075548751187482,0.5682020331293177
4,0.955902383600813,0.12738553190880816,0.777437468430654,0.7063464392442494
5,0.9686719636911701,0.08997050067758723,0.7876467587328371,0.8377594978240998
