epoch,acc,loss,val_acc,val_loss
0,0.5855748496130286,0.8910789826700737,0.7455288707204906,0.625649627505606
1,0.7743729429190336,0.5768979688722231,0.7848748083801738,0.5642869510118244
2,0.8491658154308911,0.4026088953227897,0.7894736842105263,0.5289021520953917
3,0.8996141187084775,0.2783482230699992,0.7327542156361778,0.794542190823923
4,0.9334354784131226,0.191439349504067,0.7761880429532982,0.721632355716561
5,0.9548859380658294,0.13587917504516528,0.7904956566172713,0.8793792086605822
