epoch,acc,loss,val_acc,val_loss
0,0.5778093072802472,0.9032293108481149,0.6891271073700154,0.7223703291052272
1,0.7337116909893092,0.6423108614938889,0.726901482050975,0.6261538992797069
2,0.7856980701174828,0.5333650111881477,0.7554874947449576,0.5788628614453895
3,0.81782065831573,0.4614449778696465,0.7524247063003431,0.5685642070159308
4,0.8489784335169971,0.3947102061330122,0.7559979592676732,0.5567971598195324
5,0.8792281498026767,0.33235619153391893,0.7600816724067929,0.5704726963216032
6,0.9026674232742707,0.277403718787885,0.7508933115760059,0.5968944311993898
7,0.9215096481135971,0.23085204237706275,0.7646758563059699,0.604950104488774
