epoch,acc,loss,val_acc,val_loss
0,0.6179341657343029,0.8476992176556019,0.7355793774766908,0.6602518246026596
1,0.7287173666152997,0.6504213273457582,0.7294538032041027,0.6284854482210918
2,0.7696367763904653,0.5650393593460152,0.7810107199679595,0.5470275199796668
3,0.8006242905788876,0.49531043347110815,0.7677386423469259,0.5592748858357888
4,0.8255391600724652,0.433526823158026,0.766207248839631,0.5816006229324204
5,0.8449489217069714,0.38895842696156324,0.7748851456953714,0.5668794676745164
