epoch,acc,loss,val_acc,val_loss
0,0.5958002271365361,0.9056760973069778,0.7263910163112172,0.6551327560555271
1,0.7408059022618747,0.6272539316322422,0.7621235326274796,0.5620427002646352
2,0.8003972758635219,0.4884443941776652,0.7805002554452437,0.5409320377311638
3,0.8524404087483409,0.3727500023013752,0.7871362942709735,0.5535431044816119
4,0.89682179351129,0.2695872300328786,0.818785094588067,0.49180608668334636
5,0.9286606130480901,0.19335940534356774,0.6875957125848261,1.3397916335728535
6,0.9493757095022992,0.15767558026936213,0.8274629915350855,0.6502549500110016
7,0.9646992053942296,0.1328682513161225,0.7452782034082885,1.1129569790690697
