epoch,acc,loss,val_acc,val_loss
0,0.5640749149506533,0.9088070012925026,0.6957631435486782,0.7246553687005094
1,0.7353575482406356,0.636613068312711,0.7559979581114831,0.5944635545252049
2,0.7849035189587467,0.5331260329748797,0.7748851448738678,0.5518970632200159
3,0.8162315548345802,0.4623806944837906,0.7784583952245571,0.5401656711022425
4,0.8483541433575746,0.3899342073755557,0.77641653902011,0.5377979434954384
5,0.8802497162044928,0.32842498315449603,0.7759060763838098,0.5574000684383756
6,0.9023836550593511,0.2773842276022193,0.7845839713835606,0.5663078526503703
7,0.9199772986055909,0.23411974604500543,0.7784583971109726,0.5943131042780347
