epoch,acc,loss,val_acc,val_loss
0,0.624730450546088,0.8325497092825643,0.7312212569956031,0.6450529624201171
1,0.7267620020158417,0.6536678278125546,0.7659683190381338,0.5864258826418561
2,0.7688117126048781,0.5672901526994892,0.7404190083517368,0.6125025960579172
3,0.8011576438678026,0.49395217697705085,0.7761880425878124,0.5193377110990993
4,0.8224378617501749,0.44066023050676667,0.7460398571066059,0.6183087713083687
5,0.8454772443671784,0.38782571709064034,0.7930505872991053,0.4979591060184251
6,0.8611394847282255,0.35001642111954795,0.775166070698839,0.5338720310903899
7,0.8745885824469862,0.3185559976298454,0.7812979051393091,0.5611983844072891
8,0.8885484053955732,0.2817874797497796,0.7629024015133272,0.6588329855708608
