epoch,acc,loss,val_acc,val_loss
0,0.6555618615074678,0.7782597597083764,0.7376212356588316,0.6097732255384593
1,0.7787173666558932,0.5524605825594145,0.7759060747712287,0.546649322666764
2,0.841657207745564,0.4086968971908972,0.7927514041121241,0.5313817238612951
3,0.8950056753824301,0.2834194778381222,0.7789688619075228,0.595312273307623
4,0.9344494891897368,0.17904398211961978,0.7524247067567339,0.894219541561853
5,0.9574347332305995,0.11924183616979168,0.7830525781805263,0.830358383970762
