epoch,acc,loss,val_acc,val_loss
0,0.5412292152458853,0.9355488053130465,0.7093973434373234,0.7012704061658195
1,0.7286760114282614,0.653885258549114,0.7436159364536663,0.6262861433019433
2,0.7934282957090232,0.5097633396975062,0.7926455614393895,0.5250483877325204
3,0.8301458488892943,0.42636219525193797,0.7824310509371928,0.5553203001694489
4,0.8997786732315577,0.27719547445350173,0.8207354404953089,0.4825338348061364
5,0.9293456668345289,0.19292146199275603,0.821756894912369,0.5672973911901051
6,0.9630554455287692,0.10991532491653977,0.8074565947481999,0.727628832574519
7,0.9739515348363225,0.07738068867190445,0.787538309810841,0.8971654769714325
