epoch,acc,loss,val_acc,val_loss
0,0.47060492549875027,1.01715916559572,0.6116504861069505,0.8406182886327355
1,0.7028714106824608,0.6993495955895842,0.7445069047097472,0.6065276330931795
2,0.7886165017478786,0.5238076144904017,0.7542156353554801,0.6336727092384257
3,0.8493928044422194,0.3856857509662285,0.7634133886913286,0.6452622901863386
4,0.919759391601856,0.21798298183303053,0.7853857993653189,0.6061427072413916
5,0.9505163998463654,0.13802951329101595,0.7864077606247467,0.706583261855354
6,0.975031211026856,0.07311041266717133,0.7986714295056869,0.7798008937645641
7,0.9887640452414714,0.03483072425415413,0.7956055223363118,1.0772792671977955
