epoch,acc,loss,val_acc,val_loss
0,0.6300079446079214,0.838053206913913,0.7608584568216659,0.6033911963598303
1,0.7705708773462744,0.575645934103323,0.7904956566172713,0.5364883094416873
2,0.8377028713904422,0.42672435606822107,0.7787429739397036,0.5524874143626047
3,0.8834411531378984,0.3211220111814182,0.7925396014307614,0.6689527586681171
4,0.9220292816136674,0.23673358070513487,0.6842105263157895,2.0577037590251277
