epoch,acc,loss,val_acc,val_loss
0,0.6211691259931895,0.8355795413086552,0.7269014805600983,0.6490408533869378
1,0.7230987514053111,0.6609090101434749,0.7417049517492788,0.6116641377416906
2,0.7644721907059261,0.5693191530282327,0.7656967842560632,0.5575840976117764
3,0.7955164585833382,0.49437087747891023,0.7799897909225281,0.5132244931093706
4,0.8280930760770056,0.4350490393757685,0.7651863198854778,0.5481710354243693
5,0.8482406356683789,0.3866676315276225,0.7621235327491838,0.5566862712653697
6,0.862088535741293,0.34845295612035354,0.7789688618770967,0.5372095269290327
