epoch,acc,loss,val_acc,val_loss
0,0.6747815231096594,0.7315697074545294,0.7598364844758351,0.6021513057473855
1,0.8040517535237798,0.492928960042324,0.8053142565759884,0.5139930478821132
2,0.8550107819906038,0.3623481653609594,0.8088911599995959,0.5134038774712572
3,0.8991601407669985,0.2609599387959608,0.8022483393557533,0.5543092816352357
4,0.9242424242424242,0.1969891275807618,0.8058252427489038,0.5931980218214835
5,0.9446714334354783,0.1440863548236285,0.7971384773220282,0.6661766337446857
