epoch,acc,loss,val_acc,val_loss
0,0.5269549429694014,0.9473492412517891,0.6550843184190437,0.7872231280736675
1,0.7114969926799903,0.6726204025976747,0.7429739438458005,0.6282922708385138
2,0.7776642831266705,0.5463122692271591,0.7557485995087991,0.5936881827041088
3,0.8394052885390751,0.41394506661565333,0.7751660680186097,0.5866487547641027
4,0.8806037906485022,0.31446450966641926,0.7864077644928049,0.5790950865786966
5,0.9345704235441771,0.1823115868081896,0.7884517160068681,0.6686765619791096
6,0.9636250142679895,0.10513914404993985,0.7899846684950983,0.7186994232203074
7,0.9475655429426298,0.15179764942195545,0.7818088953630256,0.7701666746507448
