epoch,acc,loss,val_acc,val_loss
0,0.5849506299215094,0.891927904539354,0.7347981605105821,0.7803663439938288
1,0.7216547497716966,0.6949121426837883,0.7465508431576927,0.7742002259789527
2,0.7518442855792099,0.6358111295563695,0.7439959121712874,0.7272626100661015
3,0.765860855721437,0.6051861431850043,0.7445068983442027,0.6793880920112895
4,0.7902054250707097,0.5556906046086442,0.755748594848855,0.6319630117396889
5,0.799738962694135,0.5390171289322203,0.7915176290849306,0.603404658633833
6,0.8162524117309705,0.516893191409157,0.7802759326107355,0.6119850545009912
7,0.8240267846941772,0.4997878118887782,0.7710781809195731,0.6138236070385866
8,0.8321416411439347,0.4687577088944501,0.75472662244211,0.626461987813395
