epoch,acc,loss,val_acc,val_loss
0,0.6855635001770065,0.7160191884066268,0.7736331123019216,0.5761414117726612
1,0.83946203607772,0.41058455861368376,0.7807869183267936,0.5460292416747029
2,0.9315060719013918,0.19568099013952836,0.7853857944617176,0.6034722803622165
3,0.9789467710004249,0.07394831194406525,0.802248339690782,0.6070770884449529
4,0.9838837816365906,0.05098055192619146,0.7915176289021878,0.6927788141861703
