epoch,acc,loss,val_acc,val_loss
0,0.5421064579720909,0.9278718826922585,0.6627491026370576,0.76008745840635
1,0.7426512316385148,0.6176214418039462,0.7358201281050973,0.6121261234665989
2,0.8126773354401317,0.46620060843244854,0.7629023991376694,0.5912826625010646
3,0.8531948700217434,0.37326702083865926,0.7572815481289711,0.6264992182694592
4,0.9036999204862052,0.2570938279512128,0.7945835454828226,0.5693637453967598
5,0.9431960053117033,0.16450952097305088,0.7496167612002709,0.838374010719812
6,0.9675405741536162,0.10413638379874247,0.7950945283359085,0.7046587105667219
7,0.993247077665566,0.034175852352112526,0.7920286144659601,0.8254531548835821
