epoch,acc,loss,val_acc,val_loss
0,0.5242878220473959,0.9497515556625848,0.6923863055392925,0.7267606928449659
1,0.7113267506255342,0.6921757466202358,0.7434849261811148,0.6295283146823129
2,0.7594484167247283,0.5955526425448547,0.7751660703942674,0.5446736108422219
3,0.7871978209395101,0.5339218985918038,0.7802759321234211,0.5197917821916561
4,0.8138122801179445,0.47755201153635585,0.7874297392752077,0.5198484272693699
5,0.8337305641014667,0.4306154771108739,0.7976494635558579,0.507274532385121
6,0.8443422993917143,0.4015972711972029,0.7920286153187603,0.5146337817016157
7,0.8661899898193194,0.35519566175115325,0.7777210011065585,0.5777121876110882
8,0.8783339007855165,0.3236609757988343,0.7961165049457404,0.547460024842329
