epoch,acc,loss,val_acc,val_loss
0,0.510556185867946,0.9794901118511239,0.6722817783029545,0.7513907359777026
1,0.7303064700558561,0.6524111921210836,0.7529351667763933,0.583353066243585
2,0.7906356409648762,0.5214755313418103,0.7662072540729128,0.5650149376615083
3,0.8481838819117336,0.4022008637023432,0.7733537458290306,0.5636090868708429
4,0.8849602726206741,0.3123772052035294,0.761102608845756,0.6980186098993524
5,0.9134506241417364,0.24322385260249646,0.7580398204011416,0.6541810297369652
6,0.9272985241199324,0.2030576283558273,0.7840735131286126,0.6211940456312977
