epoch,acc,loss,val_acc,val_loss
0,0.6607082056655554,0.8003261192961674,0.7133367395729938,0.7067524010147072
1,0.7864601066577666,0.5272878308752692,0.7511497187139309,0.6062133978627808
2,0.8609692429849501,0.36362939844701336,0.7373530919538448,0.7247105584378504
3,0.9169787765090439,0.22729508850891356,0.78180889082491,0.68620948089162
4,0.9409261150631241,0.15910611991754606,0.7884517113773812,0.6962181651811546
