epoch,acc,loss,val_acc,val_loss
0,0.613154011847767,0.8440423622438199,0.7332652002557785,0.6388478231905186
1,0.7481557143937309,0.6014285644531359,0.7654573336571043,0.558838970574665
2,0.793213029012495,0.5080052960197685,0.7838528384404579,0.5247545457337057
3,0.8262399276544092,0.4351086553400538,0.7858967822793191,0.5188704094962313
4,0.8595505616421625,0.3697414808749016,0.8237097588923127,0.45053153298128973
5,0.8740211098002814,0.324113943414187,0.8088911614310821,0.4744713555414212
6,0.8897968447853767,0.2863675273008642,0.8196218687780182,0.4518057060869117
7,0.9081829533567766,0.2441686616590894,0.8170669387357845,0.46591717440313263
