epoch,acc,loss,val_acc,val_loss
0,0.6640939787922379,0.7556690406659954,0.7650663942189943,0.5617730431220627
1,0.8019976164904837,0.4949419939804142,0.7696629214091978,0.5577574601821198
2,0.8751489699857675,0.31912357642275,0.7962206333601681,0.6007375292198407
3,0.9292321661755186,0.19115165920190186,0.7931562818594436,0.6680994486784424
4,0.9569263946427558,0.11625592072939508,0.7691521961793715,0.8571222174277223
