epoch,acc,loss,val_acc,val_loss
0,0.4323572803133531,1.058106687259436,0.5416453806307465,0.9223942009234343
1,0.5939734419971626,0.8552474277661616,0.6765457396002893,0.7336206408441219
2,0.7463398025736961,0.6145571856598296,0.7531936690706225,0.6052523974441544
3,0.804619225683419,0.4861091421250114,0.7700562093351712,0.5645458417457772
4,0.8506412437440805,0.37938404059575154,0.7956055184073392,0.5253304921673095
5,0.896379525823012,0.27504414111974496,0.765457335179962,0.6212083662597878
6,0.90069231620618,0.26144331904372786,0.7915176265874443,0.6107511967801292
7,0.9473953012196488,0.14676062924923333,0.7986714362062601,0.6272943239158432
