epoch,acc,loss,val_acc,val_loss
0,0.6746311010215664,0.7270256646104352,0.7845839717486733,0.5260615829243351
1,0.8275822928219729,0.43525783023823406,0.8055130172104419,0.4841876302889989
2,0.8891032916868992,0.28209286470148,0.7993874429378539,0.5024347029333519
3,0.9338819523269013,0.17777310138426627,0.8009188364755748,0.6033859979503918
4,0.9606696935300795,0.10905587724584422,0.8101071978540308,0.5810698019478503
