epoch,acc,loss,val_acc,val_loss
0,0.4678810579039942,1.029661723851968,0.6704139023273041,0.7494875981177855
1,0.7024174326800986,0.6958323099288208,0.7123147637855051,0.6741216557027128
2,0.7791397114804486,0.5420673659028835,0.7823198809877122,0.5489416209848548
3,0.8456474860698651,0.3985504398564044,0.7787429764676471,0.6177446333254608
4,0.9038134152793733,0.2553022966023918,0.7664793097796219,0.6363787862434641
5,0.9506298946192392,0.13918383928142034,0.7976494626421434,0.7894000125650125
