epoch,acc,loss,val_acc,val_loss
0,0.6535013052137576,0.7710533955083398,0.7588145120690901,0.599094672658703
1,0.812507093433029,0.4845538537248744,0.7761880429837554,0.5448034390175166
2,0.8634093746250353,0.3497920821506148,0.8073582013590213,0.531478320510642
3,0.9052320962771562,0.25234505252587297,0.8083801737657663,0.5513207823205616
4,0.9292929292726348,0.19120983813930864,0.7981604496983161,0.6803894448658003
5,0.9500056747247758,0.1399053129582207,0.7966274910881986,0.689029770660108
