epoch,acc,loss,val_acc,val_loss
0,0.6823289070750673,0.7252266448616453,0.7496167603474706,0.5948457942973855
1,0.7936670071433884,0.5065284948447224,0.7588145120081757,0.5725098672985848
2,0.8513222108660079,0.3772953889241704,0.7562595809913132,0.5895401386655468
3,0.9027919646235414,0.25847539722060336,0.7496167603779278,0.6864007214197531
4,0.937407785702098,0.1744465430137884,0.745017884517118,0.8162274252191208
