epoch,acc,loss,val_acc,val_loss
0,0.5053909885573503,0.9953883988621043,0.698007152558104,0.8531489694185506
1,0.6811372147706672,0.7525193514421814,0.7373530928066451,0.6786557483807107
2,0.7237543979658196,0.665903751580348,0.756259578920227,0.6241067386307032
3,0.7579729884724221,0.5964225246063116,0.7680122646739669,0.5666679326039403
4,0.7850981729415661,0.5349892225036582,0.7537046493653077,0.5990935058452429
5,0.8046192256631246,0.4872330283925179,0.7848748103598886,0.5281993152538489
6,0.8311201903257477,0.428248922402195,0.7777209999491868,0.5443740025368282
7,0.8476336398225897,0.39381406404227676,0.7358201332218987,0.6510400531178661
8,0.8642038359786525,0.34770974458691317,0.7547266242086248,0.6399539824828361
