epoch,acc,loss,val_acc,val_loss
0,0.4397275822522556,1.0729917180524646,0.5278203177354724,1.0146844254396836
1,0.5496027238793866,0.9151119375337131,0.6539050526555671,0.8102501450660826
2,0.7095346196149724,0.6938573824155073,0.7411944819932814,0.6172833059015416
3,0.787343927639432,0.5259840577468698,0.7738642116600668,0.5257309038399312
4,0.8174801362223847,0.45937667641277075,0.7973455867942588,0.4793991707398491
5,0.8749148694394531,0.33366065644378967,0.8147013774022818,0.4669407006731564
6,0.9117480136073542,0.2413477383122677,0.7988769811230573,0.5155055224134826
7,0.9413734391247103,0.16657276730667314,0.8014293037366356,0.5844606735561502
8,0.955391600399905,0.12652575195376908,0.8244002072588408,0.5937005922829637
