epoch,acc,loss,val_acc,val_loss
0,0.5607195551083424,0.9232212638708861,0.7123147673794489,0.7332767129370797
1,0.7133129042835514,0.6882427153218253,0.7393970364627633,0.639077290443358
2,0.7641016909259224,0.5764117666952808,0.7618804288933821,0.6185610112208277
3,0.8202247189590628,0.46601310142349434,0.7577925399973737,0.630262467650412
4,0.8543298150513259,0.3778841666866277,0.7925396018267044,0.5775589950698703
5,0.895074338779562,0.28207444503350365,0.7649463463268172,0.6511161004516258
6,0.9249233911343484,0.21500397232577717,0.7812979051393091,0.6746200691636387
7,0.943025763196364,0.1765227893181589,0.7787429740310751,0.7187454310313864
