epoch,acc,loss,val_acc,val_loss
0,0.6665153234960273,0.7646773350495891,0.7697805002856584,0.583410154653484
1,0.7741770715367104,0.5617856781274317,0.7861153650125599,0.5385549269567161
2,0.8103859250851305,0.4773609271114449,0.7998979071258829,0.5101421249496991
3,0.845573212272328,0.4036463281488581,0.7927514038078636,0.5049198615027667
4,0.8698637911734868,0.3486277308556062,0.812149055671059,0.4787450708133216
5,0.8931328036051738,0.2894727535334402,0.7901990811942852,0.5300362992037189
6,0.908626560699385,0.2530083665951968,0.80449208786075,0.5267319239299476
7,0.9199205448218831,0.217535119007313,0.8050025523834657,0.5586231382237581
