epoch,acc,loss,val_acc,val_loss
0,0.6814209510703428,0.7238713702174893,0.7552376086150253,0.5947450661939446
1,0.8044489842377948,0.48569366471164815,0.8027593255286687,0.48544840518467025
2,0.8632391329291135,0.35076248303483637,0.7961165048848261,0.48785142046977625
3,0.9015435251525603,0.25672863544406854,0.8068472151556487,0.5468138364211722
4,0.9261718307000367,0.18917690332834788,0.8002043945118061,0.6063323667844949
