epoch,acc,loss,val_acc,val_loss
0,0.6503972758093973,0.8070676722266753,0.6952526804864133,0.7030419727987998
1,0.7414301929625425,0.6396529772224816,0.7075038289403112,0.6909632870224801
2,0.7814982974028615,0.5495860832909315,0.7360898420906846,0.6388735812862897
3,0.8137911464515799,0.4744510562479428,0.7866258299003881,0.5191523550784728
4,0.8396140749284006,0.4091122512514285,0.780500255597374,0.5502135113771622
5,0.8682746878817729,0.3540853533517489,0.7514037777721547,0.6266303283332135
6,0.8877979568671963,0.3016731519670681,0.7937723331271294,0.5437582263598459
