epoch,acc,loss,val_acc,val_loss
0,0.6432300533288833,0.7986661061609039,0.6504854369541182,0.8171626264548265
1,0.760299625495224,0.5849633943735573,0.7807869187531936,0.5368999815910034
2,0.8014413801268895,0.49396816930710263,0.7925396014307614,0.5300517648374724
3,0.832822608137331,0.42435926883049657,0.7675012774959655,0.5743864039772922
4,0.8609692430052445,0.3634535483267586,0.7828308635666837,0.5538971616211265
5,0.8795255930425631,0.31909653020830514,0.795094532447624,0.5506878234807727
