epoch,acc,loss,val_acc,val_loss
0,0.6341504937281147,0.8004227679198722,0.7588145124954901,0.5862747280952209
1,0.7730677562273532,0.5632555430957752,0.7240674504529595,0.6508927864265734
2,0.8402564975733979,0.41642257960872825,0.7726111394687764,0.5492858156051694
3,0.8892861196367279,0.2982540342032118,0.7598364845062923,0.6483791231743584
4,0.9345136760664154,0.18414617444245557,0.7828308632316551,0.6843237040843291
5,0.9530700260766748,0.13443906914902362,0.778231987919074,0.643628023629537
