epoch,acc,loss,val_acc,val_loss
0,0.6854143019431566,0.7179485770007944,0.7294538030215464,0.6154368373433688
1,0.7913166855980941,0.5127540002345498,0.6870852476361456,0.735866842919798
2,0.8513620885628171,0.37755961669154386,0.728432873976115,0.6628004694362268
3,0.8999432463110102,0.26537976246010025,0.7294538030519724,0.7836872034988092
