epoch,acc,loss,val_acc,val_loss
0,0.5917707150829501,0.8830369601861302,0.6676875960772107,0.7385389850479173
1,0.7279795686449014,0.6709929960878158,0.7590607455520376,0.5804841498929424
2,0.7749148694394531,0.5736347563353353,0.7223072999165093,0.6815337619348227
3,0.8059591373439273,0.5142104693357574,0.7039305771900234,0.6997227170383401
4,0.8346197502567062,0.440886635190377,0.7330270549848166,0.6669615185218176
