epoch,acc,loss,val_acc,val_loss
0,0.6469186244737736,0.8260077790293435,0.7026060295153712,0.7189410470795375
1,0.7828850300828061,0.5491770619824368,0.7005620850064527,0.7616439302417168
2,0.858869594858475,0.36558493301433054,0.7649463463268172,0.6994451758321841
3,0.9165247985269761,0.22864559899088394,0.7547266225639386,0.8943110381271624
4,0.9507433889456361,0.1501840923656712,0.7848748081669736,0.8367596301547593
5,0.9665758710499587,0.10907741578452475,0.7378640775480743,1.4629496462685025
