epoch,acc,loss,val_acc,val_loss
0,0.6508341845149905,0.8167599781919805,0.6274910580155554,0.9813301629659529
1,0.7857223924707303,0.5330263188512787,0.7414409805452817,0.6317907797480092
2,0.8577913971510638,0.3610710328255213,0.7889626981898967,0.5514291886413469
3,0.909715128829782,0.24376231767495093,0.7823198775460541,0.6440238522277173
4,0.9438202247191011,0.15942850569966005,0.7828308634448551,0.8085885684771628
5,0.9576665532059951,0.11987543788139969,0.7235564641582156,1.2667766619106307
