epoch,acc,loss,val_acc,val_loss
0,0.6252553916275163,0.8428986297021794,0.7100561510974988,0.7012833436573568
1,0.7720771849899638,0.571441955504163,0.7682491067175113,0.6486881254673491
2,0.8419409761905129,0.4203315169532507,0.7759060745582463,0.6377187374752964
3,0.8902383655208194,0.3052749524795779,0.7866258295048494,0.6036409434613796
4,0.9225879681908719,0.23280669070873303,0.7651863195812173,0.9314076836739589
5,0.9452326901248581,0.1801532017775345,0.7794793262476821,1.2085217951876341
6,0.9550510783471531,0.1599341904273559,0.7248596223171053,1.6258744956766726
