epoch,acc,loss,val_acc,val_loss
0,0.648621041906528,0.7930159493697351,0.7393970362800204,0.6324847775207348
1,0.7634207241287054,0.5789670215374413,0.7358201328564129,0.6415141794562157
2,0.8055271819249115,0.4832600333500958,0.7465508431272355,0.6367124784918665
3,0.8333900805743271,0.41697358891609754,0.7869187531936638,0.5393724930555953
4,0.8631823856272366,0.35812101796677,0.7823198773633112,0.5662252565995277
5,0.8825899444012268,0.3087493660311709,0.7782319877363311,0.6093643057689748
6,0.8981386902870513,0.2698577508937486,0.7812979049565661,0.6516273486588339
