epoch,acc,loss,val_acc,val_loss
0,0.5612053802522003,0.9969620157415227,0.6915219617328313,0.7176312553383357
1,0.6906531978719697,0.720087777576492,0.7558733410562509,0.6143574175235565
2,0.7426366267352578,0.6248324324957365,0.6884576116933033,0.6962412930606456
3,0.7699903526673366,0.555470040894334,0.777323799186878,0.5490684763769086
4,0.8003518528249869,0.486949996084396,0.7752808975978575,0.5560146257874915
5,0.8379206627033996,0.4136992879497309,0.673646576497114,0.9128805402594031
6,0.8551728054936063,0.37017678062536,0.7492339102069984,0.6328969897361771
