epoch,acc,loss,val_acc,val_loss
0,0.6838610827307224,0.7115876007981149,0.7429739401909424,0.6093430874538958
1,0.8304392236773562,0.42429812554231555,0.776699029004385,0.5505671659841426
2,0.9188514357188979,0.21850730674435395,0.7838528355470286,0.6333054993977398
3,0.959879695834752,0.10463933487706147,0.7404190084431083,1.0323111629023136
4,0.971966859607309,0.07762994408423987,0.7782319882236456,0.952674130730685
