epoch,acc,loss,val_acc,val_loss
0,0.49778685704653275,0.9722621201481212,0.6530403665090375,0.8097934930009019
1,0.6958914994449353,0.7028083872435218,0.7332652022050361,0.6418790325073179
2,0.754397911883932,0.5896629747204147,0.7450178858572327,0.6271090275119261
3,0.7865736012547555,0.5278127923440398,0.7721001538136326,0.5619897184532762
4,0.8098399729236763,0.4748992029775787,0.779253962122791,0.5495795665435421
5,0.8333900803172647,0.42234518736069837,0.787940728067438,0.5396309094460692
6,0.8512087163299021,0.3757226159638626,0.7772100137458142,0.570817152121022
7,0.8731131542826224,0.33559794070338866,0.7721001552755759,0.5891121128534991
8,0.8845193509332521,0.30316953358159354,0.78947368213944,0.5943123985140922
