epoch,acc,loss,val_acc,val_loss
0,0.5640749151806826,0.9282550687145835,0.708014295653703,0.7096320665752845
1,0.731725312199414,0.6455897934591053,0.7376212290259513,0.6278126130242808
2,0.7890465378220046,0.5183567846673842,0.7784583923645078,0.54700962017847
3,0.8404653799520313,0.4138595947951383,0.7958141900618019,0.5112289489989016
4,0.893813847751271,0.29806746180157656,0.7764165413629163,0.5371373826718683
5,0.9356413168073647,0.20040321432637573,0.8126595245447008,0.4800904034016508
6,0.9615777524997915,0.1323970493271727,0.8177641626825863,0.494126512010588
7,0.9816685586322044,0.08032434506428499,0.8090862747416805,0.5193204270022569
8,0.9883087397974818,0.05348458632860633,0.80193976117008,0.5630157128957658
