epoch,acc,loss,val_acc,val_loss
0,0.6887980932654161,0.7078577225959987,0.7695452226749414,0.5737954792649879
1,0.8336738168537082,0.42473405754169774,0.7915176291153878,0.5022715442206217
2,0.9120985132221088,0.23465218848849334,0.7685232497504249,0.6361336628118825
3,0.9588582453750993,0.11807153769063228,0.80889115942091,0.6427788926620659
4,0.9773011008966065,0.0640766236689244,0.7920286153187603,0.8206514659954932
