epoch,acc,loss,val_acc,val_loss
0,0.49883661564562365,0.9926790582877297,0.6746680293312112,0.7788870365675672
1,0.6653992393272404,0.7922071015163026,0.7247191011844787,0.6710584797459798
2,0.7073945859884215,0.7143160154272726,0.7288049032057391,0.6440425112736968
3,0.7305487770781494,0.6680223101973162,0.7558733390471056,0.5944101433588365
4,0.7502411898010117,0.621694358883783,0.7568947923682683,0.5806114570113076
5,0.7670960787219253,0.5887460837258118,0.7727272716313752,0.5725262183334537
6,0.7939958003841716,0.5367412112044812,0.754341163174977,0.5968054108648914
7,0.8053458938939057,0.5114294390937918,0.7456588379818037,0.6186061383389598
8,0.8239032969958638,0.4682797051052468,0.7471910092876929,0.6310419636313348
