epoch,acc,loss,val_acc,val_loss
0,0.5464192486326157,0.9489389836226699,0.6959632090085858,0.7488226374010681
1,0.7359550561933049,0.6977343304299859,0.7424629535611698,0.8338022012459604
2,0.7816365905982955,0.6155541145007357,0.7164026571891718,0.7261705638866492
3,0.8040517535237798,0.5787003647251495,0.726622381256622,0.8887265778404142
4,0.817273862231212,0.5919499552597619,0.7721001533263182,0.8150902973734486
5,0.8262399273770524,0.6316496086416904,0.7675012774959655,1.0391209832733848
