epoch,acc,loss,val_acc,val_loss
0,0.5691748950243565,0.9060279988779841,0.7210015326235815,0.6782040401082533
1,0.7179094314196367,0.6785631359820874,0.7250894222505615,0.6581517206995111
2,0.7612643286935886,0.5931169023011575,0.7695452227663129,0.5778450245265152
3,0.7888434911177413,0.541690656436909,0.7669902916580789,0.5626047394625313
4,0.8163659062603115,0.47769303266231733,0.7680122633338523,0.5505814502052829
5,0.8270343888253768,0.44394502743204284,0.778231987919074,0.5548641737255443
6,0.8458177278740238,0.40370534936093183,0.7807869186313651,0.5559428658300233
7,0.8543865622855548,0.3699570701546031,0.7904956571045858,0.5614996537543342
