epoch,acc,loss,val_acc,val_loss
0,0.5619750284715624,0.9330533161607151,0.6952526801821527,0.7211596515788419
1,0.7093643586156587,0.7041313092094275,0.7034201126064555,0.6949643953957687
2,0.756583428031064,0.591149430580767,0.7003573255614397,0.699963764276597
3,0.8074347331629438,0.48728070014180713,0.7861153651951162,0.5481935662539289
4,0.850397275877053,0.38877364114248253,0.7559979583548916,0.6122716751982206
5,0.8880817253392076,0.30899739723809055,0.7733537520663722,0.726747487107365
6,0.9158910328765462,0.23488900359047662,0.7850944361801109,0.6868799557912222
