epoch,acc,loss,val_acc,val_loss
0,0.5423074740163653,0.9399084623660546,0.6567926395292545,0.7968491088747369
1,0.7295840189227059,0.6519338317149059,0.7492339119726109,0.5996734359291163
2,0.7924067874743864,0.5132652868322615,0.7803881549494259,0.5386560206759086
3,0.8376936606378265,0.42199698014614107,0.7788559729889781,0.5380490982374205
4,0.8769649851471685,0.3319624866420298,0.8038815158258541,0.5052139912489364
5,0.9209465976741282,0.23172837990930664,0.8023493345351215,0.5285359599130025
6,0.9488678278280883,0.16037937937123936,0.8049029573965608,0.5918112237679947
7,0.9688439932809055,0.10709747058648025,0.8084780389368839,0.6436326746677598
