epoch,acc,loss,val_acc,val_loss
0,0.5568104426923053,0.9671012718750589,0.6482899438793286,0.7813812010199395
1,0.7426220204177969,0.689834690033104,0.7554874936191934,0.6168967018235758
2,0.790295119196278,0.5941720794467731,0.7600816743540606,0.7140582831098207
3,0.8209421112507616,0.5683297298823258,0.6932108218783076,0.8122582302037522
4,0.8358115777796162,0.5397013268121661,0.773353751975094,0.813818483464629
