epoch,acc,loss,val_acc,val_loss
0,0.4427987743473908,1.034074928118955,0.557996935940666,0.927496446415546
1,0.5931222338354989,0.8315155858580066,0.6412876833441553,0.7561998385888432
2,0.7757348765743508,0.551617729962853,0.7812979035250801,0.5482582483720463
3,0.893201680077068,0.29449913495245295,0.7853857946140034,0.5717345521531668
4,0.9500624221619487,0.14082930875229058,0.788962700474183,0.6800084565145116
5,0.9729315629883233,0.08434768494473537,0.7879407256308659,0.7303217931188487
