epoch,acc,loss,val_acc,val_loss
0,0.6686719636641079,0.7469571812943081,0.7473200612861688,0.6097132212930702
1,0.8027241770715097,0.49026669967458686,0.7708014293006636,0.5561041955956395
2,0.8754256526944857,0.3224026416609155,0.7605921388767762,0.6946098554828083
3,0.925766174787831,0.18938432324352114,0.7662072486266486,0.8010185140623859
4,0.9544267877276721,0.12431862767908414,0.7718223583460949,0.7901231355056159
