epoch,acc,loss,val_acc,val_loss
0,0.6510783201043371,0.7753441526454099,0.7514037774678941,0.6144964371547825
1,0.7997162315685822,0.49661677285572187,0.7968351199895889,0.4813868365554313
2,0.8557321226014993,0.36929551950242545,0.795303726451868,0.5066687657615249
3,0.901532349589193,0.25907995162973607,0.806023481398471,0.49295768881099694
4,0.9290578887898319,0.19621961568054086,0.7988769780500256,0.5974523484471077
