epoch,acc,loss,val_acc,val_loss
0,0.6014188420894333,0.8855428996475817,0.7177131194250507,0.6610984726485213
1,0.7340522133126838,0.6404583440330324,0.7636549264694611,0.5834796202614819
2,0.7987514188963493,0.49986183147425006,0.6937212868878402,0.7752454227607672
3,0.8582292847952696,0.3670092551445717,0.7886676878695466,0.5415515343165629
4,0.9090805902518966,0.24808569487594448,0.769270035945499,0.6269199673833745
5,0.9434733257661748,0.17899227520360037,0.7958141912484181,0.5874721951908211
6,0.9639046537348415,0.11966664958808669,0.7917304750058406,0.7194775269918748
