epoch,acc,loss,val_acc,val_loss
0,0.655788876276958,0.7594788651528613,0.7202654416126643,0.6706370025523285
1,0.8021566401680806,0.4933110042273254,0.7713118938842314,0.5389342946687361
2,0.8630533484947127,0.3509834799674529,0.7861153650125599,0.5374271341767343
3,0.9009080590103055,0.2542474569699956,0.7779479326795351,0.6782918929019225
4,0.9308172531079217,0.18746920391392896,0.8039816232771823,0.5682197666825416
5,0.9498864926084893,0.13687529043124294,0.8009188361713143,0.7201036766757157
