epoch,acc,loss,val_acc,val_loss
0,0.5167971853026871,1.6356213190352358,0.6167603478361041,0.8504602528982889
1,0.7183634093475861,0.712697963224287,0.6990291263963352,0.695022544814545
2,0.8032572920348665,0.5128214079897245,0.7506387329369586,0.763714559357204
3,0.8631823856881198,0.37717460797561203,0.7685232494458534,0.6184273928205883
4,0.9064805357278428,0.27594825761053837,0.747061829513351,1.2774542796106196
5,0.9344001815708984,0.21433695693648425,0.7388860505639624,1.3307762331784716
6,0.9468845761115888,0.180203605483828,0.7439959125976875,1.4756745930892445
