epoch,acc,loss,val_acc,val_loss
0,0.5444381385195945,0.9258407500897038,0.6947422154464546,0.6985979667727347
1,0.7283768447249215,0.6532511441309796,0.7345584426503087,0.6120649423144069
2,0.7775822926731304,0.5431720460719608,0.7473200557182005,0.5757871457604257
3,0.8390465380385027,0.41572935225338453,0.7973455786096496,0.49434346033639603
4,0.8544267874976428,0.3723990845152523,0.7978560546942668,0.5403270650238574
5,0.913053348630024,0.24166748220953038,0.7820316466401583,0.5423726460165732
6,0.9486946648690812,0.14859422608347406,0.7493619222066548,0.7719190470292411
