epoch,acc,loss,val_acc,val_loss
0,0.625070934127346,0.8065587139172934,0.7434849257851719,0.6340398110932821
1,0.7832822609321171,0.5280912992240162,0.7858967806650902,0.5414612187404808
2,0.8513789582422976,0.3753176219055296,0.7986714359626029,0.5153889990486414
3,0.9166950401552499,0.22415141428305713,0.7818088913426816,0.6206430299250398
4,0.9505731470670647,0.13491607533587918,0.7884517113773812,0.7006432357709141
5,0.9689025081471734,0.08904392893327079,0.7950945324171668,0.8152396148665559
