epoch,acc,loss,val_acc,val_loss
0,0.5479568675346461,1.0654429641403216,0.6819806020134502,0.7624409839229477
1,0.7005107833091572,0.7148210176409441,0.7386421623006044,0.6559878270379008
2,0.7636776388300399,0.5893905579976138,0.7626339993712974,0.5659226543322822
3,0.8243473326442732,0.46160192702062824,0.7784583971109726,0.533347212519799
4,0.8632803629800492,0.39527758054105433,0.7917304760099005,0.5094838828806855
5,0.915891033268949,0.25635826602899525,0.8004083723179718,0.5478969745151604
6,0.9398978430080089,0.21905439923624176,0.788157222312345,0.5310938259422201
7,0.952837684625394,0.18883471487599524,0.7830525797018292,0.6138420336522759
