epoch,acc,loss,val_acc,val_loss
0,0.5160045405386796,1.0364745274439844,0.6819806001270347,0.791388497753007
1,0.7014188421300267,0.7480038201497713,0.6835119961596923,0.7723288202602198
2,0.7614074916763826,0.6066758953753719,0.739152629439961,0.6137561510873729
3,0.8052780928730829,0.5029490975800491,0.7769270028126003,0.5439859094091555
4,0.8471623156722909,0.4147032524007674,0.7937723341007632,0.5238930627726486
5,0.879341657058876,0.34111794071625096,0.7942827967370634,0.5321525321924425
6,0.9009648128751999,0.2738628352743813,0.6921898936239538,0.9305216810908957
7,0.9220204312739118,0.2406373482742997,0.7978560508605836,0.6070193344382013
