epoch,acc,loss,val_acc,val_loss
0,0.4829758253409797,0.9975510125614271,0.6397547245817521,0.826403923831427
1,0.7101350583955468,0.6835490836957543,0.743995909887001,0.6390906946964878
2,0.7535467027819612,0.5923426069015678,0.7491057759715272,0.6140806058809107
3,0.7845306999972101,0.5286378857091233,0.7700562093351712,0.5762228618547754
4,0.8068891157628784,0.47926125638994477,0.7613694417762952,0.5869377970878239
5,0.8287935532488274,0.4300761775557265,0.785385794949032,0.5367435878128438
6,0.8449665191170577,0.3930012330187935,0.7766990309536427,0.5761981208408494
7,0.8562024738755863,0.3648657164939239,0.7935615742029922,0.5611200793153727
8,0.8762342524425678,0.3231627330709946,0.7904956584447004,0.5717482547036348
