epoch,acc,loss,val_acc,val_loss
0,0.6541430193097854,0.7826420707816298,0.7314956613862436,0.6412943585178206
1,0.7663450625373069,0.5763175343411735,0.74936191962044,0.5655011409639764
2,0.8160612939029221,0.464524175630931,0.7718223586807815,0.5421736574465064
3,0.8532917138531584,0.3765993756820341,0.7907095459604093,0.49297643684501125
4,0.8884790010809492,0.298690457515224,0.7845839716573951,0.5188458087250796
5,0.9290011350061241,0.2081906199286122,0.780500255566948,0.5628423992622379
6,0.9455164585156826,0.16081361935371438,0.7922409395894084,0.5445609194943952
