epoch,acc,loss,val_acc,val_loss
0,0.5818388192797086,0.8929733213582727,0.6962736080713939,0.7199225797526626
1,0.7431328038622653,0.623291209864427,0.7340479829044838,0.6438452959243225
2,0.7846765036615422,0.5274291355953584,0.7366003068263827,0.630608502609989
3,0.8239500566319088,0.4455923213049448,0.7534456379624153,0.5992598596612309
4,0.8552780933196104,0.3761558238615649,0.7565084219039734,0.6200123106173681
5,0.8796821790439723,0.32020425772829303,0.7559979592676732,0.6313137874243027
6,0.9042565270125121,0.26575319147948917,0.7401735603718078,0.7167469700299215
