epoch,acc,loss,val_acc,val_loss
0,0.563783906467006,0.952885748288537,0.717935616926204,0.6999840275267892
1,0.7390194076534405,0.6313429546266905,0.7654573328652184,0.5864095099434051
2,0.7836227444592567,0.5284258658655141,0.7950945323257953,0.535088319618847
3,0.8150607195483368,0.4638526132612517,0.7797649486611922,0.5594998570078176
4,0.8434910906753371,0.3974432255377254,0.8068472140287342,0.5001221438056057
5,0.8735103845501606,0.3351759383335055,0.8083801736134806,0.4867948281198481
6,0.8859380317010318,0.2895781503485681,0.7777210033603876,0.5488130196236077
7,0.9035864261395138,0.255050448939879,0.8124680647024038,0.500067664155195
8,0.9158438316553462,0.22112615073346858,0.7976494633426578,0.528048330901774
