epoch,acc,loss,val_acc,val_loss
0,0.6259364358006758,0.8279682155364488,0.7029096480228878,0.6911688607648174
1,0.7606129398140274,0.5789276540820634,0.7432363452869998,0.6257111835443225
2,0.8257661747742998,0.43904474328920057,0.7314956612949653,0.6614684900682517
3,0.8813847899166328,0.31302427225296936,0.7161817256439212,0.7682445626772442
4,0.9246311008997862,0.20937527789227944,0.7156712611516317,0.8597770011382422
