epoch,acc,loss,val_acc,val_loss
0,0.6750851305470158,0.7308848878717585,0.7442572741498747,0.5815666965101981
1,0.800283768444949,0.49220700617139646,0.7891781521488538,0.5189292133006592
2,0.8559591373574585,0.36235088222278505,0.7856049004898441,0.5561606505502542
3,0.8961975028647468,0.26277884029773796,0.7856049004898441,0.5869769815768193
4,0.9261066969353008,0.19205995725381117,0.7861153650125599,0.6206421226856355
