epoch,acc,loss,val_acc,val_loss
0,0.6969353008216139,0.7000530858857137,0.7202654415822382,0.6433179964058979
1,0.8065834279498773,0.47537254986102684,0.7947932618987262,0.49716030119815124
2,0.8858683314280126,0.29560586117656223,0.7932618683610052,0.5243746595549426
3,0.9354143019296254,0.1715820132028502,0.7784583972022507,0.6506935839996221
4,0.9599318955732122,0.10830740080163238,0.7876467585807068,0.7213173228115862
