epoch,acc,loss,val_acc,val_loss
0,0.624219725336556,0.8103778555138592,0.7751660705770104,0.5707698391296453
1,0.8040517535237798,0.493854003642044,0.8083801737657663,0.5121738066707391
2,0.8656225173417346,0.3470119240842468,0.8124680633927464,0.49252517771891446
3,0.9120985132356383,0.23429258072529136,0.784874808441088,0.60443184052308
4,0.9442174554331161,0.1584369996923037,0.8053142565455312,0.6175443066829434
5,0.9540914765430922,0.12661200159241706,0.7915176290392449,0.7972349055153287
