epoch,acc,loss,val_acc,val_loss
0,0.6620317820523032,0.7565727646045057,0.7473200612861688,0.6087448986255739
1,0.7764472190827706,0.5495796526263169,0.7595712098313449,0.5847223317397986
2,0.8308740068239738,0.42590491854237916,0.7723328228992367,0.5555199469425899
3,0.880476730973983,0.311670107021505,0.7753956100355307,0.6015901417833254
4,0.9148694665017923,0.22235949256633927,0.7738642164369577,0.6494451564160946
5,0.9334279228014518,0.17722326370799718,0.7692700357325166,0.7118971700522898
