epoch,acc,loss,val_acc,val_loss
0,0.6673666288444051,0.761536744301219,0.7263910160373827,0.654912723972823
1,0.7770147560809175,0.5567817261148663,0.7432363453174258,0.6401614718683037
2,0.8157775255120978,0.4649585791464967,0.7590607454607595,0.6104964292463202
3,0.8597616346009609,0.3658140032231875,0.7789688618466707,0.5845719296114368
4,0.8936435868737376,0.28072516841731465,0.7753956101572349,0.6134247204945853
5,0.9244608400628461,0.21245608242497135,0.7779479328012393,0.6005521628885868
6,0.944835414247805,0.1648904541936554,0.7886676877174164,0.6342285407660505
