epoch,acc,loss,val_acc,val_loss
0,0.6503234593189882,0.8092409491796064,0.724067450148388,0.664043450727107
1,0.7389059130564516,0.6391998738534144,0.7572815529716581,0.5940405312824688
2,0.7814096016207911,0.5460401926404866,0.6724578436077646,0.7587083991413283
3,0.8144364998568174,0.47457958263539657,0.7756770562930685,0.5709315843282455
4,0.8466121893223482,0.4020021643720871,0.7935615740202493,0.5068830247734296
5,0.8723186925163524,0.3422505272164029,0.7286663262833121,0.7053332560270735
6,0.8914425150380206,0.2934677954980916,0.8017373529696379,0.5390654408511424
7,0.9123255021928482,0.24405114564610425,0.7828308635362266,0.635319671279993
