epoch,acc,loss,val_acc,val_loss
0,0.667726008756485,0.7782767198357881,0.7456588356073592,0.62799305570016
1,0.7768571590952404,0.549062563520468,0.8089887639840606,0.5090950577690116
2,0.8231087906610532,0.4447601214148496,0.7773237998565931,0.5462702988847649
3,0.8540945463003023,0.3664917692810146,0.7819203268032638,0.5567867937321804
4,0.8827535327267927,0.3003162071197611,0.7737487232478086,0.641316428004295
