epoch,acc,loss,val_acc,val_loss
0,0.6119623198207236,0.8288425889063634,0.7475728155339806,0.6145621839002742
1,0.7760186130905,0.551622934051762,0.7608584568216659,0.59204620714159
2,0.838667574615866,0.413927970361715,0.7542156362082804,0.612476439624035
3,0.8862785154717042,0.29879772907663943,0.7797649463464487,0.6052136951234186
4,0.9216887980865277,0.2108649198346803,0.7547266223811957,0.8363716574952075
