epoch,acc,loss,val_acc,val_loss
0,0.5825672454750642,0.8913073424597007,0.6315789468201923,0.8389193944377928
1,0.7307910566202237,0.6709973573170568,0.6714358708964481,0.7317190208664096
2,0.7776075360683263,0.5724449876914459,0.7169136438189445,0.6820410151961633
3,0.8106911814641687,0.5065268779664153,0.7511497186225595,0.6081323107713086
4,0.834581772817844,0.4508801998162348,0.7307102702744591,0.645242348853946
5,0.8529111338235398,0.3969462728300128,0.7424629534697983,0.6993794881328979
6,0.8749290659538315,0.35213263390851934,0.7199795600036364,0.7897625909999249
