epoch,acc,loss,val_acc,val_loss
0,0.6853007945245836,0.7162553965030545,0.7605921388767762,0.5640077296570286
1,0.8023269012621123,0.49136939021704823,0.7901990811942852,0.5099544284324247
2,0.8542565266607027,0.3590375906086942,0.7917304747624322,0.5579796843515968
3,0.8998864925949581,0.2645773499087768,0.802960694262177,0.538464208185338
4,0.9281498297659952,0.18744861573217675,0.7856049005202702,0.6673735868815197
