epoch,acc,loss,val_acc,val_loss
0,0.6706583427787504,0.7413937096833912,0.7534456355587569,0.5896258198481668
1,0.780249716231555,0.5442048329906485,0.7805002552626874,0.5309040929481288
2,0.8303632236230658,0.4229436979255936,0.7799897907095457,0.5531662465123086
3,0.8741203178206584,0.32456884085117216,0.777947932618683,0.5783258818086159
4,0.9157207718772326,0.22424268770569705,0.7820316488308344,0.6469745670291707
