epoch,acc,loss,val_acc,val_loss
0,0.6511350737527334,0.7866322498045498,0.7054619703930577,0.6936280344778814
1,0.7629965947786607,0.5783495681781098,0.7432363450740174,0.6167627055618214
2,0.8093076049943246,0.48593699727778267,0.7595712098313449,0.5789248148904521
3,0.8353575482135733,0.4231185982230032,0.7656967840735069,0.5815303334552697
4,0.861350737811488,0.3658559485136718,0.7753956100051046,0.5811847132602597
5,0.8843359818523506,0.3121986640974558,0.7544665646346143,0.6658196589543905
