epoch,acc,loss,val_acc,val_loss
0,0.6639427987472003,0.770008702524917,0.7649463464486459,0.5769829014216263
1,0.7770400635433878,0.5550264825399882,0.7920286152273889,0.5273169721945489
2,0.8144932470572224,0.47409176287322563,0.7986714359016887,0.49452303927896213
3,0.8441153104209749,0.3964738162817255,0.7976494634949436,0.5026763605642026
4,0.8697650664213391,0.3407899356736673,0.7915176290544735,0.5473757547021338
5,0.8941663829574871,0.28836057839876894,0.7726111395296906,0.5862350222951122
