epoch,acc,loss,val_acc,val_loss
0,0.617977528042534,0.8440383129433219,0.6417986719231856,0.800997354360521
1,0.7484394507745841,0.615212866246883,0.695452222454956,0.6902534841699264
2,0.8059811598731554,0.48479986443799383,0.7547266218634241,0.6044390583044421
3,0.8637498580980566,0.35451070518367017,0.7904956567086427,0.5465689910329234
4,0.9142549085557535,0.23565251121282468,0.7904956568000142,0.6059094442965488
5,0.9429690158944871,0.1696502794192931,0.7961165050371118,0.641262442284722
6,0.9683917829444062,0.11131475123573331,0.7920286148009887,0.7917325647741054
