epoch,acc,loss,val_acc,val_loss
0,0.4792872542299135,0.9989153094993062,0.5968318880365768,0.8770349020244032
1,0.6832368629783199,0.7377378968791488,0.7015840574436548,0.6874655708099544
2,0.7563840651698854,0.5944599383819822,0.7434849277344295,0.6273091047103757
3,0.789183974611057,0.5241898703069128,0.7409299972048815,0.6049124073421828
4,0.81585518103725,0.4623230281109951,0.7664793049369348,0.5817788281974344
5,0.8339575527339663,0.4201465421868377,0.7485947897681546,0.6094069827193804
6,0.8497332879287703,0.38224922970737263,0.7542156370306234,0.6347313861976062
7,0.8793553509407532,0.32030850787558385,0.7603474688822357,0.6222988883938543
