epoch,acc,loss,val_acc,val_loss
0,0.6241203178071272,0.8241927603452078,0.6978050026436008,0.6865522764725853
1,0.7553916004675606,0.6053261871032087,0.7090352221129195,0.6692144725017246
2,0.7981838819387957,0.5031963179959883,0.770290964808374,0.568264604040772
3,0.8339387060429533,0.42439279652345463,0.7488514548543158,0.6987866421114614
4,0.8641884222609773,0.3552926951044669,0.7779479326491091,0.5881878242862657
5,0.8897275822657867,0.2977374756985707,0.770290964808374,0.6287890065988149
