epoch,acc,loss,val_acc,val_loss
0,0.6596300079716739,0.821562869880814,0.6816555955730413,0.723202191753904
1,0.7877652933765061,0.5237199071248914,0.7583035256829747,0.6007125236333848
2,0.8606287595186936,0.3608368193909768,0.7731221258853489,0.6255495763884921
3,0.9093178980616486,0.2437228247288231,0.7894736840886977,0.6605687816044354
4,0.9445011916922029,0.15750294881629195,0.7920286151055602,0.7651466263698935
