epoch,acc,loss,val_acc,val_loss
0,0.6708092157395064,0.7751681912420232,0.6872764435512531,0.717691821715755
1,0.7756213823697202,0.5499563967717545,0.7286663260701121,0.6808911444401339
2,0.8235160594846452,0.4415995159060957,0.8007153807456359,0.5021709243923532
3,0.8516059471386243,0.3767973196356322,0.784874808441088,0.5491322824768589
4,0.8801498127679064,0.3054847799967913,0.8002043945118061,0.537261376468637
5,0.8983656792983796,0.2648063235981837,0.7475728155948949,0.7627418604991115
