epoch,acc,loss,val_acc,val_loss
0,0.5721824990540841,0.923876827535152,0.7189575881146629,0.6825728443549736
1,0.7108160255174741,0.6963912985839255,0.742973939886371,0.6136864102733458
2,0.759334922344213,0.5964655517895908,0.7409299948596808,0.6349531793143595
3,0.8037680172376337,0.49432650578845955,0.7414409812762534,0.6421670001504612
4,0.8476903869824057,0.40009270589314583,0.7531936642583926,0.6189507129061995
