epoch,acc,loss,val_acc,val_loss
0,0.6808172531079217,0.7243536696396133,0.7529351710360411,0.5899158485724404
1,0.8099886492757332,0.4761089935475933,0.7738642164673837,0.5485099852845765
2,0.8846197503108307,0.29812137839066183,0.7947932618987262,0.520845966133127
3,0.9393303064563894,0.1658036909413933,0.7927514038078636,0.6432923234014136
4,0.9643019296389568,0.09505829945984683,0.773353751944668,0.8788164538531477
5,0.9746878547105562,0.07736073001250879,0.7922409392851478,0.8085846709864306
