epoch,acc,loss,val_acc,val_loss
0,0.5877412031646755,0.8777538868680038,0.7498723838693211,0.6274434820829209
1,0.7412031782065834,0.6315038192691651,0.7417049515058703,0.6193684964170256
2,0.7910896708286038,0.5211072704713542,0.7090352221129195,0.6576903620016946
3,0.8282065834549851,0.4382472903314432,0.781010719754977,0.5544187823170724
4,0.8678206583292611,0.3539994758793769,0.7876467585502808,0.5491293518137969
5,0.8933030646721432,0.29816833790666536,0.7682491066870852,0.6783466931506649
6,0.9053916004404984,0.2544851002168168,0.7753956100051046,0.6540799601200347
7,0.9221339386789537,0.21891257996659275,0.7258805513625366,1.5641833620146868
