epoch,acc,loss,val_acc,val_loss
0,0.5452326903007628,0.9296118748039176,0.688616643029856,0.7227609102491094
1,0.7361521001977087,0.6381177992474343,0.77233282572886,0.5625765940983604
2,0.7995459707587044,0.4996872536169955,0.7565084260723431,0.5899124464677146
3,0.8523836545992926,0.3844542243559163,0.7866258336732191,0.5350696818143388
4,0.9070374575429824,0.2597614123588523,0.7794793284992103,0.6028890327691667
5,0.9324063564943537,0.19216684293631933,0.7835630420642948,0.6768840689206379
6,0.9723609531913523,0.0779564287712233,0.7871362892506742,0.7455424027457537
