epoch,acc,loss,val_acc,val_loss
0,0.6115209988243329,0.8995800685936692,0.7360898422123888,0.6357383924579669
1,0.7496027241906027,0.6021948420500782,0.7473200616208554,0.6022128936829404
2,0.8206015890085738,0.44460153724495044,0.7651863200071821,0.5877399711416594
3,0.8790011350331864,0.3244502216340735,0.7376212357196837,0.7224937373122857
4,0.9073212258255576,0.2420104314872274,0.746299132544998,0.7928283587592545
5,0.9240068105509278,0.2004966488355405,0.7457886681135605,0.9194420245060085
