epoch,acc,loss,val_acc,val_loss
0,0.6213041257691853,0.8232693053605669,0.7308478039423949,0.6268688598010342
1,0.7508654446500661,0.6078866241765843,0.7604698671505571,0.5625060627482398
2,0.8000681005787426,0.5040950770241727,0.7599591419816139,0.5692948491994645
3,0.838034163791999,0.41705080112495757,0.7814096015734375,0.5804681933510657
4,0.8656716418011926,0.35268726640490167,0.8018386107664917,0.5344541394917544
5,0.88950683844833,0.29262626659896535,0.7977528090496472,0.5917422036593732
6,0.9078372396606098,0.2449979237997737,0.7946884576706891,0.6941628741657893
7,0.9244651268474442,0.20764513949020977,0.7849846783039884,0.7906866587462538
