epoch,acc,loss,val_acc,val_loss
0,0.6775255391600454,0.7173837350391773,0.7299642676963923,0.6653895778823957
1,0.827412031795597,0.43652071881781374,0.7932618684522834,0.5321089531037806
2,0.8978433597913259,0.2719298711733704,0.7912200103918468,0.5725534234715092
3,0.9366061293848797,0.16900566251743396,0.7917304749449885,0.6721505596054762
4,0.9555618615209989,0.11906237320278884,0.7922409394372781,0.708048516204614
