epoch,acc,loss,val_acc,val_loss
0,0.5279196458633499,1.0273591586023032,0.5998978031248113,0.9261372484110665
1,0.7188173873837724,0.7000073408947916,0.7138477255631662,0.6621210089007628
2,0.7990579957142684,0.5190286357101632,0.7046499739024611,0.77143299305506
3,0.866870956765362,0.3644624955401682,0.7884517117733242,0.5483289080489699
4,0.9107365792894347,0.25991401524484775,0.7675012774350513,0.7834130023350567
5,0.9351946430395172,0.2177513950583532,0.7210015329281529,1.7330873571126877
6,0.9473953013278856,0.2013723376409892,0.7894736838754977,0.7342186373109774
