epoch,acc,loss,val_acc,val_loss
0,0.5314947225059584,1.027275352144658,0.6535513537784102,0.8286146778931226
1,0.7276699579799775,0.6825359142228459,0.7439959117753444,0.6653846745961286
2,0.8040517534696613,0.5074547913376609,0.7889626984030967,0.5947570544332037
3,0.8646010668820818,0.3732138535124316,0.7848748082583451,0.6567192901198086
4,0.9051186017275208,0.2946346944958841,0.776188043105584,1.1902610165888885
5,0.9320167971853365,0.21473497044577924,0.7869187527672636,0.9465495808184238
