epoch,acc,loss,val_acc,val_loss
0,0.6533310634298934,0.8308973842670531,0.7363311189379568,0.6413199221168054
1,0.7854386561981139,0.5276151103331274,0.7623914159190978,0.5832655585780702
2,0.8575644081194411,0.36504876091374455,0.7761880425878124,0.5899665149182889
3,0.9081262058587205,0.2451607347305916,0.7741440983834654,0.7001325367175625
4,0.9417773238133254,0.15827779104038286,0.7792539606303905,0.8310946727444702
