epoch,acc,loss,val_acc,val_loss
0,0.6401657019769844,0.8437035229281581,0.7598364839885207,0.5894904987630517
1,0.7677902621993439,0.5703352717478718,0.7138477257763663,0.7087619804763404
2,0.8412212007447034,0.4097750144504876,0.7910066426074438,0.5346992207109532
3,0.9069912609576692,0.25297334348488415,0.7572815535808012,0.771308282625328
4,0.9469413233458177,0.16901090145390132,0.7899846708098418,0.8562512062432879
5,0.9619225967540574,0.13393914523711947,0.7833418501659992,1.0324577853334882
