epoch,acc,loss,val_acc,val_loss
0,0.6557144478357497,0.7687023180308508,0.747572815808095,0.6046428953620567
1,0.8028033139783859,0.4904333482317913,0.7644353598188732,0.5609672299805624
2,0.8831574168585172,0.315268856424328,0.7608584564866372,0.6250472883515414
3,0.944274202802641,0.16635533413014636,0.7680122641561954,0.6539551687898475
4,0.9843945068122986,0.06463411176327125,0.7802759324279925,0.7667428451529802
