epoch,acc,loss,val_acc,val_loss
0,0.5112359550426502,0.9893565337769683,0.6745017875684545,0.7700728253862599
1,0.6691635456356879,0.7742277667858235,0.6622381192052857,0.8148205820918388
2,0.7214277605100707,0.6680342454250575,0.7567705663723426,0.6075489793618114
3,0.7453183522425747,0.6213957548324129,0.7511497164601018,0.6261757789489013
4,0.7695494267580905,0.5720915911065343,0.7531936662990217,0.6101619573229116
5,0.7922483256044216,0.5184902310466106,0.716913649148946,0.6859204885480839
