epoch,acc,loss,val_acc,val_loss
0,0.642265350116989,0.7895021115714772,0.7496167603779278,0.6154764581530693
1,0.7654068777934875,0.5801590377742458,0.7465508431881499,0.6121812844434805
2,0.8066053796661466,0.4833190164518957,0.7715891671534028,0.5473195935733232
3,0.8380433549243467,0.4120922185697914,0.7802759326107355,0.5617933316869156
4,0.8627851549132216,0.35770227787389397,0.7680122637297953,0.6144545448636546
5,0.8847463398160492,0.3078079322737119,0.7981604496983161,0.5226762068777225
6,0.895982294838405,0.27474472289789736,0.8007153807456359,0.5431244591699307
7,0.9119282715126573,0.2405297202191847,0.8037812979354138,0.5706861066038534
8,0.9242991714698884,0.20558093959046417,0.7945835463051657,0.628199896735687
