epoch,acc,loss,val_acc,val_loss
0,0.6525366019680394,0.774196932182154,0.7250894225551331,0.6523702356604575
1,0.7835092498149142,0.5489441539782317,0.7838528356384,0.5442133079271994
2,0.8438883214502353,0.4092345659483333,0.7537046504617652,0.6406214053556514
3,0.8968902508363646,0.28603748990544775,0.7823198776374255,0.6066561856620702
4,0.9347406650912733,0.18299878348139031,0.7761880434101555,0.6631588713819419
