epoch,acc,loss,val_acc,val_loss
0,0.5368289634637807,1.053903181427603,0.6862544708551651,0.726160244790644
1,0.6944728178450853,0.73360706163094,0.7659683208351057,0.5944850917184116
2,0.7561003294790417,0.5948040603427824,0.5820132871641452,0.9546357138947559
3,0.8112586536711616,0.47185401318292725,0.7618804307208112,0.591455936888742
4,0.8657927591729524,0.3616331068344601,0.7649463453521884,0.6083827199653271
5,0.9087504254961214,0.2525702432100706,0.7787429749447896,0.5574076951433337
6,0.9480762683212818,0.17380820696740318,0.7899846684950983,0.6496692593754343
7,0.9623765744587686,0.1578512948926827,0.7920286142832171,0.8232619847396105
8,0.9699239585594724,0.12357190110135222,0.7598364833184633,1.027584231624691
