epoch,acc,loss,val_acc,val_loss
0,0.5897741460418636,0.8995690256401164,0.7128257535828214,0.6837458865765594
1,0.741573033748454,0.6150958946716933,0.7077158913358962,0.722001041723991
2,0.8046192259607757,0.4858119963395475,0.8114460905291441,0.47811039376149206
3,0.8522301668030844,0.37728878021943774,0.8063362294091335,0.4939886040997006
4,0.8931449325722471,0.2816719935079964,0.8242207459180283,0.5202356258946897
5,0.9237316988975963,0.2071561629825493,0.6775677060374327,1.2640938666869501
