epoch,acc,loss,val_acc,val_loss
0,0.6486210418524097,0.8211800904823829,0.7342871739112666,0.6278075432070799
1,0.7761888548337754,0.5526911578814567,0.7639243742246438,0.5976942916213704
2,0.8526841448257411,0.37925596809349327,0.7818088914340531,0.6186746443846911
3,0.9126659857335175,0.23980820316649257,0.7577925398755451,0.7774115304710552
4,0.9447281806967665,0.1797278429718838,0.6433316297109601,1.8615112143873742
