epoch,acc,loss,val_acc,val_loss
0,0.6835026389136839,0.7141544958410073,0.7793667006541322,0.5603083465267372
1,0.8131774587241821,0.46528361848592553,0.7808988764653776,0.55926084354048
2,0.8909823506077751,0.2844157421347381,0.7890704801425992,0.5573973301360508
3,0.9423982747925321,0.14969343050344397,0.7870275792232938,0.6637357934868007
4,0.966517223767096,0.09324171456307127,0.7972420838198209,0.7958695280905033
5,0.9763350547642018,0.06626898906251864,0.7962206333601681,0.8406566089215147
