epoch,acc,loss,val_acc,val_loss
0,0.6842015662172733,0.7160002345490057,0.7700562085432853,0.5882494569616654
1,0.8094994892882997,0.4687107496717003,0.7971384773220282,0.5167115363894401
2,0.881908977394301,0.29605451474671685,0.7629024016960702,0.6234501610316363
3,0.9404153898332978,0.16061557489618,0.7915176290849306,0.6831763579215575
4,0.9675973215637298,0.09442412074697151,0.7761880429532982,0.8816599314104372
