epoch,acc,loss,val_acc,val_loss
0,0.6215096481271283,0.881276041884969,0.7172026546589265,0.6760208835828176
1,0.7612372305552887,0.577428571211764,0.7197549773637831,0.7104864188942026
2,0.8231555052296122,0.43840017679330306,0.7401735581811317,0.685432406516024
3,0.874006810564459,0.31941343821948825,0.7069933642958913,0.8759364375598337
