epoch,acc,loss,val_acc,val_loss
0,0.690897741466304,0.7006184493977208,0.7373530911315017,0.6181749066772909
1,0.8377596186720246,0.413619787637417,0.7996934084607193,0.4998596648080774
2,0.9188514356850739,0.21647609829997355,0.7766990293089565,0.6499303075569165
3,0.9592554760891143,0.11200829682508726,0.7920286154101318,0.8014373345587043
4,0.9746907274997163,0.07166846811089839,0.7894736846978407,0.8662731961809255
