epoch,acc,loss,val_acc,val_loss
0,0.6191124730044685,0.9087259519953906,0.7276443535719955,0.6595795221577265
1,0.7488934287092983,0.6106680450205662,0.7664793054547063,0.5701705104822277
2,0.8160254227534662,0.45411516734303875,0.7629024021224703,0.6119153279245783
3,0.8747020769425031,0.3213639837931645,0.6949412361602121,1.0387950931420178
4,0.9069912610253171,0.2449271787330466,0.7572815534894297,0.7717182516564383
