epoch,acc,loss,val_acc,val_loss
0,0.6870956758326616,0.7246454879294837,0.7537046499744506,0.5934167295755266
1,0.8062081489318373,0.4835689424819024,0.7899846704138989,0.5158905003469211
2,0.8742480989401409,0.32009048463808204,0.7843638221768012,0.5754565371502158
3,0.9261150834522782,0.19746373230030148,0.7915176290240163,0.6441675171555402
4,0.9542049710589037,0.12296967136234657,0.7966274910577414,0.7201436197581021
