epoch,acc,loss,val_acc,val_loss
0,0.617410055639362,0.8335920197511014,0.6990291262745065,0.7179440747552461
1,0.727386221775009,0.6474053248240503,0.7695452223399127,0.576235486587579
2,0.7676767676632381,0.5708429071083606,0.7613694430859527,0.5721738391465901
3,0.788900238324911,0.5212721617643143,0.7910066428815582,0.5048473490460161
4,0.8055271819587355,0.4819840635753844,0.7935615738984206,0.5204408109705851
5,0.8189762796774962,0.45115986697763905,0.7690342361365402,0.5571145792061051
6,0.832709113641814,0.41153511436785706,0.7889626980680681,0.5267467700405637
