epoch,acc,loss,val_acc,val_loss
0,0.5078311201974356,1.0714754655512437,0.677056717580231,0.8188588514459578
1,0.6980478944335754,0.7393196000372048,0.7256004078752482,0.65530994304541
2,0.7551923733931396,0.6284346701459979,0.7296882981418285,0.6508443541348925
3,0.8053001929947607,0.5111886285826346,0.6699029151188456,0.8624165603928134
4,0.8478606289827435,0.4126792314604319,0.6908533475078608,0.7722023096569473
5,0.8747588242376152,0.35972186117508587,0.8129790510580621,0.5338229541274194
6,0.9122687547083218,0.25789434566879066,0.778742973817875,0.6635295020175577
7,0.9246964022650809,0.24179630342927183,0.7961165073213982,0.5951797088982198
8,0.9387129727387832,0.2298982593464183,0.7904956564954427,0.776865429091222
