epoch,acc,loss,val_acc,val_loss
0,0.6111678584738712,0.863872201701675,0.579969341101912,0.9806427953495441
1,0.7421405061448612,0.6199031719256578,0.6561062845820728,0.9030265140789288
2,0.8056406764136637,0.48203250126865205,0.7286663262833121,0.6963477941514523
3,0.8627284077736999,0.35710218941133065,0.7700562081473423,0.6003032170453118
4,0.913687436233759,0.23621710809185506,0.7542156360559946,0.7200652797976257
5,0.9448416751787538,0.16502238743936498,0.776188043105584,0.6699392467234655
6,0.9662353875295838,0.10975568730567184,0.7710781807672874,0.8339960412158001
