epoch,acc,loss,val_acc,val_loss
0,0.5928490352278806,0.8638908807454667,0.721796836671688,0.6735674983509466
1,0.7613507380685796,0.5736738729828739,0.7248596233820173,0.6311137769342746
2,0.8137911467086714,0.4667378054845076,0.7376212364499091,0.6126670868436921
3,0.8599318957761792,0.3705059050025247,0.7452782010959081,0.6228816874663765
4,0.906640181327651,0.27320451666088297,0.7447677365731925,0.6462200591915904
5,0.9438706015755721,0.18977604929218228,0.7457886661967189,0.7171587021208466
