epoch,acc,loss,val_acc,val_loss
0,0.6894790602588123,0.7094833416120783,0.7455288707204906,0.616765492307817
1,0.809329247558554,0.47256226133588575,0.7511497189575882,0.6030614862126176
2,0.8831006695972291,0.3037109628477022,0.7695452222789985,0.6327126451106966
3,0.9397344228804902,0.1605709306627255,0.7920286152273889,0.6855356278422388
4,0.9661218930881852,0.09244791998120681,0.7812979049565661,0.858694426528824
