epoch,acc,loss,val_acc,val_loss
0,0.6201906707659981,0.8880256461022917,0.7424629536829984,0.6578126108701216
1,0.7552491204311893,0.5941147270585254,0.7128257539787644,0.6926357858511155
2,0.8210759277836769,0.4454040504072841,0.7721001531740324,0.6044446802376848
3,0.8748723187669561,0.3199360179023052,0.7746550847086665,0.6492213735059018
4,0.9042106458580923,0.24874484942721367,0.7659683193427054,0.7054699092539951
5,0.9248098968214811,0.19955150167296143,0.7588145121909187,0.8474549194593239
