epoch,acc,loss,val_acc,val_loss
0,0.6809875141613599,0.7313119681008693,0.7355793772332823,0.6065649502606888
1,0.7872304199908297,0.5241767730669591,0.7764165390809621,0.5724628775429519
2,0.8295686719636777,0.42225644355734954,0.807554874966618,0.48641673110771566
3,0.8660612939570467,0.34352551207504534,0.7641653905053599,0.5642808978029846
4,0.8921679908923474,0.2840572269698954,0.8019397652167456,0.5089277825591636
5,0.911804767296344,0.23240649025637772,0.8029606942317509,0.5496433852520933
