epoch,acc,loss,val_acc,val_loss
0,0.5518669844174301,0.9119307625822739,0.734798160480125,0.6903676405876463
1,0.7459425717582092,0.6240120024797987,0.7583035258048033,0.5828807071635598
2,0.7886732493135826,0.5374567312585984,0.7915176290240163,0.5078335835440888
3,0.815798433769197,0.4772649175827707,0.8119570771589167,0.4734329206257008
4,0.8370786516583341,0.42320956599088655,0.8063362289218191,0.46850663313892466
5,0.8487118374826472,0.3958013121568444,0.8150229943791517,0.4631395181817063
6,0.8628986494493274,0.3601753416755199,0.8073582013285642,0.4707621216591244
7,0.872602428816028,0.33304067397953746,0.8088911599386817,0.472759152121564
8,0.8857677902757018,0.30295629129481766,0.805314256515074,0.46380618861440986
