epoch,acc,loss,val_acc,val_loss
0,0.6990693451435257,0.694866130854239,0.8083801737657663,0.5046030366731409
1,0.8247644989150374,0.4338552107599642,0.8231987736940262,0.445042633133149
2,0.8788446260288725,0.31157290723778147,0.8042922841692434,0.5190414910299411
3,0.911587787971988,0.23028536102021138,0.8364844149360258,0.46255741255832805
4,0.9304278742278046,0.18387315110862085,0.8242207460550856,0.5237260239734659
