epoch,acc,loss,val_acc,val_loss
0,0.6523096128890631,0.8068411322311624,0.7526826780550201,0.6164244173982647
1,0.8127340822820022,0.4709982943005844,0.7971384771392853,0.5109433490034873
2,0.9218590397824495,0.23129528985755043,0.7930505872077338,0.5744531185698862
3,0.9729883099857841,0.08794133769858371,0.7853857947662891,0.7755362237358678
4,0.9839405288572899,0.05874271406047448,0.7986714360539744,0.8267075670088319
