epoch,acc,loss,val_acc,val_loss
0,0.6988991033664262,0.7136671403800301,0.7879407256004088,0.5308358250342892
1,0.8199977301033249,0.4655977451845948,0.799182422074604,0.5349519596067265
2,0.893939393973218,0.28747727137366347,0.8175779253960143,0.6033578342513034
3,0.9385427306572678,0.18323099068454252,0.7807869187531936,0.9452962510032683
