epoch,acc,loss,val_acc,val_loss
0,0.6574914869195893,0.772438228982802,0.7314956612645394,0.6148249763442035
1,0.7889330306740543,0.5196550849347326,0.7993874428161496,0.4986907744845789
2,0.8437003405356651,0.3962782765151965,0.7743746812943599,0.539058539257663
3,0.8890465379979093,0.2902978481080015,0.8259315979060864,0.42729176834202837
4,0.9122020431057414,0.23071269151774762,0.8147013784367677,0.4910632655169052
5,0.9380249715960932,0.17037619145990907,0.8167432365884825,0.4782605166335444
6,0.949432463096571,0.1393733333445299,0.8182746301870555,0.5227390839440169
