epoch,acc,loss,val_acc,val_loss
0,0.6880036318509157,0.7069820432911367,0.7869187533764067,0.5213803158588536
1,0.8215866530608568,0.4438291293864975,0.8211548290023648,0.4336762079549311
2,0.8860515264806703,0.30266146187634274,0.8201328569001912,0.447573271008493
3,0.9225967540912522,0.2067101676376003,0.8303525800539269,0.4393547803209214
4,0.9417773237795013,0.15673384122400816,0.8461931531808178,0.4343154290591081
