epoch,acc,loss,val_acc,val_loss
0,0.683087400653982,0.7334883662006235,0.7611026036124743,0.5611973816548883
1,0.8098751418977536,0.4691766098192412,0.7473200616208554,0.6029582383560854
2,0.8738365494027717,0.3242199799733048,0.8029606944447333,0.4749977031704599
3,0.9201475595778423,0.209015278212058,0.8060234816418794,0.5396813644080092
4,0.9480136208853576,0.1425287081861063,0.831546707777663,0.5146779069917551
5,0.9620317820658343,0.10306378664294517,0.8478815724437123,0.48888958836161645
