epoch,acc,loss,val_acc,val_loss
0,0.47094540896500675,1.0146128606436378,0.7005620866511388,0.7349155592443264
1,0.7430484619263473,0.6190879354613849,0.7828308640844552,0.5555283968157468
2,0.8149472252625286,0.4599561645757082,0.8012263664312368,0.5028852729634113
3,0.8846895923382875,0.30463077487313456,0.7981604496983161,0.4958951871158764
4,0.9211213255480597,0.2099420406696353,0.8114460904986869,0.4938070672960627
5,0.9435932356401248,0.15539565660256477,0.8022483407872395,0.5530913326590415
6,0.9486437408394555,0.14033672652251603,0.8124680629054319,0.5563245868585398
7,0.9666326186359572,0.09375409872073778,0.8191108835492745,0.5789053529638019
