epoch,acc,loss,val_acc,val_loss
0,0.7018161180206108,0.6813107885378038,0.7850944359367024,0.520687305064698
1,0.8354143019566876,0.4232760215928687,0.8101071975497703,0.47183028452246695
2,0.8965947786470818,0.2743100243989509,0.8044920877998979,0.5459903665761701
3,0.9398410896572975,0.16807609907141066,0.8009188361408882,0.5853520114420623
4,0.9644154370034053,0.10338125567963594,0.7876467585502808,0.740605110043114
