epoch,acc,loss,val_acc,val_loss
0,0.6964812712961646,0.7007041355131974,0.7978560492784287,0.5134752296622521
1,0.831668558483362,0.42687662000282667,0.8192955592324869,0.4348618558561881
2,0.8874574347061954,0.2929416002128506,0.8111281268690361,0.4909270557899631
3,0.9219069239365256,0.2051471487753237,0.8356304239289623,0.42031043326751255
4,0.9494892167855608,0.14036057040382866,0.8106176623767465,0.5626558069674077
5,0.9567536889897843,0.11174850287624169,0.8249106688910811,0.5244237203692952
6,0.9658342792281498,0.09324487356488063,0.8284839206109429,0.591194018713974
