epoch,acc,loss,val_acc,val_loss
0,0.6643586833144154,0.7617288665522511,0.7728432874219523,0.562300530257062
1,0.8015891033052451,0.5117878542991015,0.7871362940579911,0.515266070230814
2,0.8601589103291714,0.3757410406491272,0.7901990811942852,0.5260241433727065
3,0.9000567536619275,0.2793363611083837,0.80142930069403,0.5798132393724034
4,0.9225879682179342,0.2160685120592323,0.8009188362017403,0.6417464683894419
