epoch,acc,loss,val_acc,val_loss
0,0.6950970377869022,0.698437039098679,0.7588145120386329,0.6562749366706649
1,0.8406537283077073,0.4074053131766899,0.7940725600713361,0.5565870855313878
2,0.9035296788444017,0.2644518021151259,0.8063362289827334,0.6079631010427363
3,0.9407558733536726,0.17738225642431474,0.8272866632753205,0.48765643275265314
4,0.9585745091430717,0.13510687439752658,0.7174246295959169,1.7853208788207555
5,0.9683350357304716,0.11196085303954081,0.8134900357994914,0.8299066295536063
6,0.9739530132585615,0.09804161947886263,0.7511497189728167,1.4678285025673128
