epoch,acc,loss,val_acc,val_loss
0,0.6578708433317497,0.7421232492506213,0.7721001531740324,0.5691777143968144
1,0.8201112244635459,0.45079963017289315,0.8201328559864768,0.4692495997365056
2,0.8982521847081555,0.2709527601449988,0.8247317323346008,0.4871637735156058
3,0.9691862445956745,0.09339136569498076,0.8247317323346008,0.6186751723594062
4,0.9792872545140351,0.058469408389716586,0.805314256697817,0.6854171673131951
