epoch,acc,loss,val_acc,val_loss
0,0.4989216798821318,0.970649364384295,0.5273098524521053,0.9323305752947965
1,0.6543132803496925,0.7718417414336145,0.7672281779459145,0.605284846029822
2,0.8035754824334187,0.5203666243596461,0.794282797619419,0.5519045229892818
3,0.8656072644586595,0.3726764128711519,0.8055130171495898,0.5205575266378518
4,0.9114074914734155,0.2540692701715887,0.7953037267257025,0.5768167836864485
5,0.9402383654937571,0.17736707544133964,0.7998979073388653,0.7135971121912164
6,0.9554483541294881,0.13552497714825576,0.7932618686348397,0.7666018238598258
