epoch,acc,loss,val_acc,val_loss
0,0.6598751418842225,0.8018903414994715,0.760081674567043,0.5595251085990665
1,0.8330306468973365,0.4287134946542755,0.7978560492175766,0.4953771624837742
2,0.9356413166991157,0.1817411897604636,0.7718223586807815,0.6581888282524194
3,0.9774120317144102,0.07910358790777598,0.7774374683698019,0.7891162694139466
4,0.9866628830874007,0.04839888376381489,0.7748851457866496,0.943052995016284
