epoch,acc,loss,val_acc,val_loss
0,0.6807399841175354,0.728008704611127,0.7204905468161519,0.6489185441435754
1,0.789183974543409,0.5161845632503744,0.7761880429532982,0.5617554674175362
2,0.8309499489545362,0.41970784835168173,0.7792539601735333,0.5513224993424569
3,0.8670979457293367,0.3440770079763235,0.8048032703421587,0.5147561363620787
4,0.892463965511203,0.28085133454143735,0.7751660705313247,0.5892561932699255
5,0.913176710963344,0.2256418030153892,0.7996934083084336,0.5760413077514758
6,0.9248666439407084,0.19449145430848028,0.7858967808173759,0.6450536263860118
