epoch,acc,loss,val_acc,val_loss
0,0.5467029845534626,0.9787031229136819,0.7128257527909354,0.7163709789803885
1,0.730564067419481,0.668326951293612,0.7848748106949173,0.5574674655968399
2,0.7996254684962691,0.5150199361968265,0.7981604500333448,0.530300819423044
3,0.8560889797859573,0.3943203691354662,0.7976494648046011,0.5421979396880495
4,0.9046646238469249,0.2747433166906547,0.7945835466097372,0.5728963086601417
5,0.9305413690818559,0.22373614824429744,0.8283086350576939,0.48692437706398123
6,0.9575530584398863,0.15359293078810685,0.7378640764211597,1.2209292630121058
7,0.9552264216673819,0.16980870792836936,0.82115482723585,0.6279897787282219
8,0.9642492336347985,0.1623685411130539,0.8252427163755157,0.6073035955368162
