epoch,acc,loss,val_acc,val_loss
0,0.6157207718501703,0.8285356901695996,0.7243491580377981,0.6702142653263242
1,0.7628263337387535,0.5834787917055959,0.770801429544072,0.5681954960758556
2,0.8030646992325107,0.484475214317627,0.7687595714227833,0.5745336028189608
3,0.8328036322090331,0.4170029026628488,0.805002552566022,0.4827729338678308
4,0.860329171423203,0.35822102605417017,0.8111281267473319,0.4758528677585966
5,0.8780363223880158,0.30956098371683266,0.7759060747103766,0.564366396043056
6,0.8918274688125333,0.2771205570180895,0.8060234815201752,0.5181893322192752
7,0.9047673099022041,0.24658419321397917,0.7718223586807815,0.6292922215963153
