epoch,acc,loss,val_acc,val_loss
0,0.6209068725425846,0.8297941948328256,0.7282941771844312,0.6718806115429053
1,0.750978945650718,0.6019575838894912,0.7599591421642634,0.5832503927496773
2,0.816241984070785,0.4664558211937576,0.7216547491966887,0.6697091831615436
3,0.8723114466066427,0.3307039763121591,0.7844739531959284,0.5597521183561378
4,0.9207195959569621,0.2204290812184054,0.7640449440028743,0.7779706350020661
5,0.952670109541934,0.15265644527284655,0.7921348320086229,0.7292275142012139
6,0.9661767209647131,0.11724229526307686,0.8140960164649738,0.731388729548917
