epoch,acc,loss,val_acc,val_loss
0,0.6696742708384551,0.7273779620635579,0.7843638220549726,0.530611946501169
1,0.8352059924484802,0.41831530969335845,0.806336229317762,0.4960473970027986
2,0.9316195665254399,0.18741018590016853,0.8252427188425449,0.5185198893215685
3,0.9779820678155899,0.06588860086300982,0.8124680637582322,0.669913853713305
4,0.9753716946013492,0.0699861521936548,0.8078691871055366,0.7841699192520302
