epoch,acc,loss,val_acc,val_loss
0,0.675405742794414,0.7433673962062827,0.718446602429062,0.6875555578031038
1,0.7980365452613805,0.49889180772814057,0.7603474711056077,0.5786409968615919
2,0.8525139030554064,0.37142710106291116,0.8201328568088199,0.46697259526442797
3,0.8897400975782069,0.2854686363433928,0.7424629534697983,0.7933440688135189
4,0.9182272159529657,0.21169456180331792,0.7853857949794892,0.6461698076039111
5,0.9363863352627397,0.16862287932306938,0.7961165052503119,0.5704235023665196
