epoch,acc,loss,val_acc,val_loss
0,0.6024404087212787,0.89553084956666,0.7269014790083694,0.6381507728281163
1,0.7506810440107858,0.6155855909649549,0.7805002570882508,0.5285060661310076
2,0.8115777527974765,0.48309578904364087,0.7728432880913256,0.5610012413744662
3,0.8747446083724837,0.3397435648284354,0.6809596722377935,1.0128933843634091
4,0.9282065837797323,0.2355614773971404,0.7850944372145968,0.6309694174663822
