epoch,acc,loss,val_acc,val_loss
0,0.6491317672040023,0.7623563287017592,0.7705671943507149,0.5573177612369987
1,0.8035977755484767,0.48540590397549355,0.7991824219527753,0.4892557847237916
2,0.864941550328044,0.35214938110558947,0.8119570773416596,0.470726933278901
3,0.9162978094479998,0.22841406293021416,0.8094021466293686,0.5181395284180502
4,0.9458631257669378,0.14973298175531652,0.8063362285867904,0.647236525677392
5,0.9631710361506257,0.10669343222548669,0.8114460913514872,0.6591690282585307
