epoch,acc,loss,val_acc,val_loss
0,0.6648507547248655,0.7841727582824689,0.7082268780570403,0.6971199142731874
1,0.8180683235712997,0.461816395408733,0.756770566859657,0.5778572595296128
2,0.920440358534369,0.2220603431607873,0.77976494601142,0.581810854683741
3,0.9719101123595506,0.09380789883768785,0.7751660701810674,0.7869213223457336
4,0.9865509022541802,0.056734759942324554,0.777210015512329,0.8900455424660131
