epoch,acc,loss,val_acc,val_loss
0,0.6003972757958662,0.833102179689927,0.7631444617641892,0.5540995181610902
1,0.7998864927573318,0.4996267289498337,0.7825421135056804,0.5405449193007122
2,0.8691259930813082,0.3471474350242961,0.8223583463079288,0.47137888482543144
3,0.9164585696987884,0.23055641800672594,0.8274629915350855,0.4591351419976319
4,0.9565834280175329,0.12869729262678362,0.8213374172624974,0.5484830901110398
5,0.9714528943028271,0.08291705845687095,0.8090862687781735,0.7658597942272457
6,0.981271282714558,0.05624677061645587,0.8131699849294728,0.6742986352118745
