epoch,acc,loss,val_acc,val_loss
0,0.6874751717242877,0.7090108801971384,0.7870275789188779,0.535413971655946
1,0.8492140060595234,0.3954528082828301,0.837078652233342,0.4245678377589848
2,0.9274729016615864,0.20426291253302087,0.8329928496032497,0.4643176744736739
3,0.9748595426047567,0.07827371230248419,0.8197139939930637,0.5846211726380564
4,0.9885364054354925,0.037501096237525046,0.8340143004282016,0.6423261459684713
