epoch,acc,loss,val_acc,val_loss
0,0.6840313244739978,0.7347058381379199,0.7715891671229457,0.5647530309022173
1,0.805640676400134,0.4966586712147859,0.7557485947879408,0.6228308108733757
2,0.8767449778956325,0.3341989702364465,0.7128257537655642,0.7527338262717822
3,0.9221995233501781,0.22528259568284228,0.7685232498722534,0.7148591392827266
