epoch,acc,loss,val_acc,val_loss
0,0.6959482465371034,0.7005302070313097,0.7409299949510523,0.6333364301880343
1,0.8279990920508007,0.44656160032758646,0.8002043944813491,0.4945827857931475
2,0.8936556577141311,0.28659368290078313,0.8027593254982115,0.6218528382986495
3,0.9336057201563981,0.18798394761146664,0.8211548288196219,0.5445141380535715
4,0.9553966632618318,0.14046036597751838,0.8277976494634645,0.6457489664091952
