epoch,acc,loss,val_acc,val_loss
0,0.42389330276701426,1.0537755187740392,0.5931597697667895,0.9010787699038791
1,0.6626560729965314,0.7791398083581828,0.7212863669156907,0.6368843109830415
2,0.7446083996812818,0.6322009974115959,0.7427258826506996,0.6012371308709846
3,0.7786606129939656,0.5648688690548722,0.7662072540729128,0.5647887376998991
4,0.8005675369440224,0.51560903311317,0.7636549212057533,0.5484112671378195
5,0.8303064696228599,0.4568082032964124,0.7728432865395967,0.5285108226060016
6,0.8517026107644114,0.40317868523375805,0.7611026012088158,0.5762038578970083
7,0.8741203180236253,0.3572064050954262,0.7784584026180889,0.5754929309051946
8,0.8956867194879339,0.30098077286115166,0.7973455783966672,0.5637075162895362
