epoch,acc,loss,val_acc,val_loss
0,0.5910329169231159,0.927711473041712,0.7136294025739521,0.6687066729060237
1,0.7342224743255286,0.6421501383743546,0.7626339974848819,0.579853630814399
2,0.810385925233973,0.48711925326898337,0.67738642392565,0.8335098502829466
3,0.8707150966842383,0.35141167565588244,0.7937723335226681,0.5247933482442235
4,0.9230419979463506,0.2242032772075981,0.8136804480221638,0.5426987414611975
5,0.9463677640805586,0.1773520641037338,0.8141909119667844,0.4789319852288126
6,0.9793416570724072,0.10098661478613075,0.8213374165931242,0.6967206461019453
7,0.9696367763363408,0.19243286007108265,0.6406329762515759,1.2539328312983373
8,0.981157774984769,0.1173549252229232,0.7269014822031054,0.9461966237284323
