epoch,acc,loss,val_acc,val_loss
0,0.570828603872782,0.8940245750543072,0.7299642677572444,0.6679028584495864
1,0.7715664017890558,0.5837767865140917,0.7805002555060959,0.561579077979507
2,0.835584563023657,0.436452151542354,0.797345584786139,0.5024086741417753
3,0.8976730987649499,0.28448185713688984,0.7901990814072676,0.6074183063886798
4,0.9299659478136684,0.20191081897625182,0.7907095459908353,0.660117636139506
5,0.9545970487811103,0.1436690397619795,0.7978560492480027,0.7359524323904982
