epoch,acc,loss,val_acc,val_loss
0,0.6805334847306285,0.7206246492270038,0.7733537521576505,0.5486919690054737
1,0.8291146425870707,0.4305073613476401,0.7922409394372781,0.48730778850847023
2,0.9316685584833619,0.19107310926873622,0.7942827975281408,0.6745469545514806
3,0.9694097617292242,0.08807147804237521,0.805002552566022,0.7122733257539787
4,0.9849035187287174,0.04459935015280996,0.8157223073909209,0.7974159792864305
