epoch,acc,loss,val_acc,val_loss
0,0.5411985019064832,0.9597171998946705,0.6591722045129943,0.8023333927168186
1,0.7378277153896292,0.6525868172610934,0.7787429718686173,0.5528246509705993
2,0.8003064350228942,0.5196118931631781,0.7664793054242492,0.5830596135353396
3,0.8516059469153859,0.3855050631047594,0.8063362270030185,0.5010509777720875
4,0.9034729316237023,0.28518295823519785,0.8170669367865269,0.4950672401021071
5,0.9368970606819805,0.20109191337172688,0.7613694409539521,0.8127951515104677
6,0.9505163996028326,0.19583251117482897,0.7925396022835616,0.5956794464228771
7,0.9670298487073162,0.13965426925402766,0.6612161483518555,1.9425725911305642
