epoch,acc,loss,val_acc,val_loss
0,0.5309839972896617,0.9391944027085023,0.7066939187159511,0.691315712920244
1,0.752298263520689,0.6292341184283261,0.7669902912316787,0.5427888884919605
2,0.824991487885777,0.4714955266955329,0.8002043941463204,0.4988613200236415
3,0.88151174671411,0.3295158600326213,0.8170669393753847,0.4830310462869791
4,0.9246964022041977,0.21836278986618313,0.8134900362563486,0.5389710460381661
5,0.9512541142092865,0.14656158510712675,0.804803270799016,0.7278598083728542
6,0.9572693224378618,0.13324120286702026,0.7925396010957327,0.9998039027897753
