epoch,acc,loss,val_acc,val_loss
0,0.6458002269335692,0.8137947995194512,0.7580398165066063,0.5840331194594297
1,0.8135641316956207,0.46961450387346354,0.7881572232859788,0.54472398287852
2,0.9211691260067207,0.22184778237451083,0.7769270038166601,0.6569942325703522
3,0.9720771849493705,0.08840803176452164,0.7631444617033369,0.8711075060765557
4,0.9851305334846765,0.05282249216975541,0.7682491069609197,0.980678912174221
