epoch,acc,loss,val_acc,val_loss
0,0.5346197503108308,0.9194053444770354,0.6258295053666559,0.7653922990245926
1,0.7681044267877412,0.5873846290871991,0.8004083718920071,0.4885462668856046
2,0.8791713961678114,0.3269484102015598,0.8192955591716348,0.4860337814425497
3,0.9391600453758889,0.17160049413714587,0.8080653397327421,0.6133112479619313
4,0.9669693530350078,0.10544750737142616,0.8075548751491743,0.5127751887787843
5,0.9771850170261067,0.07155031233129518,0.7856049007028265,1.0103445592250309
