epoch,acc,loss,val_acc,val_loss
0,0.6952894437867856,0.70390446249662,0.798366513588162,0.4873103075121178
1,0.8314415436868093,0.44295057276185607,0.8295048494433919,0.4372344769313057
2,0.8948921680179817,0.2841145233588376,0.7835630423685553,0.7121663172826772
3,0.9362088536025447,0.18253826305743784,0.8131699847469165,0.6186058820511018
4,0.9577185016890796,0.1312459878311635,0.8116385911483434,0.7475846586573057
