epoch,acc,loss,val_acc,val_loss
0,0.6826693906022071,0.7119555340128743,0.7623914159190978,0.5683248686924478
1,0.8292475316164889,0.4322060943461617,0.8165559531720122,0.45885402510893486
2,0.9139144251165562,0.23172474871116333,0.8124680637582322,0.47106872763204893
3,0.9671433434666603,0.09304876027360513,0.8094021465379971,0.6439988539422357
4,0.9830893201409127,0.05268831880647537,0.830352580267127,0.6503094336818418
