epoch,acc,loss,val_acc,val_loss
0,0.6614834572402135,0.7716251284240911,0.7497446373242036,0.6081690596486988
1,0.8002383519765515,0.5153314533856581,0.7900919304804855,0.5194640981530023
2,0.8568185687701052,0.37855802339157446,0.7737487231260423,0.5576995813627409
3,0.9025594461221956,0.27314968550998786,0.8049029622672161,0.5495476662442925
4,0.9245786277872095,0.2169833336130971,0.7849846783039884,0.6761772788459848
