epoch,acc,loss,val_acc,val_loss
0,0.5906253546364745,0.8893630195050948,0.6913643331782332,0.7799565713199719
1,0.7793667006947209,0.5854532549606118,0.7623914154317833,0.581265058317048
2,0.8277153557984787,0.4997066683537058,0.7904956566477285,0.5723341518844581
3,0.8523436613188958,0.4641463640206735,0.7128257537655642,0.8440508822671113
4,0.8745318352059925,0.42442603929165124,0.8037812979354138,0.5995267437743361
5,0.8869594824651005,0.43982314836644393,0.7961165048848261,0.9167543491600848
