epoch,acc,loss,val_acc,val_loss
0,0.5703178206448116,0.895633119676224,0.7238386932412479,0.6909976456468357
1,0.7454029512188898,0.6234320532856139,0.7713118938538054,0.5678433567787567
2,0.7864358683179105,0.538955445721255,0.7978560490350203,0.5229887467613629
3,0.8095346197367527,0.48548797106837577,0.7901990812247113,0.5195104838512941
4,0.8293416571806562,0.43607134633654226,0.796835120020015,0.4920594774684838
5,0.8460272417977773,0.39789021433279276,0.8009188361713143,0.4935102808864948
6,0.8583427922679672,0.36832855516340623,0.7983665135577359,0.508442096073692
7,0.8715096481541905,0.34473163133041,0.779479326217256,0.5422416535672514
