epoch,acc,loss,val_acc,val_loss
0,0.5060726443971597,0.9885740766189697,0.6743236366372257,0.778858484967501
1,0.7271850172020115,0.6537140625965582,0.7422154146898395,0.6129288084048163
2,0.7911464247476229,0.5294020406910294,0.764675856884065,0.5723173724047197
3,0.8258796819222501,0.45205825045620274,0.7682491079649796,0.5557500038936833
4,0.8466515320519178,0.4047371627862283,0.7565084213258784,0.5810220881102339
5,0.8757661744630837,0.34151423992282554,0.7820316481918872,0.5495581995047374
6,0.8954597046372569,0.29317794396170965,0.7805002540456452,0.5809209266750711
7,0.9185017028677612,0.23789041700617544,0.7815211836691716,0.5853259494226766
8,0.9354710554697727,0.1967951424411423,0.7820316463054717,0.6350238674632623
