epoch,acc,loss,val_acc,val_loss
0,0.7027410476373209,0.6957200503255945,0.7599591419207307,0.5875081787679242
1,0.8291810907609116,0.4386837849565048,0.8243105210006176,0.4400440234085878
2,0.9025026956472391,0.26276256202354203,0.835035750826971,0.5737041590527933
3,0.9355882186095686,0.18693333813304033,0.8125638405928451,0.630917569011663
4,0.9569263946427558,0.136050800871571,0.8360572012866238,0.6897982881310281
