epoch,acc,loss,val_acc,val_loss
0,0.5364317331759482,0.9808958609871826,0.738375062776818,0.6416527795499237
1,0.7343661329719458,0.6533364242964037,0.7756770586991834,0.58998485347356
2,0.7996822152366677,0.5193559384693719,0.7991824216177467,0.5099054050646574
3,0.8534218591413085,0.3988392854701538,0.7388860484928761,0.7312134539343961
4,0.911644535470044,0.27189018236306833,0.7353091470185262,0.8826564822991283
5,0.941323345709491,0.2272043193192315,0.7164026589556866,1.2638202259963303
