epoch,acc,loss,val_acc,val_loss
0,0.7142208602815112,0.6609638633001217,0.782830863627598,0.5294574653548005
1,0.8489388265007404,0.3830680674158232,0.8129790495961189,0.4659391238668712
2,0.9082964476222903,0.24169504705822004,0.8226877874601966,0.4754979148408133
3,0.9429690159824294,0.15800915825395387,0.8226877874601966,0.529669726312191
4,0.9555101577708783,0.11928037817260895,0.8155339806129814,0.6187972825783884
