epoch,acc,loss,val_acc,val_loss
0,0.6756327318530959,0.7707682540854806,0.7470618289955794,0.6228161021404627
1,0.8247644989691559,0.4426398048767802,0.7470618289042079,0.7091689314474302
2,0.9370673021478991,0.18351142051446967,0.7123147676840204,0.8733448769647855
3,0.9778118260993737,0.08071578692400878,0.7797649459200485,0.8440432482735503
