epoch,acc,loss,val_acc,val_loss
0,0.674177071604366,0.7414321343013837,0.7672281779459145,0.5637800479921046
1,0.82196367767964,0.45125138288729577,0.8080653397023161,0.48260333907427744
2,0.9034619749065966,0.2734560859054496,0.8009188363842966,0.5018238727081302
3,0.9502837685261357,0.15617639824291363,0.818785094588067,0.49653776027281227
4,0.9771282632018056,0.08251187778189017,0.8218478817547871,0.5191143921226066
