epoch,acc,loss,val_acc,val_loss
0,0.6676313698920905,0.7868410221781637,0.7792539606303905,0.5468368425196266
1,0.8331630917118242,0.43374297924229,0.7271333670640515,0.6676281670191243
2,0.9370673021276048,0.18822790777699494,0.7879407256917802,0.5758766535903704
3,0.977357848144365,0.07594124333504489,0.7843638220549726,0.7321215850026497
