epoch,acc,loss,val_acc,val_loss
0,0.578935421726758,0.8818507539117909,0.7072049059548668,0.6901778202916995
1,0.7327204631793081,0.6445580175185147,0.7266223808606791,0.6537391978011914
2,0.7658041084060305,0.5723869800635275,0.7317322435035472,0.6488489497968842
3,0.7888434911042117,0.520839456152989,0.7736331120887214,0.5558184808349512
4,0.810861423078913,0.4798359569099133,0.7710781805540873,0.5525064137314556
5,0.8283395755982348,0.4392295504601288,0.7812979054438806,0.5338624708190766
6,0.8461582112117491,0.39331874027450814,0.7797649463159915,0.5557825993870251
7,0.8613664735839635,0.36182433114786744,0.7634133878080712,0.6097813444778392
8,0.8789013733036901,0.3197219068394415,0.7690342357405973,0.613649123075609
