epoch,acc,loss,val_acc,val_loss
0,0.6569807038810548,0.7857280859882255,0.7534456358325914,0.5648930790230837
1,0.8274120317550036,0.445202427216204,0.7488514551281503,0.6119613269265055
2,0.9363791147236386,0.18554533736930398,0.78968861697583,0.5902565721348271
3,0.9783768444948922,0.0831729834702682,0.7876467587632632,0.7351766416708871
