epoch,acc,loss,val_acc,val_loss
0,0.656242905761814,0.7701952152436221,0.7360898419385543,0.6149790203650427
1,0.7889897843630441,0.5176893381945256,0.7764165392939444,0.5706206051563353
2,0.849489216799092,0.3855534828412817,0.8106176622854684,0.47957855857045384
3,0.8875141884222475,0.28406814205524733,0.7799897909225281,0.6166420332049155
4,0.9214528944381385,0.206791595126017,0.7958141911571399,0.6113402383129106
5,0.9335981839090146,0.18025276362557688,0.7850944361801109,0.6565875573204512
