epoch,acc,loss,val_acc,val_loss
0,0.7066734763702217,0.674991815906826,0.7869187531936638,0.5170906255546125
1,0.8463852002907254,0.3909630188165627,0.826264690853347,0.4204272259146691
2,0.9026784701077301,0.25676131597030394,0.8308635666836995,0.4453328650065935
3,0.9405288843491091,0.15876169348624558,0.8395503321410321,0.45288068125777303
4,0.9579502893906692,0.11140554005178877,0.8334184977005621,0.504082851218489
