epoch,acc,loss,val_acc,val_loss
0,0.6213256156738142,0.8246136215309214,0.6898313746138014,0.7056011036152613
1,0.7614345703962753,0.5839660373885168,0.7991824219527753,0.498769778284298
2,0.807343093887007,0.47884595620755294,0.8007153803496928,0.48856950835665086
3,0.8430371126932692,0.4052850887908282,0.7828308632316551,0.5336195362972617
4,0.8650550448032666,0.34132089594979653,0.7761880428010125,0.5759164184164379
5,0.8858245375437548,0.2914651670158011,0.8124680630272606,0.47254953904607555
6,0.9007490636636472,0.2575283973864537,0.8180889111729867,0.4853108562433908
7,0.9159005788016328,0.22336509374616473,0.8242207465271714,0.49155798881834845
8,0.9244694132334582,0.20235813835356944,0.8226877879170538,0.5034515565917025
