epoch,acc,loss,val_acc,val_loss
0,0.5886492621073252,0.8516209455813777,0.7432363443133659,0.6054446883442574
1,0.7788308743180266,0.5440300198608035,0.7626339961765615,0.5581421227464876
2,0.8296821790845657,0.43770399260737436,0.7912200120652799,0.5243572181679267
3,0.8719069236117785,0.33962795415070757,0.7968351186204163,0.5317862816097908
4,0.9180476733558429,0.23598170118082937,0.7922409398023909,0.5729676260213088
5,0.9576617478647784,0.137536395874792,0.7942827954287429,0.6165310741992189
