epoch,acc,loss,val_acc,val_loss
0,0.503802065596436,0.9537444872071965,0.7072049054675523,0.7612993859123928
1,0.7231869254273516,0.6712336593461137,0.7680122637297953,0.563822632945796
2,0.7902621723117034,0.5443685668549274,0.7956055187119108,0.5160401418736594
3,0.819487004859969,0.478621715602181,0.7991824221050612,0.49595181757415746
4,0.852003177859404,0.40766617270498784,0.7976494634949436,0.49955845476110555
5,0.8638066054066983,0.37236007924599973,0.7920286152273889,0.5174922647833154
6,0.8731131540052656,0.3402173962330334,0.7996934082779765,0.5143091881540154
