epoch,acc,loss,val_acc,val_loss
0,0.6873794121932204,0.7162770453720841,0.7736331115709498,0.5587281437022502
1,0.8328793552362639,0.42656587577207095,0.8129790500529761,0.4866624094115634
2,0.9221427759400643,0.22078323790440155,0.8191108838843032,0.49436429156657685
3,0.9684485301921647,0.0998353622629672,0.7879407260877233,0.6363082875325842
4,0.9806491884331795,0.06284210466050544,0.807869187410108,0.6580476283600699
