epoch,acc,loss,val_acc,val_loss
0,0.6221200771694921,0.8264689223271955,0.7537046500049078,0.6285997126318084
1,0.7511633185587545,0.608151071560855,0.7772100153905004,0.5568703869562339
2,0.782941777350859,0.5378088889754112,0.7848748083954024,0.5227063005532181
3,0.808988764038179,0.4843110128883714,0.7950945325085382,0.5117994650444573
4,0.8256724548927028,0.44975061609963934,0.7930505876950482,0.5129594911893046
5,0.8356599704779015,0.41963764157553374,0.8042922841692434,0.5129555590188071
6,0.8463852003516086,0.39578933711287895,0.7920286152426175,0.5274856225775405
