epoch,acc,loss,val_acc,val_loss
0,0.4152667423111897,1.0692262866034274,0.5181214906020454,0.9044156217222131
1,0.6963677639181849,0.7134585563630441,0.7702909649909303,0.5695275603325285
2,0.8364358683585038,0.4237822692862434,0.7748851458475017,0.5559931496322733
3,0.91288308738715,0.235094838130217,0.8050025525051699,0.562166721495881
4,0.9635073779795686,0.10965038169424866,0.8055130171191638,0.6419315158316772
5,0.9719636776390466,0.08670256981958088,0.7993874427857236,0.8537951312909752
