epoch,acc,loss,val_acc,val_loss
0,0.6959704880952564,0.6916513208498614,0.7774374681263934,0.515728403652974
1,0.8269580022701476,0.4317794153625389,0.7932618683305792,0.4755424998164359
2,0.875993189530259,0.3135774462941556,0.804492087830324,0.49546721887990125
3,0.9120317820523032,0.22912083156364593,0.8131699847469165,0.49910092075422385
4,0.9296821793416572,0.18451765001361406,0.812149055640633,0.556453008678204
