epoch,acc,loss,val_acc,val_loss
0,0.7162883087671303,0.6636623559555591,0.7789688616945404,0.5264089226783569
1,0.8471055618344587,0.38837132727247364,0.8141909137314957,0.44891562373313204
2,0.9030646992325106,0.2525577118191086,0.8034711587848926,0.48321489427636144
3,0.940749148681134,0.15889103845117042,0.8162327718223583,0.5513230742636598
4,0.9585130533484677,0.11286950701431167,0.809086268504339,0.5715075283405914
