epoch,acc,loss,val_acc,val_loss
0,0.6733257663101127,0.7155703009595665,0.7953037266039982,0.5010748201940302
1,0.8446083995865639,0.40014674552588403,0.7983665137402922,0.5176170513360947
2,0.9208853575753029,0.21343612528483252,0.8233792753533601,0.46799887954854064
3,0.9709988648585646,0.08944553498445115,0.8254211334746488,0.5518882605054659
4,0.9892167990242853,0.03509573464268115,0.8330781012849579,0.6812136494547448
5,0.9897275822928491,0.031045714409326318,0.7947932620812825,0.7963817945361563
