epoch,acc,loss,val_acc,val_loss
0,0.5401203041381888,0.9077487976092944,0.7250894222505615,0.652403046448863
1,0.7959368970943166,0.5188098422698436,0.7807869189359365,0.5194699896435745
2,0.8928611962116884,0.29372643228083756,0.8007153802583215,0.5384232985711427
3,0.946317103634004,0.16061855682976575,0.8053142563932455,0.6787454989349958
4,0.9618658494995341,0.11536933832109861,0.8140010223683497,0.7038171955926357
