epoch,acc,loss,val_acc,val_loss
0,0.6458569807714014,0.7603555365669605,0.7672281779154884,0.5409152072385113
1,0.815891032957733,0.4685542420415413,0.8055130170583117,0.45680274182646297
2,0.89648127124204,0.2737145647829426,0.8187850947097712,0.44430444281949505
3,0.9627695799685769,0.10649566918645355,0.8412455336484086,0.4765999612606199
4,0.9813280362682364,0.05872957201740122,0.8039816235510168,0.6017906155557033
5,0.9889330305793363,0.03597825920964072,0.8295048497780785,0.5855418945709743
