epoch,acc,loss,val_acc,val_loss
0,0.6272840767087494,0.8115432679470518,0.7056719468269776,0.6885125103140584
1,0.7648394052617843,0.5723061206128105,0.7777210020202731,0.5562750064236325
2,0.8101237089933487,0.47654801330789914,0.7915176289021878,0.5200557284167547
3,0.8448530246621295,0.3969097958494837,0.8037812980876995,0.5103995481741082
4,0.8700488026060131,0.33409378966548064,0.805314256088674,0.5003982639824425
5,0.8893428668844864,0.2824441245642359,0.776188042892384,0.5726513236410836
6,0.9037566677813172,0.24780172661780608,0.8185998976809307,0.5298813648776979
7,0.9112473045057314,0.229929272271883,0.8206438424944208,0.5501316064587038
