epoch,acc,loss,val_acc,val_loss
0,0.5728634662098355,0.8871528696166903,0.6739908022178821,0.7288502082266732
1,0.7353875838239569,0.6379609001730022,0.716402657615572,0.7021907189090945
2,0.7673930312959145,0.5703328700683103,0.744506898191917,0.6106668177708473
3,0.7992282375251918,0.5095395731974671,0.7956055182245964,0.5288843457407651
4,0.8172738622379768,0.4616893073673917,0.803270311884327,0.49088483689449003
5,0.835659970430548,0.4175665005559535,0.7593254983942912,0.6563899429038159
6,0.8563159687228729,0.37020624794709456,0.7307102713100022,0.7832458581191031
7,0.8667007150626753,0.3459984219388136,0.8007153805628929,0.5060574997123188
