epoch,acc,loss,val_acc,val_loss
0,0.6741573033843161,0.7482725109973921,0.7531936638015353,0.587179921038247
1,0.8063783906412888,0.49688771051156944,0.7276443536176813,0.734741007605559
2,0.8741346044852127,0.33411243294102827,0.8063362289522763,0.5132473972785455
3,0.9238451934878205,0.21894124735769546,0.784874808441088,0.7583084876402093
4,0.9483032573258453,0.15622370395923146,0.7874297393970363,0.9420634249856293
5,0.9639087504256043,0.12059587492160317,0.8099131323758838,0.8826513220353825
