epoch,acc,loss,val_acc,val_loss
0,0.6902167745134966,0.6978175747125323,0.7823198773937683,0.5542829492503913
1,0.8302122347201464,0.4326990060943735,0.7956055186814536,0.4930990040759134
2,0.8886051526298021,0.2946031518528267,0.8042922841387862,0.5319072577986232
3,0.9371807967313586,0.1782124037978571,0.8078691875319366,0.5833596733756131
4,0.963511519691295,0.10633495299756737,0.7756770567803829,0.748318429802167
