epoch,acc,loss,val_acc,val_loss
0,0.6338819523269013,0.8102756741368946,0.7559979583548916,0.606878067368205
1,0.754710556172621,0.5860252039251208,0.8004083718007289,0.5111210136890655
2,0.8044835414437241,0.48771465726526586,0.8009188362930185,0.48537660767802054
3,0.8317253121588206,0.41566655551264153,0.7565084228471811,0.6410564395649936
4,0.8599318956002745,0.3565560803172537,0.784583971566117,0.5123879474270642
5,0.8838251986108492,0.3006893223923262,0.8182746300957774,0.4514100830764293
6,0.9001135074050418,0.2599886691597344,0.7743746811726557,0.5771261086386037
7,0.9100454029241296,0.23361349679555038,0.7896886167932737,0.5889060363713547
8,0.9198637911328934,0.21338457722601636,0.817253701050346,0.4841826747971691
