epoch,acc,loss,val_acc,val_loss
0,0.6274543184520248,0.808419299171672,0.6596831889193948,0.770100254304688
1,0.7622857791464765,0.5792488617112859,0.7588145116731471,0.5628012281080625
2,0.8115423902008404,0.4732273806441643,0.8022483388684389,0.4892632812946867
3,0.8426398819792542,0.4001871368837957,0.8206438424944208,0.43629454105985854
4,0.8719214618023374,0.3383162585009431,0.8283086355450084,0.42495393652543156
5,0.8876971967130199,0.2910679579017896,0.8134900362563486,0.47471399491821314
6,0.899614118728772,0.25917563122093523,0.805314256697817,0.5182206334206421
7,0.9126092384451703,0.2301518450583195,0.8262646912492899,0.4623662972547719
