epoch,acc,loss,val_acc,val_loss
0,0.5343888324257627,0.9500310395283754,0.7281553416332543,0.6676663206009823
1,0.7377142206573443,0.6373376703305624,0.7521716927044478,0.5761191264731457
2,0.7844172060361123,0.5363651268829378,0.7864077668684627,0.514461236762708
3,0.8219271363782877,0.4572791832859326,0.7935615732283634,0.5061516974979843
4,0.851492452588989,0.40027021369359345,0.8053142580074745,0.4896209072749957
5,0.8740778573253967,0.3436929787609664,0.7996934078211192,0.5137286225203416
6,0.8972307339643812,0.29058563848613894,0.8088911604564533,0.5068579061212867
7,0.9195891498585805,0.24232420019510317,0.7915176300291024,0.5509492643158473
