epoch,acc,loss,val_acc,val_loss
0,0.5932924753420065,0.8752800371181192,0.7797649463464487,0.5789470018996958
1,0.7782885030346633,0.5800590536851724,0.7250894226465044,0.6100088566252329
2,0.8240835319419357,0.5001625792587294,0.8094021461420542,0.6299321888872234
3,0.8485415957055478,0.4717110074712394,0.7777210015634157,0.640778969914315
