epoch,acc,loss,val_acc,val_loss
0,0.6062875949231088,0.8436795430954056,0.61216147170118,0.9144389144486168
1,0.7544546588272746,0.5999256419196544,0.723556463640444,0.6878948265579079
2,0.810464192500194,0.47748615810460093,0.6872764432923674,0.8357259077141342
3,0.8661899898531434,0.3437592565790098,0.7082268778438402,0.8236567752362516
4,0.9127794803237417,0.23951706275193377,0.778231987919074,0.7090476430309142
