epoch,acc,loss,val_acc,val_loss
0,0.41478917211214683,1.1480713511195235,0.5551583251865453,0.9276412024074239
1,0.5543385734014726,0.9352745479165706,0.7058222670720717,0.7738868431002662
2,0.7296975200688093,0.7226553008380606,0.7231869252514669,0.7591748353287928
3,0.801997616520927,0.5560973042016619,0.8028600614696771,0.537853381302554
4,0.8648203848053828,0.3857317587505451,0.7717058220240872,0.7444751979868794
5,0.9130582827511281,0.27502312605706825,0.8059244128486353,0.6379547910622119
6,0.9402985074795995,0.23109654142119057,0.7962206330557522,0.7813016349132019
