epoch,acc,loss,val_acc,val_loss
0,0.5659156688245632,0.8947731710022854,0.7282941777932632,0.6626582067151601
1,0.7654503149718637,0.5921478654444471,0.7660878448004134,0.6097059996305861
2,0.843482208745135,0.41170290794933256,0.782941777384683,0.6007215265599407
3,0.9033539526904051,0.26945220825384086,0.7916241061699646,0.5890178055758374
4,0.939560751382964,0.17833912981540145,0.7819203268032638,0.7886394303409997
5,0.9556778843459284,0.14110390669723577,0.7957099081303418,0.9863777079061055
6,0.9656659667476082,0.12075301874716508,0.791624106291731,1.1993820721452886
