epoch,acc,loss,val_acc,val_loss
0,0.5623652255706951,0.9369066944053043,0.5288707208864897,1.131685175759243
1,0.7356145725782228,0.6520179644939023,0.7812979064489666,0.5549406924294037
2,0.7961071391149488,0.5169602903216018,0.7894736857029268,0.5361629369981324
3,0.8585291110133898,0.3960549271501784,0.741440979997053,0.6853573066456073
4,0.906423788189198,0.27684491278668993,0.8191108825746457,0.47430405899402617
5,0.9359891045893136,0.2029222354568535,0.7700562090001426,0.8144533389919439
6,0.9606174099270811,0.14441902275218244,0.8216658166676806,0.711318260684084
7,0.9625468163508696,0.12765964106589492,0.8262646899091752,0.5071812682786522
