epoch,acc,loss,val_acc,val_loss
0,0.5455112924317119,0.9770489319298138,0.686765457545852,0.7701288128483947
1,0.6783565995019704,0.741166788148171,0.7215125200147828,0.6922312633809716
2,0.7141073654815783,0.6797670694272075,0.7332652026923505,0.6560514663090558
3,0.7407785724421904,0.6196154882777712,0.717424631849746,0.6667704416222882
4,0.7613778235273455,0.5763011082808989,0.794583546762023,0.5372507865171866
5,0.7812961073417477,0.5386902915742771,0.7583035256829747,0.5978739899704514
6,0.800590171451101,0.4907636736013226,0.7506387340943302,0.5841944219813885
7,0.8162524119609738,0.45763274838198953,0.7296883007306862,0.6524362629265218
