epoch,acc,loss,val_acc,val_loss
0,0.6852230166769261,0.7267559989060707,0.772100153478604,0.5819859097183024
1,0.813017818608737,0.4674852562402572,0.7792539606303905,0.5145753624796198
2,0.8797525819930082,0.3176725901305615,0.8272866631382634,0.4373276494995452
3,0.9224265123276824,0.20295959074168995,0.7174246300223169,0.8744737061542945
4,0.9458063783906481,0.1424287673990297,0.8155339807652672,0.5748163560366351
5,0.9615821133013305,0.10537612971606312,0.8267756774526624,0.6208106773692732
