epoch,acc,loss,val_acc,val_loss
0,0.667423382546926,0.7478638405561717,0.7483409905445825,0.6072373082742453
1,0.7991486946786843,0.4962184024723109,0.7886676877478423,0.506437315494811
2,0.8539727582563472,0.37273834220532254,0.7932618684827095,0.5026316348541263
3,0.8898978433462873,0.27927670771093294,0.7866258296874058,0.5620341855479236
4,0.9170261067239975,0.2145436541040964,0.769270035975925,0.7027717516275009
5,0.9367763904518491,0.1678587501625468,0.7764165392635184,0.6869618491045731
