epoch,acc,loss,val_acc,val_loss
0,0.6508513056460629,0.7643883153204208,0.7376212377582295,0.6165167818025644
1,0.8153234962166777,0.46025547054379534,0.7779479338965773,0.5355395918874609
2,0.8981271279656522,0.27470272058931844,0.7656967827347604,0.6116139284806206
3,0.964245175841718,0.11495644866946607,0.7764165409065255,0.7479227550057747
4,0.9918274690966872,0.03361337533586412,0.7825421119843775,0.8599734243962033
