epoch,acc,loss,val_acc,val_loss
0,0.6251418842495368,0.8294126703709398,0.7335375191728457,0.6570679738607986
1,0.7522133938841328,0.6163342511477995,0.7708014293006636,0.5607178458271738
2,0.7879682179206345,0.5340782176352251,0.781010719754977,0.5383457343240001
3,0.8035754823792941,0.49032269665521067,0.781010719785403,0.524499981667449
4,0.8211691259796584,0.45486906739829214,0.7871362940579911,0.5056982868298272
5,0.8422247445813372,0.4148214289874143,0.7866258295352755,0.5113112127190649
6,0.8498864925949582,0.3887515334143947,0.7805002552322614,0.5406873103244503
7,0.8531782065698967,0.37514562587867933,0.7953037264214419,0.5282063676332441
