epoch,acc,loss,val_acc,val_loss
0,0.6578320090670591,0.7783085727935211,0.7493619193466055,0.5915768488655898
1,0.7948354143289919,0.527864502182613,0.7585502807859136,0.5734673702881128
2,0.8560726447083757,0.38390822422761517,0.7881572231034225,0.5437449180179253
3,0.8970488081995934,0.28346162920101003,0.7682491067479373,0.6174582921314629
4,0.9197502837684449,0.23155087718864845,0.7840735069825492,0.6236338438033571
5,0.9356413166720534,0.181313335693417,0.7881572231338485,0.733448177530426
