epoch,acc,loss,val_acc,val_loss
0,0.5393258430483988,0.9898904199538525,0.7572815518142864,0.6564261075118761
1,0.7372034955357547,0.6651585228515394,0.730710271675488,0.659831088875774
2,0.7942912269499093,0.5252764952830837,0.6463975463525092,0.8716410802040528
3,0.8467256838855131,0.4135219982318177,0.8134900362868058,0.46337312900051514
4,0.9022812395493054,0.2941645922397406,0.8211548273881357,0.5154194110927377
5,0.9234479624964487,0.22607785952089865,0.8262646894218608,0.5040817613435997
6,0.9505731470738294,0.18077917849883265,0.8185998978332165,0.6743968426115243
