epoch,acc,loss,val_acc,val_loss
0,0.6152536601704213,0.8477613826626588,0.7726111394992335,0.5791195807221841
1,0.8000226989329274,0.5231586220268223,0.829330608073582,0.458204355724746
2,0.8684031324413115,0.3675586660412137,0.8119570771589167,0.5106519371210219
3,0.9106798320078522,0.26041008880180744,0.8329075114971896,0.601927804182425
4,0.9330382476246948,0.22762058676050195,0.8175779253960143,0.8246993222890168
