epoch,acc,loss,val_acc,val_loss
0,0.5850073770475014,0.8838842176793044,0.699540111868736,0.6864884870053556
1,0.7321529907220177,0.6509048359752067,0.7572815536721726,0.5961972130581501
2,0.7664283281043146,0.5772746221565412,0.7797649463159915,0.5475912229955106
3,0.7894677109107326,0.521896998476541,0.7945835459092228,0.5026139267318153
4,0.8157416864943794,0.4704071107793918,0.8012263670708369,0.48204720863957273
5,0.8311769378846869,0.42829149231887975,0.8140010224597212,0.47367529794155
6,0.8488253319375754,0.3912699396589154,0.7843638226641156,0.5653854257669385
7,0.8681761435585144,0.34632558649486805,0.8058252429011895,0.4871811627976189
8,0.8846895925479963,0.30398192599241586,0.8129790499616046,0.4918375558918937
