epoch,acc,loss,val_acc,val_loss
0,0.6553348467515085,0.7765856263586124,0.6881061769858375,0.6984627008924927
1,0.7881384790011351,0.5273760028377971,0.7805002554756698,0.5291241210081432
2,0.8438706016161656,0.403028568534115,0.7861153652559683,0.5504453430192819
3,0.8891032916868992,0.29782714291679735,0.7641653908096204,0.6548581273656771
4,0.925482406342882,0.2112914124154882,0.7850944361496848,0.7975367498130078
