epoch,acc,loss,val_acc,val_loss
0,0.6495289978774286,0.7788074459462442,0.7807869183267936,0.563643492967667
1,0.7886165020928834,0.5268213923362229,0.7971384773524854,0.5255166474324315
2,0.8455907388829899,0.3976166725442813,0.7858967806650902,0.5824921648905602
3,0.8931449325045991,0.28259647286597156,0.7894736843018978,0.6734285840253532
4,0.9225400068029049,0.209907551410317,0.7598364845976637,0.7956572529242608
