epoch,acc,loss,val_acc,val_loss
0,0.7016797185471807,0.6923194409072934,0.7240674501940737,0.6913053767073197
1,0.8387810691316774,0.419148743115412,0.8053142565455312,0.5059100657503521
2,0.9048916127364869,0.2627528779958707,0.8094021461572828,0.6326135203859059
3,0.9405288843491091,0.16924405975894938,0.8216658150839087,0.617568603875263
4,0.9568720917035524,0.1341625941335316,0.816044966846811,0.7455897038239999
