epoch,acc,loss,val_acc,val_loss
0,0.5961865846191547,0.8523513793593543,0.7363311168364134,0.6545689620408831
1,0.7740892064502379,0.548313009510272,0.7593254974501195,0.599803635187154
2,0.8311769377629206,0.4293862275010597,0.7731221280173495,0.5783834353843147
3,0.8852003180145906,0.3088173344063307,0.7700562091828854,0.647635421341149
4,0.9114175466075413,0.23888273897891876,0.7782319895637602,0.6263047406182463
5,0.9619225969231774,0.1271544840267589,0.7240674484427876,0.9313242042558073
