epoch,acc,loss,val_acc,val_loss
0,0.6451960729454007,0.763516764068203,0.7711950975857423,0.54480768985232
1,0.8105101867597793,0.47260300288351376,0.82022471922289,0.4483126210119191
2,0.8940468759306998,0.282909813211925,0.8059244127877521,0.5295487889778383
3,0.9592531638453669,0.12084867783678517,0.8212461696825427,0.5323242604793397
4,0.9859258838986898,0.04601304560170786,0.8278855973049861,0.618242705866801
