epoch,acc,loss,val_acc,val_loss
0,0.6969353007674893,0.7002852934443314,0.7723328229296628,0.5348917457325961
1,0.8385357548240636,0.41617503525450333,0.8208269525267994,0.44757902658734167
2,0.9005107831873769,0.270024216696028,0.8157223073604948,0.47131857946857375
3,0.9426787741473801,0.1743435403215831,0.8208269525267994,0.6454285794204446
4,0.9576617479865586,0.13462158958728887,0.8167432363755001,0.7787777731663844
