epoch,acc,loss,val_acc,val_loss
0,0.6604426787064647,0.73917271841939,0.7223073000382135,0.642505018275389
1,0.8232690124452182,0.447052031464528,0.7743746812335078,0.5252035670343743
2,0.9246878548052742,0.20495777112198202,0.8131699848686207,0.5304525378347964
3,0.9656072643368794,0.09456759698849666,0.8162327719744886,0.638892444498141
4,0.9838251985026001,0.04791273692544554,0.8192955591716348,0.629817848366216
