epoch,acc,loss,val_acc,val_loss
0,0.6237090001337889,0.8147943809995477,0.6714358712467053,0.8080944257788836
1,0.7907728975482945,0.5326826856607423,0.7721001533567753,0.5625332127923435
2,0.8649982975622729,0.3696454677465703,0.8042922841235577,0.5803315718379871
3,0.915106117333014,0.24205463972133345,0.7956055187119108,0.6541021454376899
4,0.9456928838748367,0.16393963894844327,0.7981604496983161,0.6718744444615633
