epoch,acc,loss,val_acc,val_loss
0,0.6138917261362752,0.8218704541774549,0.732243229158691,0.6359339518149897
1,0.8080808079252177,0.484362647561423,0.785896781639719,0.5377503078874424
2,0.8913857677429086,0.2966579276869238,0.796116503270597,0.5461474732897023
3,0.9541482235743772,0.13829577174120142,0.7675012768563654,0.63568593420785
4,0.9832028145349576,0.05751232787647091,0.8114460919606302,0.8091849908270761
