epoch,acc,loss,val_acc,val_loss
0,0.693927355264562,0.7065719565590177,0.8004083716485986,0.49919273262732244
1,0.8377979568671964,0.423742019169447,0.7488514548543158,0.6431234272509707
2,0.9007945516187947,0.2708160260478701,0.8274629913525292,0.47426904895404215
3,0.9332009080590238,0.19383133544283204,0.844818785124862,0.4939770576234616
4,0.9544267877412032,0.13666633459275312,0.8351199591932642,0.6365526499433016
5,0.9664585697935063,0.12070723392743782,0.8300153139661075,0.648354400871602
