epoch,acc,loss,val_acc,val_loss
0,0.633242537763979,0.8195618071670823,0.7864077670207484,0.5614842819387839
1,0.8021223470594024,0.525396559504561,0.8196218702399615,0.5008753138838462
2,0.8631256383997725,0.38210199169722414,0.8272866633210063,0.4455382072870745
3,0.9064805356872541,0.27741759601820204,0.8017373531523808,0.6895289459457553
4,0.9320167971988661,0.2190143678068012,0.8124680634232035,0.7180118322616094
5,0.9472818068120742,0.20031544368876025,0.8073582013894784,0.7139248526029338
