epoch,acc,loss,val_acc,val_loss
0,0.41868119396209286,1.8593089438880996,0.5247828304067094,1.0033573302067722
1,0.5931789807788415,0.889514062782379,0.6959632087497,0.7324334004428475
2,0.746737033395948,0.6604184286100019,0.7480838022246675,0.6857470816717991
3,0.8233458176128386,0.5169613831546003,0.7715891675798029,0.6090509904302013
4,0.8687436159819808,0.381307341365562,0.7715891675798029,0.7644460345021181
5,0.9170922708895594,0.2506588911420979,0.7792539606303905,0.7903467044576918
6,0.9418908182141351,0.19873770062125998,0.7281553400799397,1.387451449766047
