epoch,acc,loss,val_acc,val_loss
0,0.41641130418028466,1.0596555649605095,0.5319366366447815,0.9429499157606855
1,0.6113380999803787,0.8392519477804299,0.6821665755936122,0.7539858729728461
2,0.7288049030163247,0.6599675150819215,0.738886053122363,0.642172700510868
3,0.7776642831875537,0.5551419929929874,0.7542156381270809,0.5936797705303362
4,0.8132448076200653,0.48602084913760873,0.7623914157058977,0.5770555399910309
5,0.8388378162509047,0.4290423232044349,0.7710781767164863,0.5631484655805187
6,0.8755532853206405,0.34730646284467287,0.7772100178575296,0.5745536054831473
7,0.9005788217512518,0.2847857018622999,0.7787429764676471,0.6042812725202612
8,0.9172057651753676,0.23765486303935485,0.7828308610691973,0.5998056003130025
