epoch,acc,loss,val_acc,val_loss
0,0.626773351478923,0.8185370045871256,0.7496167603474706,0.6739353151058262
1,0.7782885029873098,0.5555145022324138,0.7220235053958123,0.7983005551976334
2,0.8534786062605358,0.3902382067756774,0.698518140071134,1.0289853855426907
3,0.9076722279104766,0.26118174050861154,0.7189575881451201,1.0923313664564627
