epoch,acc,loss,val_acc,val_loss
0,0.4518783338838938,1.0704892444875775,0.4379151761836401,1.039320758915581
1,0.5842129157615322,0.889559065581261,0.6765457336306877,0.7968550383222304
2,0.7395301329035613,0.6606309270428523,0.7853857941571462,0.5805190449535816
3,0.8126773350342437,0.5033615342659626,0.806336229104562,0.5169813112756947
4,0.861706957286988,0.38253350142905773,0.7399080226661359,0.847695549014398
5,0.8951310861355573,0.31269506722664997,0.8216658149011657,0.5112655565454818
6,0.9255476109138102,0.23340277420425576,0.8068472146987915,0.6844718215656816
7,0.9438769720683315,0.1969268952148914,0.7501277465203859,1.2262143193609445
8,0.9547724434958997,0.1612584757055331,0.747061829300151,0.5888226643836675
