epoch,acc,loss,val_acc,val_loss
0,0.6922814983109205,0.7033399800301681,0.7672281778242103,0.5571877857353567
1,0.8224177071644959,0.43592181419541426,0.7937723330054252,0.5158106524947956
2,0.8813280363088298,0.3065299101503699,0.8034711588153187,0.5063065019963408
3,0.9211691259661273,0.20760081926620777,0.8039816234597386,0.5393444575662208
4,0.9447786605994087,0.14677119000004044,0.8009188363234445,0.6148506113769693
5,0.9576049943516933,0.11135826653438313,0.8254211333833708,0.5431646594683572
