epoch,acc,loss,val_acc,val_loss
0,0.6696935301065174,0.7465428577514025,0.7039305771291713,0.6629222880948131
1,0.7980136208988887,0.5054778962617024,0.7422154163328466,0.6459065441759099
2,0.8505107831738458,0.37778963000766264,0.7907095458995572,0.49141710123399984
3,0.8901248581428398,0.290523164124819,0.7718223586199294,0.5714409168184017
4,0.9166288308604756,0.2183212359565882,0.7805002555365219,0.6046719832223189
5,0.935300794565177,0.17223729685405598,0.7442572743932832,0.7544127839021746
