epoch,acc,loss,val_acc,val_loss
0,0.6814209511109316,0.7224898826601069,0.7649463465095602,0.5873715206561919
1,0.7895244580705487,0.5169915133228287,0.7465508431576927,0.630129604115435
2,0.8355464759891494,0.4202238296342213,0.7935615738984206,0.5122006840406174
3,0.8662467370467835,0.3458832590003085,0.7879407256613231,0.5704495479516003
4,0.8897400976187957,0.2841404195527811,0.7787429739549322,0.5799764074960045
5,0.9114175462828309,0.235135229687701,0.8012263669490083,0.582399707883368
