epoch,acc,loss,val_acc,val_loss
0,0.5952218817184413,0.8924892274763268,0.7102708231751018,0.7297302794566127
1,0.7137101350178608,0.6899966334338735,0.7404190085649368,0.6387255314849869
2,0.7542844172734136,0.6051633569536976,0.7598364845976637,0.605148640377033
3,0.7810691181883587,0.5519132282931178,0.7608584570044087,0.5834019503151207
4,0.8077970718555453,0.4944734671453845,0.7322432299201197,0.6139516668107721
5,0.8274316196070398,0.4517918707644976,0.7899846708098418,0.5343173980469234
6,0.8375893769558084,0.41871721094304865,0.776188042496441,0.5706758877118754
7,0.8558052433103969,0.3771449125742563,0.7869187527672636,0.5455623993504456
8,0.8597775508023163,0.36700033610503796,0.7567705673774286,0.6244769839529
