epoch,acc,loss,val_acc,val_loss
0,0.4825218476768574,0.9908947934629211,0.6055186511487088,0.8433711087453957
1,0.7040063556985138,0.7168533696095717,0.7409299943419092,0.6160584150008785
2,0.8177845874813328,0.4889334041953777,0.7618804295025252,0.6028351376235759
3,0.883270911394623,0.3368047419616251,0.7792539598080475,0.5901315838753355
4,0.9227102485664748,0.22745294205488406,0.7721001532654038,0.8046106353485895
5,0.9442174554872345,0.16816120289901154,0.755237608554111,0.8474070420969367
6,0.9612416298147797,0.11572770798886868,0.775166070698839,0.9328511440455457
