epoch,acc,loss,val_acc,val_loss
0,0.6809669730679806,0.7365136240373173,0.7843638218417726,0.542312916804164
1,0.8309499488665938,0.4368316602955854,0.7940725602236218,0.5109147518401129
2,0.9050051073537703,0.271877932008692,0.8063362294091335,0.5003551474687209
3,0.9543752129307103,0.14748893987677883,0.8094021458070255,0.5295895859789471
4,0.9788332767146167,0.07982762758546622,0.8226877873992823,0.5586710851839384
5,0.9841107705735062,0.05519000881816293,0.7945835465183657,0.7051781792389719
