epoch,acc,loss,val_acc,val_loss
0,0.5335414305041786,0.9384973179603949,0.7023991849606228,0.682969875241981
1,0.7602724177071509,0.5808516781392352,0.7901990786689225,0.5347445639132723
2,0.8369466516811921,0.41278738534409937,0.8090862660094024,0.4647429592911232
3,0.8935300797934429,0.2869241467060756,0.8162327693274217,0.45867299501113346
4,0.931328036132925,0.18371150871140463,0.8095967343049489,0.48516503096600466
5,0.9494892170155901,0.13899062298889464,0.8192955577720362,0.4934441240969332
6,0.9598183885470422,0.10889223817731682,0.8182746274182844,0.4883251381413312
