epoch,acc,loss,val_acc,val_loss
0,0.6549943246040387,0.8084426032021963,0.7432363453174258,0.6083455314101949
1,0.8140749148018108,0.4668369334076915,0.7396630937192682,0.6197560976329295
2,0.9195232691207349,0.22662067417389417,0.7483409906358607,0.7120373546620788
3,0.9715664018973048,0.09032528617088424,0.7565084229080332,0.8165329455903381
