epoch,acc,loss,val_acc,val_loss
0,0.6926001589261177,0.6967079718244724,0.7889626980680681,0.5249907710933539
1,0.8357167177324248,0.42592648582579723,0.8022483393252962,0.500530446998063
2,0.8929746907613237,0.28576222265054874,0.8032703117320412,0.5124594955859771
3,0.9371807967651825,0.17795146331182607,0.8002043945118061,0.5948158282373532
4,0.9666893655590053,0.10194618667975523,0.7966274910881986,0.6810749656443214
