epoch,acc,loss,val_acc,val_loss
0,0.6827648828271962,0.735179720881659,0.7727272729099223,0.5409697893325837
1,0.8113046932704846,0.46760104071044684,0.8100102142610638,0.46887801820459846
2,0.876510981232508,0.31986677263896734,0.8273748720751598,0.442749742102696
3,0.923273367012043,0.20681375226052529,0.8059244124224529,0.5341441113810008
4,0.948811077691391,0.13920031589768317,0.8299284985895907,0.516553000239722
5,0.9615231825730214,0.10871405780795727,0.8038815115031476,0.7528057589107198
