epoch,acc,loss,val_acc,val_loss
0,0.6492452615980474,0.782917299480068,0.6775677051237181,0.8114647624074773
1,0.7881625241108154,0.5269087069205861,0.7976494639518009,0.5222628500063199
2,0.8418454205106355,0.402646681041645,0.7925396016135042,0.4981008543003318
3,0.8935421632389086,0.2868282291685164,0.8017373532742095,0.5512921559487792
4,0.9243559187176468,0.20912587335125,0.8339294842998776,0.5192169317890931
5,0.9505163999546022,0.14217751872818907,0.8329075116799325,0.5749091297068276
