epoch,acc,loss,val_acc,val_loss
0,0.6861520998864926,0.7237759284886546,0.7631444615207806,0.5670422903885337
1,0.8097048808307843,0.4823493325818546,0.76722817767208,0.5433486777492297
2,0.859194097616345,0.36261299673666614,0.7789688616945404,0.5267825577562107
3,0.9001135073509173,0.2660274952142653,0.7856049004898441,0.5497276294347034
4,0.9216799091670353,0.211227083889499,0.7789688616945404,0.5926344559593064
5,0.937343927341747,0.17075296502209414,0.7845839714444128,0.63032039593774
