epoch,acc,loss,val_acc,val_loss
0,0.6251844285281559,0.8338392248436185,0.7833418497700562,0.5715142538124771
1,0.7948586993260222,0.5327591002968353,0.8068472151556487,0.5162568404531991
2,0.8530246282717032,0.3951839825890822,0.7772100153905004,0.5977001082367231
3,0.8943933719349914,0.3011099027120733,0.8088911599691389,0.5752125471358283
4,0.9220292816136674,0.242416011307597,0.8022483392948391,0.6519518381076987
