epoch,acc,loss,val_acc,val_loss
0,0.7209170355373067,0.6530376611083607,0.7925396014916757,0.5198116485233141
1,0.8526273975847474,0.38355078216633265,0.822176801256824,0.4680299773835137
2,0.9088071728521167,0.24135228457850397,0.8196218702704187,0.5123055218188325
3,0.939507433902986,0.15980855960260656,0.8293306081344963,0.5316850027382587
4,0.9564748609489486,0.11816308706163373,0.816044966846811,0.5925297821792462
