epoch,acc,loss,val_acc,val_loss
0,0.6615209988649262,0.7776748255622509,0.7580398164153281,0.5799152533913097
1,0.8179909194638861,0.46079122330084293,0.7034201126977337,0.7515557833384835
2,0.922758229230779,0.21874453426083967,0.7759060748320808,0.6422514864350534
3,0.9731555050401763,0.09509606564863586,0.7738642167107921,0.7681350301515697
