epoch,acc,loss,val_acc,val_loss
0,0.5341354066407827,0.9269965581824645,0.6327885599983847,0.7908586470659469
1,0.7607967765835545,0.6031380159299738,0.7808988765262608,0.5660962933661137
2,0.8753192213903416,0.3388817300726692,0.7972420843068864,0.5296811409089125
3,0.9410930140410437,0.17058021174840493,0.7977528095367128,0.5684904369684478
4,0.964984961136077,0.10644458734849127,0.8100102146263629,0.6764913187328958
5,0.9811020940956588,0.05789944844050972,0.791113381183671,1.1234322320574759
