epoch,acc,loss,val_acc,val_loss
0,0.6027125185781516,0.9493387579890848,0.6458865606364512,0.7846575665973435
1,0.7436726818816939,0.6295411512889868,0.6024527322228733,1.024589393537265
2,0.8075133354679273,0.48202653832825804,0.7812979064489666,0.5390121710196891
3,0.8677221658064497,0.3553309442270169,0.7588145118863472,0.6444232315510344
4,0.9273067754928512,0.2316645582398604,0.8032703112447268,0.5411221316168975
5,0.9687890140034259,0.1193102283255086,0.5498211566867058,3.8836342668314034
