epoch,acc,loss,val_acc,val_loss
0,0.5908291244451361,0.8814590805965495,0.7226762003869397,0.6882673294965531
1,0.7211849498570179,0.6784806715346825,0.760980592563033,0.6071225751773573
2,0.7624992906901821,0.5887540606038199,0.763534218773048,0.5799593674637324
3,0.7861642358955369,0.5334879755855425,0.7849846784257548,0.5262074816336549
4,0.8076159128955501,0.48688722245370236,0.7849846779995724,0.5332086998303407
5,0.8226547869459656,0.44606168643143274,0.7946884573662731,0.5108064758278377
6,0.8398501788079485,0.40907347184880677,0.7885597553998384,0.5395306529623739
7,0.8511435219543515,0.3807586607195098,0.7839632283314012,0.5545217724815696
8,0.8641393791972343,0.3527909912628589,0.7773237995521771,0.5575792549883869
