epoch,acc,loss,val_acc,val_loss
0,0.7178526841515838,0.6708398068442327,0.7721001533263182,0.5519077231156686
1,0.8707865168674622,0.33874710751315845,0.7761880429532982,0.5850745606739178
2,0.9570990807284103,0.12790514234905412,0.7562595810217704,0.9120494389966488
3,0.9748609692429917,0.07185057690388243,0.7603474706792076,1.120201614722952
