epoch,acc,loss,val_acc,val_loss
0,0.6101021566401816,0.8249471205993895,0.7289433395637427,0.63874075089017
1,0.7792849033969486,0.5381924416163723,0.7626339963286918,0.5762510723517585
2,0.8315550507400418,0.42716749263811055,0.7733537499974004,0.5581587814688378
3,0.8690124857439221,0.3439449521997324,0.7468095953942806,0.6889759998895977
4,0.9135073782772536,0.23693402685926937,0.7871362947273643,0.5985213043952609
5,0.9633938703715599,0.12591686017396908,0.7723328228383846,0.6824121607877333
