epoch,acc,loss,val_acc,val_loss
0,0.6171613415912158,0.8354596005017286,0.7604698671505571,0.6142879807912536
1,0.7474036660870104,0.6240255852680148,0.7875383043313537,0.5430420637739569
2,0.783383462930482,0.5469898609647983,0.8049029622672161,0.5117935509067999
3,0.8058566483274964,0.4896104553759108,0.7957099080085754,0.5055490021990561
4,0.8234492934566711,0.45004697612435884,0.7997957098471863,0.49608833468362185
5,0.8360478974120664,0.41618939172896185,0.7936670070892701,0.5023753656430191
6,0.8460927302717899,0.3929539256486643,0.8018386107664917,0.501459125965925
7,0.8559105612688956,0.36753139725493744,0.7946884575489227,0.5351993003070538
