epoch,acc,loss,val_acc,val_loss
0,0.7092838497603471,0.6632040745959543,0.8002043945422633,0.48173947208196943
1,0.847009420043128,0.3888764949474239,0.8380173735613718,0.412352551854138
2,0.9075587334352541,0.2436980078993178,0.8375063873579993,0.42766305211861033
3,0.935591873794121,0.1737657654436455,0.8216658150534515,0.5550107844459444
4,0.9576098059379423,0.11214191140675704,0.8313745529175292,0.5487785882711045
