epoch,acc,loss,val_acc,val_loss
0,0.6642265351077591,0.7443684167088587,0.7843638226641156,0.524948244351907
1,0.8129610714083321,0.46203102645464345,0.809402145715654,0.4501105087962026
2,0.9035864259703937,0.25397051731975406,0.8359734282910245,0.41798461276959814
3,0.9719101123798449,0.08925909271049197,0.8150229944705232,0.6057089858811671
4,0.9787197820364503,0.06385634588433874,0.8206438424944208,0.6573672422232163
5,0.9926796050391556,0.023827405570233676,0.8272866633514634,0.7283473797275756
