epoch,acc,loss,val_acc,val_loss
0,0.4568671964083573,1.0882865186581954,0.5676365497162172,0.845355108813889
1,0.6575482406491725,0.8110789316601704,0.7355793774766908,0.6595272187251957
2,0.7807037456622865,0.5979454895424383,0.7697805004682147,0.6469848105163828
3,0.8490919409085078,0.43190086314139653,0.7498723841735816,0.6031405877373303
4,0.9038592509460233,0.3089910058306782,0.7871362943622517,0.6065022562644261
5,0.9332009079237125,0.23415891417766266,0.8055130170278856,0.6767432899606538
6,0.952837684530676,0.17204371997399442,0.8085758041946056,0.8005085468231384
