epoch,acc,loss,val_acc,val_loss
0,0.6338100101874454,0.8197590238984956,0.7843638222072584,0.5583141420225008
1,0.7996822154057877,0.5157586750885697,0.7649463464791031,0.5632665812451436
2,0.8658495063327685,0.3708036994081041,0.8170669392230989,0.4829279160432567
3,0.9071047554531861,0.2796678902318564,0.8201328564737912,0.6165340813557347
4,0.9309953467595078,0.22723128015371852,0.8124680634232035,0.6418272671677595
5,0.9482465100780868,0.18096042442620783,0.8099131323758838,0.9249771058589875
