epoch,acc,loss,val_acc,val_loss
0,0.5762202041238444,0.8926954297553938,0.7034201140060542,0.6807167570222209
1,0.768047672746942,0.5637303489561655,0.767738640247528,0.5564690668586567
2,0.8210556188452393,0.44898597620402236,0.7417049520535394,0.6080794938673104
3,0.8639046538295594,0.3548022807185685,0.7861153662600281,0.5302404670340483
4,0.9227014755823826,0.22952302208214695,0.7922409367597851,0.5526289098447777
5,0.9568104423540269,0.13894127408437912,0.7896886186492632,0.6203564445755809
6,0.9801362092053849,0.07646864877588767,0.7789688636722341,0.7806374954897387
