epoch,acc,loss,val_acc,val_loss
0,0.41868119401621123,1.126461154221812,0.46142054179766134,0.9487351328972108
1,0.5661105437265759,0.9220712903057077,0.6218702092606861,0.8324998228234421
2,0.7267052548898496,0.6904577846397757,0.7199795600036364,0.717384504187637
3,0.8024628305188942,0.5187822466959492,0.8078691877146795,0.48843288403356566
4,0.8493928043610418,0.4020841360437168,0.7843638220549726,0.5971358784255045
5,0.8888888889633016,0.322096828395386,0.8140010215460066,0.5216642183251203
6,0.9177164908246114,0.25029494147568065,0.8226877870033393,0.5378892853604815
