epoch,acc,loss,val_acc,val_loss
0,0.5281466348746783,0.9362453843350985,0.7066939197514943,0.7415073605356134
1,0.7865168539258195,0.5456790634944753,0.7669902912316787,0.5576990792869486
2,0.879412098547046,0.32616347682325864,0.7940725596144788,0.5514593367437715
3,0.9397344228601959,0.17169042856884575,0.8068472153079346,0.5864911979110983
4,0.9700942004109847,0.08866012594632482,0.7986714360539744,0.7683322164679768
5,0.9750879582475552,0.07600275439364242,0.777210014903186,0.7089420380370618
