epoch,acc,loss,val_acc,val_loss
0,0.5200908059429771,1.0385149079202658,0.6937212843016254,0.7308558370764003
1,0.7334846765039728,0.6635722083888449,0.737110770618873,0.6389462043887318
2,0.7954597049755352,0.5227023647943772,0.8009188368406875,0.49820472516838293
3,0.8585698070239263,0.39253061047747784,0.6191934649891973,1.0357008699618657
4,0.9018161177229259,0.30608947354196553,0.7993874413861249,0.5562365076990989
5,0.937343927341747,0.18912514728260366,0.6916794273669529,1.333293596781779
