epoch,acc,loss,val_acc,val_loss
0,0.6102724177206821,0.8509854854979931,0.7248596222866792,0.6694600651646342
1,0.7796254256256051,0.570961645573682,0.7907095457170008,0.5224306404499328
2,0.8249148694935776,0.4970011925318455,0.754977029187756,0.5634679584675993
3,0.8505675368898978,0.4616785923042308,0.7876467585502808,0.5579031413157659
4,0.8676503972758229,0.4502552711835108,0.7896886167019955,0.6601313721652905
