epoch,acc,loss,val_acc,val_loss
0,0.6338667574893223,0.8134166235929721,0.7393970359449917,0.6279149044820954
1,0.7539439337259795,0.5975069263549387,0.7710781813764304,0.5690272238769882
2,0.7836227443104312,0.5262485450397297,0.7864077665638911,0.5281388176663164
3,0.8117693791580504,0.4685676787405844,0.7935615743248208,0.516155589765959
4,0.8345250255497911,0.42280588398224894,0.8037812980876995,0.497199556720336
5,0.8506979911812533,0.3843545958783675,0.8058252429011895,0.4846512383810403
6,0.8624446714469651,0.34817974699462206,0.802759325985526,0.4934972647080692
7,0.8779366700850312,0.31047080058256515,0.8042922845956435,0.48602442675606594
8,0.8872432187377168,0.2889992417515021,0.8150229945618946,0.4885424458986652
