epoch,acc,loss,val_acc,val_loss
0,0.6825766174801362,0.7278088804947531,0.7753956100659568,0.5497811255922361
1,0.810499432449579,0.48483094024333456,0.7912200102397166,0.4999097307583944
2,0.8603291713690785,0.3611141284532363,0.7861153650429858,0.4961747457903219
3,0.8961975028106222,0.27428097226968823,0.7942827973760105,0.533830914846058
4,0.9141884222474461,0.22112043901652131,0.771822358406947,0.6247399044073376
5,0.9346765039592271,0.17136153071678997,0.8034711587848926,0.5676341399040802
