epoch,acc,loss,val_acc,val_loss
0,0.6583248212123456,0.7710775418025034,0.6443536027268482,0.7764823264654157
1,0.7886165020793537,0.5168372845168742,0.7833418496482276,0.5271085222947944
2,0.8474066508112613,0.38824168047871416,0.8012263670708369,0.5010636529571619
3,0.8935989104866671,0.28094670041717423,0.7281553392575966,0.7247392721607421
4,0.9207808421020975,0.212098475215438,0.7945835466401944,0.537593889248633
5,0.9349109068007248,0.1753900827123959,0.7363311189379568,0.8825047793714867
