epoch,acc,loss,val_acc,val_loss
0,0.7033253887118823,0.6908210657022014,0.7470618293610652,0.6244259178029316
1,0.8471229145183505,0.405427626699747,0.816044966816354,0.49341711778085207
2,0.9052320962230378,0.2643433886804993,0.8124680633622893,0.7339606776083527
3,0.9377482692427673,0.18122997226840643,0.8231987736331119,0.6278265761815899
4,0.9592554761094086,0.1326720171112615,0.8369954011546268,0.692815127531728
