epoch,acc,loss,val_acc,val_loss
0,0.6765974349973422,0.7380947863970397,0.7639243741028152,0.6187534180598778
1,0.7974123255157427,0.5088654843981049,0.8042922841235577,0.5141729726191985
2,0.8736806265234393,0.34336375228569355,0.7874297394122649,0.6508328281133591
3,0.9170355237906264,0.22939781258446096,0.7971384772763426,0.6668720456124814
4,0.9434229939847918,0.16866905009167907,0.797649463479715,0.6844615881456425
