epoch,acc,loss,val_acc,val_loss
0,0.5251418842089434,0.9728466221747685,0.6763654935718982,0.7813698253259177
1,0.7264472190286461,0.66276814477533,0.7462991346443959,0.6166874436227079
2,0.7876844494486234,0.5442046478712058,0.7514037779851371,0.5987497267521055
3,0.8204313282663517,0.46006372960011616,0.7825421151791135,0.555432221608359
4,0.8475595915764063,0.4038012290312132,0.7794793280428195,0.5584867640744063
5,0.8769012485540955,0.34297777713359956,0.7677386440203591,0.6100665337580573
6,0.8968785472679355,0.29767662621653984,0.7958141889968899,0.5752303508424589
