epoch,acc,loss,val_acc,val_loss
0,0.6924299171625479,0.70284862939284,0.8012263669185512,0.4926424232684171
1,0.8225513562321622,0.4425474941399024,0.816044966816354,0.4519159338214779
2,0.874475087992058,0.3196075660709409,0.830352580480327,0.44117655038955444
3,0.9082397003542374,0.23624278368554555,0.8313745529175292,0.4255210087350515
4,0.9302008852367706,0.1829628859904632,0.8426162493917244,0.4583204030290086
5,0.9439904664962006,0.15433824616003938,0.8349514563106796,0.5085078611376034
6,0.9536374985610244,0.1273911058346336,0.8415942769849794,0.5172634261736897
