epoch,acc,loss,val_acc,val_loss
0,0.6496424923526511,0.780006884060603,0.7572815533676011,0.6146906738568766
1,0.7875383043719426,0.5275802395492877,0.7700562084519138,0.5859775812454107
2,0.8490523209962573,0.38928495151489795,0.8150229939527517,0.47467597374881965
3,0.8960957893677459,0.2784812362872435,0.7751660701810674,0.7131726156404327
4,0.932584269642627,0.1870247100020846,0.8165559531720122,0.7149249273840115
5,0.9516513448894774,0.1434165048727436,0.8053142570023885,0.6110663260192851
