epoch,acc,loss,val_acc,val_loss
0,0.6903126951473862,0.7067547651771708,0.7788559756678386,0.5303294909499638
1,0.8340048805943859,0.4196271859999446,0.7834525031015749,0.525778318937027
2,0.9234436184301474,0.21032463098690612,0.8064351380175785,0.4903787011937053
3,0.9608989274330642,0.1129881204363572,0.8181818179382854,0.5260249404912097
4,0.9802508370727884,0.05841150681555498,0.8243105214876831,0.5699948056603842
5,0.9784348220940474,0.06155976671238207,0.8094994893965366,0.6735180381978496
