epoch,acc,loss,val_acc,val_loss
0,0.5678206584239791,0.9063961353394013,0.7269014801645596,0.6845632554195924
1,0.7154370031345987,0.6708140596087756,0.7570188890433299,0.5996213553814695
2,0.7606129401658369,0.5845989621456852,0.7651863200984602,0.5558477889341381
3,0.7893870600777235,0.5227361829002112,0.7784583989973881,0.5247370862668725
4,0.8188422246634216,0.45623638025071644,0.7840735057046548,0.5176713282110255
5,0.8494324630424465,0.3865534450693921,0.7907095444999586,0.5028750853400987
6,0.8742905790905947,0.33207189581451024,0.7866258313608389,0.5344728368043048
7,0.8940408625478236,0.2781615898334479,0.7503828495178009,0.682840960618487
8,0.9150397276093551,0.23831816597436803,0.7508933134624215,0.6803754336861946
