epoch,acc,loss,val_acc,val_loss
0,0.5173079105528079,0.9282936800041692,0.5881451195335291,0.8137799156948688
1,0.6911247304167492,0.6724424485437257,0.7772100158169005,0.5678427629344124
2,0.8568266939324047,0.3742484606742426,0.7991824216482039,0.5828330427880304
3,0.9311088412212007,0.19316258446276763,0.7991824222573469,0.6584956425455802
4,0.9623765747361253,0.11424767760368176,0.7884517114687526,0.8036636764076088
