epoch,acc,loss,val_acc,val_loss
0,0.5967082860250614,0.9177927606763417,0.7304747312454741,0.6442844002389251
1,0.750227014444743,0.6075259138452614,0.7743746809292472,0.5523830621202361
2,0.812145289457345,0.4700714644048866,0.6881061774422284,0.7806268576580143
3,0.8746311006968192,0.3338272125712859,0.7891781496234911,0.5674669864592715
4,0.9209988648315023,0.24966275730042398,0.8111281254085855,0.5283861688170401
5,0.9696935302959533,0.12222874233590082,0.6952526784478675,1.4157000992479465
6,0.9744608401169707,0.12864582334961172,0.611026034512162,4.06818630148891
7,0.9741770715096482,0.12624006885675784,0.7998979077952562,0.7466300830298264
