epoch,acc,loss,val_acc,val_loss
0,0.6012485811442442,0.8251162799073132,0.7565084228471811,0.5776199957069662
1,0.8008513053213157,0.49386234545951263,0.8075548750883222,0.4860069823544995
2,0.8631101021160468,0.35592290205663235,0.806533946103743,0.47578127854876884
3,0.9156072643504105,0.2238833706035246,0.8213374172016453,0.5090180721710141
4,0.9493757093669878,0.14607245366635577,0.8264420624896541,0.5836712907868542
5,0.9733257660394901,0.0790810476062517,0.8264420624592281,0.6580183247694743
