epoch,acc,loss,val_acc,val_loss
0,0.6247304506678544,0.7959297817027498,0.7639243719708146,0.562882982624631
1,0.8118828733559161,0.46767220783552943,0.8073581994097636,0.47004025594336557
2,0.8933151743155227,0.2862685519989253,0.8109351033206856,0.4738352283812568
3,0.9615253657829801,0.11477939629274686,0.8242207441210564,0.5037716666715268
4,0.979230507320395,0.0656300312549302,0.8175779229898994,0.6104576781079911
