epoch,acc,loss,val_acc,val_loss
0,0.468785471096212,1.0971425764406444,0.49055640637539916,0.9701727534691371
1,0.6438138479813003,0.8109555043779085,0.6574783055924712,0.8262471538103618
2,0.7770715097834384,0.5893931040292971,0.7514037776808765,0.7162676015303049
3,0.8522701474513423,0.42368880294508615,0.7922409395285563,0.5657674988019582
4,0.9082292849982366,0.3237848195599373,0.7631444617641892,0.7338850380754884
5,0.9383087401086978,0.23964302649427624,0.7013782544547408,1.73161526867904
6,0.9526106697747169,0.18286538789139703,0.7738642167716443,0.7449954540952242
