epoch,acc,loss,val_acc,val_loss
0,0.6925085130262862,0.7041175231489772,0.7953037266039982,0.4959595606392777
1,0.8234392735663121,0.4406309508776692,0.8300153141182378,0.41032979937461395
2,0.8808740067833805,0.3062621685554708,0.8320571721178224,0.41027223647036315
3,0.9229284903248106,0.20832669968028616,0.8320571721786745,0.4308535245956968
4,0.9433598183746641,0.15526116240714655,0.8264420624896541,0.4999801201318952
5,0.9593643586833144,0.1116959421583594,0.8320571722091005,0.5104067569609014
