epoch,acc,loss,val_acc,val_loss
0,0.6239500567401579,0.8214526570208632,0.62838182785853,0.7951927472889089
1,0.7703178206583428,0.5759253197847511,0.7723328229600888,0.5737219074509958
2,0.8129965947786606,0.47957971676524463,0.7656967843169153,0.5748367740859665
3,0.8422814982703271,0.407492736594225,0.8055130170278856,0.48999476842030754
4,0.8669125993189557,0.34279762831232197,0.8101071977019005,0.4666237100433975
5,0.8843927355142782,0.30447613184216615,0.8152118429899095,0.46852899743258314
6,0.8980703745472851,0.2682814173273548,0.8121490557927633,0.4907545328687928
7,0.911520998851395,0.24064733880602676,0.7682491069304938,0.6273312262426292
