epoch,acc,loss,val_acc,val_loss
0,0.6129270229717346,0.8310683244487752,0.746550843005407,0.6232627581045466
1,0.7486096923352099,0.6093648560958232,0.7588145116731471,0.5789613432279946
2,0.8088185223422572,0.4777162367214397,0.7107818086475027,0.6991666139969122
3,0.8667007151438529,0.3470844823975742,0.7991824216482039,0.5651086203346584
4,0.9117012823457386,0.24399593016871554,0.7925396018267044,0.6028364310017276
5,0.9477357847332589,0.16187708216463853,0.799182421861404,0.8859326134211687
6,0.9604471682311593,0.12255605235027815,0.7777210019289016,0.9789352753543707
