epoch,acc,loss,val_acc,val_loss
0,0.6932463109966845,0.6981286667261979,0.7697805003465105,0.5511711361214724
1,0.8332009080860862,0.42917298345100324,0.8065339459516127,0.4999108173793649
2,0.8912599318685109,0.29388094267022463,0.8004083716485986,0.529160516322298
3,0.9389330306469921,0.177342973317989,0.7708014293615157,0.718367150375708
4,0.9631101021566402,0.10786403587318441,0.7881572231034225,0.7521811540392116
