epoch,acc,loss,val_acc,val_loss
0,0.53961407456306,0.9525978019370124,0.5742725829739788,0.9476487106848518
1,0.6944381383707521,0.7263454708284471,0.6411434435126366,0.8466431531083407
2,0.7286606130616213,0.6573831487053775,0.6661562032697151,0.7852655485797257
3,0.7484676500454663,0.6162195072812742,0.7498723828044092,0.5974995241048325
4,0.764301929855455,0.5829274711489812,0.7146503273597355,0.7058811337440338
5,0.780646992203326,0.547949919872468,0.7442572743628572,0.6169701272763423
6,0.7936435869278621,0.5137516106568725,0.6100051074139983,0.9438214518392251
