epoch,acc,loss,val_acc,val_loss
0,0.6125645536677155,0.8340236242036261,0.763534218773048,0.6039194654030259
1,0.7582430055318562,0.5895223331217341,0.7926455564469678,0.5377007831835527
2,0.798649338870576,0.4985783731759484,0.8135852908698482,0.4739023121311667
3,0.8313943590203747,0.4228136250416785,0.7808988762218448,0.5324100868451096
4,0.8579535781406976,0.35917318689925304,0.7931562820420932,0.5011447275987806
5,0.8777027410509962,0.31503224569223204,0.8375893774631683,0.40495329833493415
6,0.887066568302571,0.2816065145935213,0.8437180802210846,0.4057737391012073
7,0.9005164292673066,0.25443030993166266,0.8391215523611659,0.4050450118009355
8,0.9118665229055791,0.23108065120292762,0.8411644536457704,0.4150596938045568
