epoch,acc,loss,val_acc,val_loss
0,0.43428668709567586,1.1685834150757561,0.40623403192480184,1.1149960046650258
1,0.571047554315388,0.9367041304587452,0.7143587120711103,0.6981664589612412
2,0.7337419134021929,0.6879656612162773,0.7695452224617414,0.5716261768986756
3,0.8145499943726289,0.5043599271345404,0.7634133875034997,0.6064334858359277
4,0.8753262966949057,0.368645443350513,0.7864077674776057,0.5846057187310884
5,0.913573941609711,0.27158193184787305,0.8099131323149695,0.5865558376102711
