epoch,acc,loss,val_acc,val_loss
0,0.6822154125660208,0.7337969457395582,0.7608584568368943,0.5959657799180332
1,0.8081375553420962,0.4833631146652259,0.7930505876493624,0.5223713995366299
2,0.8644308251388064,0.35353851408669446,0.793561573852735,0.5273094203439244
3,0.8974577233139496,0.26116821813862084,0.7746550843279522,0.6040228065569667
4,0.9191919192257432,0.2114363434825876,0.7756770567499257,0.6688910767199985
