epoch,acc,loss,val_acc,val_loss
0,0.7071274542914063,0.6857510514818652,0.774144098109351,0.5603314750676991
1,0.8646010668820818,0.3472807967098627,0.7945835462747085,0.5926882828841358
2,0.9523323118625793,0.1293817392419658,0.7439959121712874,1.129282848470724
3,0.9728748155714448,0.07603622242694609,0.7843638221768012,1.0612244482523836
