epoch,acc,loss,val_acc,val_loss
0,0.6605379638749265,0.7646737107014551,0.698518139461991,0.6795721434182395
1,0.7861763704730925,0.5217216282139272,0.6801226366583523,0.7325006178525497
2,0.8448530246012463,0.3937121857959287,0.8216658151143659,0.4607879897435831
3,0.8846328453002378,0.2950220761579467,0.7680122638516238,0.6415723623764046
4,0.9178299852254211,0.2183717315471777,0.8022483393862105,0.505768975952053
5,0.9365565770398392,0.1707527402557129,0.8185998981987023,0.5313381007056366
