epoch,acc,loss,val_acc,val_loss
0,0.5777525539024734,0.8799945133904188,0.7493619193466055,0.6380075281709356
1,0.7509648126857641,0.6206751540353972,0.765696784134359,0.5649437492693365
2,0.7847332576346857,0.5448641276521932,0.7988769781108777,0.5174925257321096
3,0.8103859250715993,0.4822987187057564,0.80449208786075,0.48199325772558566
4,0.8301362088400444,0.43590030647839645,0.8080653394893337,0.46712956203679273
5,0.8467082860656547,0.399037761659817,0.804492087830324,0.4678627720227225
6,0.8577752554051316,0.36627536606166206,0.8080653394893337,0.4682651546885007
7,0.8687854710285563,0.34083296774329447,0.8024502297394612,0.4801532814185068
