epoch,acc,loss,val_acc,val_loss
0,0.5646351152239721,0.8940550858648935,0.7491057742050125,0.653645145752994
1,0.7433321984154374,0.631296009586342,0.783852836034343,0.5771276472049766
2,0.7851549199796158,0.541184274776341,0.7858967808478331,0.5457044138126247
3,0.8098399727951451,0.48512891250183793,0.8042922841692434,0.5139401004091476
4,0.827942344809807,0.43848689457382817,0.8042922841692434,0.5069043391446526
5,0.848314606775397,0.4002475862490334,0.810935104813086,0.480972030787792
6,0.8618204517013274,0.3656473910682738,0.8104241186097135,0.5007453407629693
7,0.8751560549448655,0.34084667508440597,0.8027593255591259,0.5160173302593436
8,0.8761775053842238,0.32112727560218784,0.8058252427793609,0.5144064123678037
