epoch,acc,loss,val_acc,val_loss
0,0.5997729852169786,0.8619742878314179,0.72741194511324,0.6563047110091186
1,0.75181611812886,0.6045052076576787,0.7733537522185026,0.5767137798014315
2,0.8144721907329884,0.47089825960618276,0.7825421135969586,0.5553063122577482
3,0.8705448352925217,0.34108802054445264,0.7932618685435616,0.6003841394791498
4,0.9207150963594911,0.21482904107900808,0.7886676877782685,0.6880154984529192
5,0.9499432464327904,0.14552711532551638,0.5385400715410983,2.2858563746159755
