epoch,acc,loss,val_acc,val_loss
0,0.6811010215934641,0.7276493447525141,0.7432363451044434,0.5867020948435836
1,0.7894438138479001,0.5179883795482753,0.7723328228688107,0.5299297804550105
2,0.8322928490487185,0.4189429915993222,0.7942827973760105,0.4751972917423618
3,0.8682746878682417,0.341735002787511,0.7508933129451785,0.6337670914642418
4,0.8944381384519389,0.2789926066368852,0.7922409392851478,0.5445821412580849
5,0.9131668558185677,0.2247471266788738,0.807554874966618,0.521670751657761
