epoch,acc,loss,val_acc,val_loss
0,0.681818181845241,0.7292968880479445,0.7680122636993381,0.5539741350426379
1,0.7916241062037886,0.5169009999930689,0.7690342361060831,0.5527738452445017
2,0.8357167177730136,0.4198596199695158,0.807869187592851,0.4873128156608383
3,0.8676086709929871,0.3374685359053925,0.7910066428815582,0.5285486959351163
4,0.8937124049618896,0.2799323264599496,0.8083801737962234,0.5274650214214257
5,0.9123255021928482,0.22820880348180997,0.8068472151556487,0.5757572777002029
