epoch,acc,loss,val_acc,val_loss
0,0.6121452895250007,0.8389354866425106,0.7166921902274891,0.6653441250658936
1,0.7519863791146425,0.5993608554294513,0.7692700360367771,0.5621185238839657
2,0.8111237229608109,0.4739836460615801,0.7978560493088548,0.4895312576162505
3,0.8720771851252752,0.3392142748859765,0.786625829839536,0.5254757803821515
4,0.9219636776931711,0.22357656212183186,0.7753956104006434,0.6019477776996697
5,0.9493757094346436,0.15083175635770826,0.776927003755808,0.7664373126061611
