epoch,acc,loss,val_acc,val_loss
0,0.681818181845241,0.7150684004541071,0.7828308635971408,0.5267287191683137
1,0.8258426966630374,0.4469982972211105,0.7664793050892206,0.5715269730842778
2,0.8832709113743286,0.3066110230441965,0.8201328564128768,0.4523259891986116
3,0.9311088412009064,0.19267409787743847,0.8088911599386817,0.5454276248500489
4,0.9595392123279067,0.1168830810839209,0.8083801737353091,0.6161978815101167
5,0.9736125297923051,0.07687540345516294,0.8017373530914665,0.7067818918508584
