epoch,acc,loss,val_acc,val_loss
0,0.5402951195210253,0.9785554118378343,0.6533945881632776,0.7721887226917721
1,0.7297389332606763,0.6676147667828537,0.7468095952421503,0.6007350884328514
2,0.8013620886304728,0.5112881587934548,0.6232771836354332,0.9351069430053812
3,0.8435868328600006,0.41581011258919853,0.8029606943534551,0.49465306479751975
4,0.8970488083484359,0.2935257309140737,0.7304747325537946,0.7361109962020376
5,0.9313847902278489,0.21964335477954278,0.8162327719440625,0.5612919299866607
6,0.9499999998917509,0.17260071623744813,0.5900969868901434,2.160456089172636
