epoch,acc,loss,val_acc,val_loss
0,0.7126319373510385,0.681749473656432,0.7986714358712315,0.4960884813849391
1,0.8712972420972885,0.34514862053741485,0.7945835462747085,0.5470648610933009
2,0.9555101577370544,0.12473015244676014,0.7925396014612185,0.7186645960923538
3,0.9764498921599348,0.06977391633309865,0.7577925396318879,1.3889579204161921
