epoch,acc,loss,val_acc,val_loss
0,0.5835981835707362,0.8671610804746154,0.7233282298138702,0.6593866869160689
1,0.7719069240447747,0.5558518082410875,0.7549770279098615,0.5881958912987683
2,0.8263904652990629,0.4411519282386468,0.7651863208286855,0.5683201050928748
3,0.8739500569972494,0.33523817496050773,0.7728432854746847,0.5836974629155831
4,0.9209421109124832,0.22496423345147953,0.7667177149749277,0.7178096675702417
5,0.9559023839120291,0.13367390163775605,0.7759060750754894,0.7433016978093956
