epoch,acc,loss,val_acc,val_loss
0,0.5248850803255907,0.9537526717704728,0.7461695608371856,0.6604374427352181
1,0.7459849043957566,0.6469420449165865,0.7951991827787491,0.5333435344866518
2,0.7954713126620074,0.5369034889614221,0.8008171604286054,0.4822358342308068
3,0.8255490607831341,0.47169671662159846,0.8084780388760007,0.4607452755076649
4,0.8456954769978329,0.42120574535911415,0.8130745658226715,0.4570501269858266
5,0.8577833267192105,0.3813788974287155,0.8130745659444378,0.4383014636580377
6,0.8773054877939522,0.3454832539548398,0.8263534217981566,0.4494141126555734
7,0.8882583281312071,0.31298720754484716,0.8207354443918331,0.45272819257975844
8,0.89586289088238,0.28895349211254695,0.8197139939321805,0.4832773996446666
