epoch,acc,loss,val_acc,val_loss
0,0.4513932241327842,1.1448170551274937,0.5822267619411597,0.8466001868369752
1,0.5916236309626067,0.862044234980344,0.743615934444521,0.6582089953573537
2,0.7508086942055529,0.6335824890951517,0.7895812058594911,0.5586089469317397
3,0.8172634924745513,0.49954529656034397,0.7732379982006319,0.6538998740929749
4,0.8776459905997178,0.35110051872700354,0.7620020430226857,0.6578835993852995
5,0.9144770444626773,0.2720312581035391,0.7936670072719196,0.7218843936554867
