epoch,acc,loss,val_acc,val_loss
0,0.5998751561293442,0.8348736833422047,0.7322432288236623,0.6470715844880943
1,0.7818068326595164,0.5375571736323685,0.7613694414412665,0.5749485790272666
2,0.8318579050336735,0.4286424661755575,0.7603474704964647,0.5765454490147017
3,0.8773691976953887,0.32569578395178284,0.7797649488134779,0.5659843238872962
4,0.9198161391269712,0.2264044342524293,0.7894736842409835,0.5928661639616084
5,0.9530700261443228,0.14596576725039007,0.7843638241565161,0.6623841662399612
6,0.9599364431839825,0.1280606007071335,0.7516607035771888,0.89236153034026
