epoch,acc,loss,val_acc,val_loss
0,0.652763590972603,0.7773289276351859,0.7792539602039904,0.5680299806058803
1,0.797015094761139,0.5234082248786998,0.7915176290849306,0.5334815454531764
2,0.8588695948178862,0.3794173512308893,0.7996934083388908,0.51005852015334
3,0.8977982068207948,0.280216128239498,0.726622381256622,0.9026817351381695
4,0.917886732527298,0.2267723408443218,0.782830863627598,0.6796437202208981
5,0.9364998297379623,0.18332129992623292,0.7772100153600433,1.0708513049733352
