epoch,acc,loss,val_acc,val_loss
0,0.6250141868863525,0.807758211433353,0.7521716892932468,0.5912509375100972
1,0.8113721485252129,0.4719110836020502,0.7971384751900277,0.5067604411361043
2,0.897514470629356,0.2740526424574806,0.8002043945118061,0.5484771631357312
3,0.9639087504458987,0.11212160245502405,0.7843638241565161,0.7889561082674766
4,0.9900692319399165,0.03537161829105004,0.8053142575201601,0.8132837952919376
