epoch,acc,loss,val_acc,val_loss
0,0.6293837248758133,0.787387409663176,0.7460398568934059,0.6055000868754906
1,0.8058109180825264,0.4808518657645361,0.7721001529608323,0.5523474446717245
2,0.8720349562978544,0.3394431658634573,0.8094021460202255,0.47073635803112035
3,0.9255476110423414,0.204738676301089,0.8283086358495799,0.5095973513415107
4,0.9532402677928911,0.13779282655671363,0.8140010215460066,0.7348136866220601
5,0.9685052774399231,0.08957195110833005,0.8160449672732112,0.7099262489673125
