epoch,acc,loss,val_acc,val_loss
0,0.6748382702288868,0.7169014261334699,0.7680122638516238,0.5579470865995713
1,0.8508682329042344,0.38518551111410726,0.8053142561800455,0.4902068151158219
2,0.924299171381946,0.2054776240999752,0.8226877878256824,0.4940788178463401
3,0.9769606172747596,0.07655255386743057,0.8180889111729867,0.6164584944427287
4,0.9862671660153878,0.040919906745033006,0.8109351046303431,0.7712635186538442
