epoch,acc,loss,val_acc,val_loss
0,0.696572466221858,0.6936243796859991,0.772100153295861,0.5417306631209599
1,0.8239700374667132,0.436334085669451,0.8155339805825242,0.466388408648584
2,0.8786743843261858,0.3060474507675554,0.8216658150229944,0.4500289320580254
3,0.911133810023744,0.23173305410699396,0.8283086356972942,0.47121026851598496
4,0.933605720122574,0.1715261558867334,0.8237097598364844,0.54462252655502
5,0.9476222902986251,0.14468851986092465,0.8175779253960143,0.5474520880133142
