epoch,acc,loss,val_acc,val_loss
0,0.6576049943381622,0.7713276524143241,0.7723328231426452,0.5529674741003573
1,0.7869466515323496,0.523584205297823,0.6886166415085532,0.7585519610648863
2,0.8446651532620225,0.3944219476789676,0.7881572233164049,0.5111990234205588
3,0.8884790011215427,0.2853396813559613,0.7856049006419744,0.5468205816134802
4,0.9162883087130058,0.21475390549009152,0.8014293008765863,0.5092784740019356
5,0.9400113507648602,0.1628718630950919,0.8198060236639244,0.5249250397626206
6,0.9471623155505108,0.14290753931407557,0.8121490558231893,0.5555943985141133
7,0.9546538024701,0.12584615406600355,0.8141909139749041,0.5386738379796346
