epoch,acc,loss,val_acc,val_loss
0,0.6866628831009318,0.7254934454613727,0.7406840226734214,0.6254580916951906
1,0.8141316685719875,0.46366879607167066,0.7912200104222729,0.5096041812252913
2,0.8780930760499432,0.31651137051733885,0.7861153651951162,0.5763694872778249
3,0.9202043132803632,0.20931957707688567,0.8208269526789297,0.5113761847788366
4,0.9473325766174802,0.142056555812597,0.8167432364667783,0.5902939414174779
