epoch,acc,loss,val_acc,val_loss
0,0.6247871978344353,0.8319589159042472,0.7189575886324345,0.6850040874800392
1,0.7647259108068561,0.5827060257883865,0.7598364845976637,0.597212245711637
2,0.8070593575940962,0.4852753117344001,0.7787429735133035,0.5571554630888197
3,0.8416751787673601,0.40729239727105665,0.8012263667662655,0.5147263066587121
4,0.8624446714402003,0.35089700904718907,0.8150229947750948,0.48880856301812536
5,0.8832141641062757,0.30431284243964996,0.8083801738266806,0.5126170242052025
6,0.8940528884146165,0.28017337653913205,0.8216658152057373,0.4900996120961637
7,0.9100556123366274,0.24330443459084242,0.8058252429011895,0.5421419880739815
