epoch,acc,loss,val_acc,val_loss
0,0.6971623155234485,0.7228758366099822,0.6763654926895426,0.815248967342805
1,0.8169693529808832,0.47011966005086087,0.7651863195812173,0.6047152119397265
2,0.8968785470784996,0.2861164732566621,0.793772332883721,0.7352960924672618
3,0.9391600453894201,0.18139526314238483,0.8039816233076083,0.7550143475828273
4,0.9617480135938231,0.12878848517780847,0.7866258295657015,1.120730846116225
