epoch,acc,loss,val_acc,val_loss
0,0.6958174905044443,0.699625732227809,0.7512768130136827,0.5959585460018941
1,0.8383746666011471,0.41896483922483674,0.8335035750157256,0.4290335660874539
2,0.901764939564134,0.2738416287252063,0.8125638405928451,0.6354604350047165
3,0.9378014868690318,0.18485412952456273,0.7671092951991828,0.8957498675103815
4,0.9547698768548666,0.1428230674871301,0.8391215526655819,0.6856812017078419
