epoch,acc,loss,val_acc,val_loss
0,0.6715664018025869,0.7438452760829557,0.7253700871745076,0.6390977540510293
1,0.7971055618750521,0.5001345119194871,0.7672281778546363,0.5453319055441389
2,0.8510215664288784,0.3756738497030992,0.7973455848165651,0.47753967150794785
3,0.8921112372168889,0.2862490510409455,0.8065339461950212,0.49915586036951826
4,0.9181044267742101,0.21401019726417933,0.8244002043683655,0.4540796585993355
5,0.9348467650397276,0.1738075483975156,0.8208269526789297,0.48427649777175336
6,0.9477298524404086,0.13694893234027772,0.8213374173233495,0.564546897832443
7,0.9572077185287649,0.11474701174609912,0.8289943850423804,0.542737918462359
