epoch,acc,loss,val_acc,val_loss
0,0.6635832246630804,0.7831470255690464,0.6838610824939545,0.7224992030244073
1,0.8288405879822067,0.43245656025490203,0.7323799798145236,0.6837760522976837
2,0.941433516833279,0.16918983975943638,0.786516854480533,0.619074269139852
3,0.9772430622552636,0.08554746964174206,0.7997957096645367,0.6865126261672155
4,0.9869473923159866,0.05308233833308422,0.7967313582246954,0.7850045139261115
5,0.989671414789172,0.05361125740486845,0.7936670076372188,0.9485040300956664
