epoch,acc,loss,val_acc,val_loss
0,0.5750766088791811,0.8998583270017628,0.7164026549048855,0.6840130681582233
1,0.7238111449362215,0.6605107575036004,0.7501277478909578,0.6091827000350932
2,0.7611508340018924,0.5834451032853832,0.7705671966654583,0.566683767368188
3,0.7912268757197768,0.5122365922652394,0.7930505866899622,0.5143432916581295
4,0.8270343889742025,0.442153096456098,0.7710781804322587,0.5702528542685277
5,0.8512654634897182,0.37715484184150516,0.8042922860880439,0.4852897942858079
6,0.8809442741959363,0.3107766359587855,0.7812979059616522,0.5893331436277593
7,0.8967767566655581,0.2697371224914097,0.7981604506729449,0.5307284376574951
8,0.9187379410745553,0.22262154815348792,0.7199795588158074,0.8913150162007288
