epoch,acc,loss,val_acc,val_loss
0,0.5590738849436407,0.8980839720528373,0.7700562081473423,0.5673546441733137
1,0.8083645443534245,0.5055917416483708,0.7956055183159677,0.5063212278185295
2,0.8900805810715227,0.301151715622372,0.8334184975787334,0.47711548603610476
3,0.9441039609917176,0.15926241945725214,0.8262646912492899,0.6994320577544464
4,0.9652139371037551,0.10408428079230793,0.8298415943683259,0.5754854470171609
5,0.980876177505391,0.06540646129926736,0.8262646910360899,0.6692989256592752
