epoch,acc,loss,val_acc,val_loss
0,0.6543525138760165,0.7722004489465193,0.7240674502397595,0.6288029977601587
1,0.796901600265622,0.5159070587715623,0.8058252427184466,0.497984088435731
2,0.8588128475701278,0.38219491799361266,0.8206438426162493,0.4680042300348569
3,0.893882646705165,0.2894645893347817,0.8237097598364844,0.46920285780909843
4,0.9210078310998963,0.22200988032005795,0.8048032703117016,0.6240732177718903
5,0.9379752582135069,0.18575096200894126,0.8150229943791517,0.6199387347951006
