epoch,acc,loss,val_acc,val_loss
0,0.6171963677368424,0.8204032132898909,0.7498723841127295,0.6244982412848441
1,0.760329171423203,0.5829875398033999,0.7330270548935385,0.6417168625889536
2,0.8061861520863554,0.4804353208161645,0.7820316490133907,0.5294209871290897
3,0.8408059023565927,0.40140168677664506,0.7871362943013996,0.5182321419850973
4,0.8685017025971385,0.34190010848570357,0.8019397653688759,0.47589101432050107
5,0.887060158883267,0.29321576850774206,0.7779479328012393,0.5928500809798501
6,0.9030079455299898,0.25439885906139376,0.7998979072171611,0.5464032322487824
7,0.9107264472326003,0.2275553118898433,0.767738642377352,0.7042833796382376
