epoch,acc,loss,val_acc,val_loss
0,0.6961407491486946,0.6994907533946563,0.778458397293529,0.5330488923680362
1,0.8245743473461078,0.4380084386478082,0.7942827974977148,0.5110202789641327
2,0.8849035187151862,0.29748636266294864,0.8213374171103671,0.43167322664129426
3,0.9211691260067207,0.20817519489265598,0.8254211332920925,0.44164809418034956
4,0.943132803618705,0.15081020512794663,0.8111281267473319,0.5262127114900099
5,0.9562429057888763,0.1184363635322428,0.8208269526180776,0.4892860808471078
