epoch,acc,loss,val_acc,val_loss
0,0.6486946651397039,0.7817436833251754,0.728943338711813,0.6457098112415453
1,0.7556753689260407,0.5868675954902077,0.7580398164457542,0.5827660967404287
2,0.7883087400681045,0.5199610373083497,0.778458397354381,0.5441653053026652
3,0.8115209988649262,0.4662129746730969,0.7963246556494296,0.5282778807018654
4,0.8328603859386162,0.42612989298601833,0.7947932620812825,0.5125874010594053
5,0.8448921679638571,0.388222236408684,0.7912200104222729,0.5024259526276844
6,0.8633938706151202,0.35165476761124054,0.7866258296874058,0.5272061794828918
7,0.8732690124993427,0.3184046769521023,0.8024502298915915,0.5108354296411648
8,0.8863223609805242,0.29154321911927655,0.7968351201417192,0.5099912725461265
