epoch,acc,loss,val_acc,val_loss
0,0.5366587219099197,0.9766254325065098,0.7112927931148176,0.7107047112425432
1,0.6884576101103403,0.7365281596287684,0.7051609658926923,0.7131157101388482
2,0.7213710136208465,0.6731271317118536,0.6954522168812973,0.6914004118514414
3,0.7423674953997224,0.6221707565345284,0.7291773085577121,0.615324987643948
4,0.7587674499613353,0.5969039714102333,0.7542156320051935,0.5863876741457545
5,0.7765860858860304,0.5552489065735663,0.7654573385302486,0.5864308511169212
6,0.778969469946882,0.5404280251277426,0.7312212533712021,0.6590092093224542
7,0.8018953581292517,0.4973420373678559,0.7480838020114674,0.6080987366962384
