epoch,acc,loss,val_acc,val_loss
0,0.6041311996029937,0.8367863301791935,0.7812979048347376,0.5527810405332578
1,0.8209056860606958,0.468809860117413,0.7715891675798029,0.6346230954921666
2,0.8987061627849305,0.2765178134635931,0.7894736837841262,0.5865522349556916
3,0.9485869935646377,0.15439151357104675,0.8237097599278559,0.576421084776178
