epoch,acc,loss,val_acc,val_loss
0,0.5342224744879023,0.9228782359100498,0.6528841249793084,0.7882434382555495
1,0.769239500581068,0.5820687857984008,0.7835630425815377,0.5264756030547126
2,0.8766174801632711,0.33278749244843653,0.8172537011111981,0.47888130323810196
3,0.9395005675368899,0.17210809071712135,0.8070444106873108,0.5715194455879936
4,0.9663450624290579,0.09939428074761092,0.8034711589065968,0.6805456286489264
5,0.9782065834279228,0.06899354349352445,0.8009188363538706,0.7609968574878329
