epoch,acc,loss,val_acc,val_loss
0,0.6892735527538685,0.7241692696269877,0.7968351202025713,0.5153867773038505
1,0.8131101021566401,0.4669073669647927,0.7437468099009936,0.6081364285039196
2,0.8735527809036983,0.3249439717421602,0.809596733240037,0.470327946651706
3,0.9200908058888525,0.2126150858625516,0.8269525270427959,0.48593179731724395
4,0.9501702610669693,0.139231118207605,0.8223583463383548,0.5518797459865237
5,0.9624858115777526,0.10445793254446835,0.8346094947618268,0.5371858581649581
