epoch,acc,loss,val_acc,val_loss
0,0.4547156962447588,1.099190763306393,0.6274910580155554,0.9566184165347396
1,0.6991828394902171,0.7577393040485488,0.6228921816674312,1.180571705879578
2,0.7879922823945993,0.5807423641470338,0.7981604498506019,0.5424005735206799
3,0.8556917489434112,0.42588168015654304,0.7935615737156778,0.5649154155943914
4,0.9035296787023409,0.2945232757028637,0.8083801739180521,0.5964349494275233
5,0.9400181592207547,0.2041996559833184,0.6586612162080784,1.4634369172547992
