epoch,acc,loss,val_acc,val_loss
0,0.5611167858291222,0.9078924748794999,0.7439959121712874,0.6448145402775288
1,0.7500283736171145,0.6337021674853883,0.7823198773937683,0.5541142503339292
2,0.8022358415684491,0.5246108203209727,0.7894736842409835,0.530782008603573
3,0.827545114095792,0.4621407998574198,0.8027593255286687,0.5030057229554707
4,0.8464986948268312,0.4214319523773566,0.8099131323758838,0.4777462432502665
5,0.8641470888797196,0.3720690387289203,0.8058252427489038,0.49260327847380386
6,0.8789581205649782,0.3407683666292783,0.8058252427489038,0.5047948339579966
7,0.8868459880034075,0.3113215422132421,0.8042922841387862,0.5202187176224645
