epoch,acc,loss,val_acc,val_loss
0,0.6597616344250561,0.7824527831407735,0.7611026036124743,0.5859886386249673
1,0.8165720773067973,0.46626445450117043,0.7605921391810369,0.590176529699348
2,0.9174801362359158,0.22461814182841142,0.7350689131973835,0.8326669291856035
3,0.9708853574129293,0.08864330370465419,0.7881572234381091,0.6897340126947945
