epoch,acc,loss,val_acc,val_loss
0,0.6333560324353807,0.7879951389121923,0.7542156339544511,0.6012114511501077
1,0.8136987859200787,0.46548872115581996,0.7659683192208767,0.555532203746439
2,0.9023947341057056,0.26660562589833936,0.7950945303765377,0.5520402658150156
3,0.9682215414243691,0.10376086770801562,0.7797649447626768,0.6976925660653813
4,0.986210418875866,0.04972022417698095,0.6990291259394779,1.4924377185931665
5,0.9822381117492458,0.05495035808608266,0.7935615728933347,0.8558861519465595
