epoch,acc,loss,val_acc,val_loss
0,0.7012257405651129,0.6956055308495027,0.7588145120690901,0.5836300343107556
1,0.8364544319938739,0.4231407225111694,0.6515074093151775,1.1648000529303377
2,0.8970037453318817,0.2770197166174552,0.8048032703117016,0.5696708185709614
3,0.9353648848030871,0.18172007577284288,0.7920286152273889,0.6460031640388006
4,0.956758597187741,0.13908299536439703,0.7797649463769057,0.9435590127322159
5,0.9661218930678909,0.1099293342379902,0.7705671947162006,1.1242666315624283
