epoch,acc,loss,val_acc,val_loss
0,0.7127695800091703,0.6791197463683996,0.7600816743540606,0.5678938124300327
1,0.8685017025971385,0.34187342571887475,0.7508933129756046,0.6934845976953667
2,0.9528376844494892,0.1323884188541117,0.7753956100355307,0.896612118676708
3,0.974177071496117,0.07886203735787739,0.773353751944668,1.1194684682542295
