epoch,acc,loss,val_acc,val_loss
0,0.5154919988815988,1.063915263691875,0.721512517425925,0.71063397405217
1,0.7254568151009231,0.6671625161844733,0.7169136417478582,0.6857593762795414
2,0.7845307005248645,0.5447935665753735,0.719979558328493,0.6526877255420266
3,0.8489955736876157,0.39668077444221145,0.7675012789579089,0.621262096938395
4,0.8929179435812132,0.3170379681838058,0.7700562064112847,0.6459093275092119
5,0.9210078310322483,0.24837072307102093,0.8068472156429631,0.5352544672768154
6,0.9467710819204879,0.18981656342179967,0.7996934092830624,0.5666744293579351
7,0.9594257175753274,0.20046971238292977,0.8104241190665707,0.7039069661877261
8,0.9669163547056295,0.12331506596091128,0.8042922860880439,0.7339792287526352
