epoch,acc,loss,val_acc,val_loss
0,0.39988649255436476,1.1610737608726667,0.49259826446626187,1.1512349948644516
1,0.5435868331712166,0.9910554706847357,0.606942317934898,0.8285656798062366
2,0.7107832009892459,0.7460304061752172,0.7570188874916011,0.6058427678376451
3,0.8070942110290051,0.552201301738975,0.7049515062658808,0.7219344093642592
4,0.8741203178612518,0.3727747078853893,0.7825421135969586,0.5416253687107423
5,0.9136208853169548,0.2740044618640666,0.7840735072259577,0.6040918116608465
6,0.9422814981891403,0.18253229404551216,0.7177131193641986,0.8659692673795134
7,0.9593643586968456,0.1571480042209149,0.7876467588241153,0.8751361973131111
