epoch,acc,loss,val_acc,val_loss
0,0.5920440356613166,0.9623744490130131,0.7445068970650023,0.6422083683323361
1,0.7385654298878462,0.6231042714452327,0.7715891648691164,0.5851162357420475
2,0.8010441494534633,0.5004254516360844,0.6131834459048969,0.9259926432788402
3,0.856940188116741,0.37622030734366446,0.8155339789987525,0.48320904537068377
4,0.9171490183132026,0.25994363498361683,0.8165559528674406,0.4908426686946263
5,0.9553966635594829,0.16623356365552758,0.8165559530197264,0.6051493298355632
6,0.9718533652606176,0.14264918969663593,0.8160449647148105,0.6881504275997378
