epoch,acc,loss,val_acc,val_loss
0,0.6234820111292254,0.8148002584464108,0.7266223816830222,0.6629403579216803
1,0.7644421745680637,0.5746608378633903,0.7577925400887452,0.5665405844630912
2,0.8083077970786068,0.47907047955108517,0.7429739401909424,0.64680527358501
3,0.8414481897763261,0.39812257488839214,0.7853857944617176,0.5495238672974284
4,0.8682896379863833,0.3412256449657162,0.7823198772414826,0.5983805280591861
5,0.8858812847847485,0.29446105731898736,0.7869187536809782,0.5301502811768619
6,0.9078424696740465,0.24516305786407083,0.7986714357494029,0.5968881100492326
7,0.9114742934900006,0.22899108329596957,0.7230454772238715,0.8137708404993731
8,0.923277721064354,0.20749578676122554,0.7981604501551733,0.5806047038637258
