epoch,acc,loss,val_acc,val_loss
0,0.7033484676503973,0.6960405867567939,0.7488514548543158,0.6212670618383905
1,0.8345629965947786,0.4270906270429847,0.7988769781108777,0.5006673930858458
2,0.9005107831873769,0.2698479532299058,0.815211842807353,0.5074926910198362
3,0.9365493757229523,0.17801942566703585,0.768759571240227,0.8814558169104239
4,0.9582292848899876,0.13568895993887464,0.7422154160894381,1.1498822257980028
