epoch,acc,loss,val_acc,val_loss
0,0.6907274996824397,0.7176138106735674,0.786918753224121,0.5396226279943892
1,0.8080808081078673,0.48304896968377864,0.8027593255286687,0.4918201973868318
2,0.8596073090793352,0.36000371877674403,0.7956055186814536,0.5085802264035693
3,0.8920667347430696,0.2730014373030082,0.8027593255591259,0.5151343963008543
4,0.9185676995003998,0.2101986137489471,0.8007153807456359,0.5668087606839398
