epoch,acc,loss,val_acc,val_loss
0,0.4424517594184832,1.1043341967088005,0.5737621235780536,0.8811427196597128
1,0.6538024970270042,0.8193513583243908,0.727922409788086,0.6528714325368374
2,0.776276957988739,0.6133633826025228,0.760081674597469,0.607533484195312
3,0.8434733257120502,0.44634517571982946,0.8075548751796003,0.5265318402348276
4,0.897843359696608,0.3376974856339302,0.80806533967189,0.4976545305444368
5,0.9339954597860676,0.2239609368915049,0.7993874428161496,0.629060924479157
6,0.9485244039644855,0.21499611501931873,0.7988769783238601,0.5392854513411257
7,0.9522133938164771,0.19124675345407308,0.7968351201417192,0.6671945690621887
