epoch,acc,loss,val_acc,val_loss
0,0.6821586652709087,0.7235971007603087,0.7751660705770104,0.5583008727250077
1,0.8058109181839983,0.48330709839798025,0.786918753224121,0.5188340248657114
2,0.862671660404175,0.35939456566605066,0.7833418498005134,0.5351928692114981
3,0.8966065145637483,0.2721603217598881,0.8012263669490083,0.5263278229418128
4,0.9191919191851544,0.2122783964256087,0.7981604496983161,0.5722150214637002
