epoch,acc,loss,val_acc,val_loss
0,0.685715907173147,0.7210392464939809,0.7517875382435091,0.6003531492158268
1,0.7863344872730502,0.5191473510281451,0.7890704801425992,0.5357892959244527
2,0.8303161001112085,0.4220523571029071,0.810520939795306,0.4817839152235785
3,0.8652743885306182,0.34632792476086643,0.8049029621454498,0.48521872441663927
4,0.8924011123159418,0.2819266889935001,0.8079673136461744,0.5101626415235638
5,0.9114125191600482,0.23183592598701158,0.810520939795306,0.5257588904408074
