epoch,acc,loss,val_acc,val_loss
0,0.617012824891523,0.8420149464096361,0.7445068983442027,0.6210799365855019
1,0.7956531608149353,0.5245750972299486,0.8058252427793609,0.49671289850146294
2,0.8648848031141094,0.36240945162993393,0.7700562085432853,0.6814060574230882
3,0.9082397003745318,0.26525392454451974,0.8211548288348505,0.5119897346442978
4,0.9355351265260681,0.2035642076326396,0.79458354625948,0.701023930119323
