epoch,acc,loss,val_acc,val_loss
0,0.6541255249188066,0.7753936350311788,0.7036280023180592,0.6992139000337101
1,0.7879922824081288,0.5275559680353106,0.7899846705966417,0.526420121967762
2,0.8421291567088391,0.3904211244468399,0.7700562081473423,0.5729176717323494
3,0.8878106911950073,0.29333572804542235,0.7588145119777187,0.6310684435758654
4,0.9154466008195649,0.22668689331913924,0.7823198770282825,0.6153849263732142
