epoch,acc,loss,val_acc,val_loss
0,0.664131668626112,0.7396164058285863,0.7805002555060959,0.5339008223164623
1,0.8267309874194705,0.443309984358702,0.8126595204067572,0.45363464746139315
2,0.9056753688583851,0.25857734347986444,0.8203164883083442,0.4711233570662124
3,0.9616345062564369,0.11546065180174474,0.8198060236943504,0.51442699258336
4,0.9817253120099781,0.057487787994705185,0.8177641656034877,0.622009952619649
