epoch,acc,loss,val_acc,val_loss
0,0.6736662882410844,0.7265240883718961,0.7810107199679595,0.5551873979031766
1,0.8454597049214106,0.3933667851225066,0.8172537009590679,0.4591812447147019
2,0.9263337117183222,0.20208978376242415,0.8335885657163954,0.48456153696504645
3,0.9726447219881108,0.08186524600873064,0.7901990813464155,0.703687461953555
4,0.9768444949733548,0.0646274949513824,0.8106176622854684,0.7755618866394222
