epoch,acc,loss,val_acc,val_loss
0,0.47020431341567454,1.0903963029452268,0.5783563046932464,0.8874489050729352
1,0.6606696933947681,0.8111602895376225,0.7131189384772012,0.7835702703825487
2,0.7740068105779901,0.5946069903392662,0.7263910161286607,0.6986484190162924
3,0.8464245176207058,0.44440435855802696,0.792240939406852,0.6172868313230745
4,0.8988081725582768,0.329899657124423,0.7927514039904199,0.5442764348159828
5,0.9315550511595069,0.22258636582384855,0.7912200104222729,0.7938215566904585
6,0.9482406357360347,0.19788377899317142,0.7258805516059451,1.3496866246886008
7,0.9534619751095637,0.18886899451189226,0.781521184460249,0.859920421871012
