epoch,acc,loss,val_acc,val_loss
0,0.6523466318766258,0.7756445999651814,0.6792645554864005,0.7003596116378675
1,0.7897962658327233,0.5202278029407222,0.81613891701898,0.46887709177551035
2,0.8462062312183204,0.39118365229620483,0.7926455564469678,0.5202609628164975
3,0.8849668009896384,0.2936015613780891,0.8192032691894197,0.4659951432123856
4,0.9224788604539813,0.20690920736470927,0.8299284982851748,0.4789047543800401
5,0.9339992055002105,0.17011458447981986,0.8110316651468988,0.5657102465020746
6,0.946314057090971,0.14077835938892255,0.8146067421209824,0.5560267324101815
