epoch,acc,loss,val_acc,val_loss
0,0.6745545341456847,0.7461460650731616,0.778742974427018,0.5470544676970753
1,0.8277721029650595,0.43975446491354564,0.7996934081561479,0.47559737444959493
2,0.903132448150681,0.2689953820853698,0.8022483391730104,0.5005780995409892
3,0.9532402679755406,0.1485551233263755,0.8206438421898492,0.4909401009383711
4,0.9787197820905686,0.07679058330442412,0.8165559528674406,0.5345732961982625
