epoch,acc,loss,val_acc,val_loss
0,0.49421178073539945,0.9630398182264996,0.5682166585157158,0.8577366912614708
1,0.6657019634818316,0.7311995327235918,0.7669902914448788,0.5974656711991612
2,0.8042219952467607,0.5044454445417887,0.7828308634448551,0.5464276822781649
3,0.8689138576576082,0.34788704221012673,0.7986714362671744,0.5881362009791616
4,0.9050618544932919,0.258657590226193,0.7869187536809782,0.634354951921384
5,0.9341731925798645,0.18773033949455084,0.7976494633426578,0.6676451275101352
