epoch,acc,loss,val_acc,val_loss
0,0.586199069608964,0.9829969122818144,0.6847215132196764,0.7382251167090255
1,0.741800022665075,0.6324106207595837,0.7158916727523141,0.6745564975662992
2,0.8041652478501767,0.48722837679151537,0.8002043945118061,0.49630965319103776
3,0.8666439679772721,0.3521599090592489,0.7976494634949436,0.5237544766024296
4,0.9258880947453658,0.220071928318784,0.8083801737657663,0.4845312457640194
5,0.9610713881594466,0.1673539142179213,0.7925396019485329,0.565858554614705
6,0.9771308591533311,0.12469355980972943,0.8119570747528018,0.6629453782652737
7,0.9868913857677902,0.10383357898116656,0.8211548309516224,0.7594762826124258
