epoch,acc,loss,val_acc,val_loss
0,0.5422766996071295,0.9330317279075118,0.748083801920096,0.6274431950289434
1,0.7672795369492231,0.5890427353487371,0.7664793052415063,0.5818573732307875
2,0.8327658608692781,0.4495188467159754,0.7996934087652909,0.507745429119652
3,0.8888888888821241,0.30936415092504843,0.7956055191383108,0.5888057940153669
4,0.9265123141527636,0.21578411675753706,0.7838528356384,0.6624372178763837
5,0.9496651912179306,0.14538542050439132,0.7680122631206522,0.9416444991155126
