epoch,acc,loss,val_acc,val_loss
0,0.6399954602607681,0.775247273448106,0.7618804297157252,0.582708347404131
1,0.8015548745547585,0.48864510599255306,0.8155339807652672,0.4488944657828409
2,0.865225286648014,0.34476354349865,0.8160449669686397,0.4500202250894869
3,0.9214050617192041,0.22118073078651404,0.8303525800539269,0.45746754136509477
4,0.9416070819753427,0.16312040252104315,0.830863566775071,0.520103016235296
