epoch,acc,loss,val_acc,val_loss
0,0.6869821813371446,0.7261021087786868,0.7976494635558579,0.5212013189075062
1,0.8119963681490843,0.46604409930573704,0.7756770571154116,0.5526812687995912
2,0.8758937691657257,0.31532305195266364,0.7690342356492258,0.6050023899495023
3,0.9222562705708773,0.2107227525395076,0.8395503322324036,0.46888023485440533
4,0.947906026591536,0.14105706842813437,0.8196218697831043,0.5880587661394246
5,0.9638520031778459,0.10120219225787964,0.8150229947750948,0.6868250149515861
6,0.967200090775302,0.08970199671222273,0.832396525080617,0.6372117144633874
