epoch,acc,loss,val_acc,val_loss
0,0.5449438202314839,0.8992541114705711,0.7082268781484118,0.7357911644812805
1,0.7846441947497895,0.5520504905652301,0.7996934087652909,0.5520460935167714
2,0.8811712632072647,0.33216038574264317,0.8191108835797317,0.4994029407301422
3,0.9392236976303695,0.17210696748573168,0.8175779257919573,0.5435780063233451
4,0.9680512994916792,0.10176044107227587,0.7986714354448313,0.6566600987176597
5,0.9749744637385087,0.07869582867452579,0.8196218699963043,0.7860889042221775
