epoch,acc,loss,val_acc,val_loss
0,0.675993189530259,0.7386874263998329,0.7626339970893431,0.5694173294375782
1,0.8002837684314178,0.4932663149987934,0.7947932620812825,0.5001568922039926
2,0.8528944381655412,0.3728755016873562,0.7907095458691311,0.5199909450418795
3,0.8901248581428398,0.2802099418761917,0.8009188363234445,0.4954858287644058
4,0.9179341656937096,0.21399808742537266,0.8116385913308997,0.4860808359323076
5,0.9351872871601351,0.17356369186205436,0.7983665138315704,0.592199423776834
6,0.9484108967353483,0.14007911142236665,0.7820316489829647,0.7428158980477154
7,0.9528376844359581,0.12015443500067942,0.8095967333008891,0.6144599294467749
