epoch,acc,loss,val_acc,val_loss
0,0.6690500509778158,0.7847405572766114,0.7572815533676011,0.5885079337372485
1,0.8286800589291953,0.4379999360111701,0.7373530912228732,0.6362471860711162
2,0.935364884870735,0.18938610279361204,0.722534492056042,0.8344914280887032
3,0.9792872545681535,0.07382628742164467,0.7766990287911849,0.8297819955408664
