epoch,acc,loss,val_acc,val_loss
0,0.5292849034646042,0.9436905446848182,0.729964268609174,0.6678969135023977
1,0.7644721905570837,0.578613708143743,0.7366003081347031,0.6448867645964689
2,0.834960272295927,0.4181298272969639,0.7912200096007693,0.5135401092724511
3,0.895232690422543,0.27485550970820105,0.8060234796033336,0.484700770859453
4,0.9225312146507246,0.20339345228726152,0.8034711569897552,0.49648334004551614
5,0.9475028379009476,0.14217543104720576,0.8039816245550766,0.5916769303430885
6,0.9606696936112663,0.11117244660177783,0.7845839713835606,0.6151474479390018
