epoch,acc,loss,val_acc,val_loss
0,0.6949835432913852,0.7028995219403722,0.8027593255591259,0.4812944285042382
1,0.8370219044173404,0.4186948507554062,0.8027593255286687,0.5216581642658173
2,0.9042673930449676,0.2589421782648099,0.7945835463051657,0.5771265904027464
3,0.9377482692089434,0.18159993444787678,0.8446601941899858,0.487542610023481
