epoch,acc,loss,val_acc,val_loss
0,0.5294818681408481,0.968598987443122,0.6787538253859188,0.7453298608908493
1,0.6872481695842976,0.7423708512140222,0.6705822240222584,0.7607882282828895
2,0.7219794562527151,0.6705145722796431,0.736465779948405,0.6270443829379603
3,0.736507575910131,0.6373480026956435,0.7272727281250919,0.6324161162658902
4,0.7594347655837432,0.5914849951693314,0.7655771134213846,0.5806830995416495
5,0.7737926340395406,0.5625481371082368,0.7502553604840014,0.5990281419807606
6,0.7843482205277978,0.5375932947365233,0.7201225693062694,0.6618882731227271
7,0.7976845810128005,0.5018237761928629,0.7553626200273649,0.6002743245388806
