epoch,acc,loss,val_acc,val_loss
0,0.4988366156490062,0.9962008206773025,0.7308478061341899,0.6735323699794337
1,0.7539299699729908,0.5991833349895439,0.7834525043192387,0.5599861862223531
2,0.8337211279253177,0.4224606520011594,0.8038815115031476,0.4822279021250459
3,0.8899040914415318,0.28950590932350967,0.8049029641545952,0.49653413742628477
4,0.9316156854979142,0.1897859627079811,0.8054136865229115,0.4986040416850011
5,0.9512513476240466,0.1357675440701208,0.8237997947966602,0.48858212931528766
