epoch,acc,loss,val_acc,val_loss
0,0.6876844494621546,0.7062358742539647,0.7784583972022507,0.5255200997671952
1,0.8329738932895335,0.42995698685407907,0.7988769780804515,0.4854389067935116
2,0.8961975028106222,0.2884637433439324,0.7988769781108777,0.5263951050194627
3,0.9388195232554813,0.17253460389869574,0.7774374681263934,0.6541967147038018
4,0.9632803632506718,0.10737339329063283,0.7835630423989814,0.7816205594903538
