epoch,acc,loss,val_acc,val_loss
0,0.6272985244311485,0.8197539174732636,0.7411944872569892,0.6148368426888131
1,0.7553916004675606,0.5848668301146093,0.7636549262260527,0.5816973452667852
2,0.8028944381520101,0.48399333558071755,0.7963246555885775,0.49150325352589413
3,0.8354710556456775,0.41177428316718195,0.7702909649909303,0.5530703380711532
4,0.8601589103291714,0.35000127552417565,0.8009188363234445,0.4964169222003894
5,0.8789443813712589,0.3055707798710476,0.7733537521272243,0.5742771212332951
