epoch,acc,loss,val_acc,val_loss
0,0.6720204312603807,0.7476198452690809,0.764675855241058,0.5608057711518741
1,0.832633371277375,0.43566841899198516,0.7713118940363617,0.5669197656020271
2,0.8990919410844125,0.2751438049601643,0.7917304749449885,0.5365361680693624
3,0.947729852386284,0.15882057697426583,0.8106176622246163,0.5174130801950078
4,0.975822928503883,0.08607004497297506,0.8039816233988865,0.5918767111316027
5,0.9847332575264367,0.05375617412209646,0.7932618684218574,0.7238476571074063
6,0.9923382519187235,0.03338858508478499,0.8070444105351805,0.6588019279571989
