epoch,acc,loss,val_acc,val_loss
0,0.6280785382179569,0.8167070084486223,0.7756770569022114,0.5779419749990433
1,0.7576325048167513,0.5882074879288958,0.7899846705966417,0.5104588552829741
2,0.8008739076087158,0.4884333515083353,0.8099131328327411,0.4711611633649211
3,0.8351492452751345,0.41136576183374507,0.7705671946552863,0.5216865732344548
4,0.8620474407329501,0.3549041098626162,0.8283086355450084,0.4291300218995883
5,0.8836113948270555,0.30408286514428073,0.8395503317146321,0.4154212747414501
6,0.8975712177756425,0.2682937847497095,0.8231987735112833,0.44032702376846156
7,0.9114742935305894,0.23161191493695582,0.8134900354340056,0.5134679482613038
8,0.92214277608889,0.2061796450219865,0.8349514564934225,0.4518631214868919
