epoch,acc,loss,val_acc,val_loss
0,0.4713993872109018,1.0723761944369796,0.5983648436923507,0.9026381556148363
1,0.6645670184048956,0.8081862216991026,0.7087378640472127,0.6988373889445527
2,0.7786857336539711,0.58064945747871,0.7424629534697983,0.6302503355620281
3,0.8541595731186361,0.43350993269838195,0.7690342360451689,0.5692085023735273
4,0.9077289752732367,0.29909577986876384,0.7884517120778957,0.622842761284853
5,0.9387129725493688,0.21407852403801803,0.7879407257831517,0.7673516606090626
6,0.9587447507442863,0.16075914473461111,0.7705671941375147,0.7546005107702256
