epoch,acc,loss,val_acc,val_loss
0,0.502383654937571,0.9671504215133312,0.7166921910185665,0.6734721510917816
1,0.7619182744307632,0.579329942960068,0.7845839734221065,0.55512713670974
2,0.8333711693289602,0.4208974895561188,0.7998979077952562,0.49262861433596317
3,0.897786605885838,0.2721860493521685,0.8090862697822333,0.48772125474770134
4,0.9228717366899454,0.2049450921619926,0.7861153636433873,0.5883451057307997
5,0.9450624290037642,0.14994585639739008,0.8141909131229745,0.5410866307445543
6,0.9538592509324921,0.12617946921020035,0.808575805989743,0.5540076254459594
