epoch,acc,loss,val_acc,val_loss
0,0.593189557429475,0.8823483508642632,0.6824910672359652,0.7189341046300209
1,0.7344494893385793,0.6444786236180621,0.7514037776808765,0.5841659458393099
2,0.7686719637994193,0.5717618288030418,0.7442572743932832,0.5890553107122914
3,0.7924517593508276,0.5222929238461204,0.7789688619379489,0.5268262777783665
4,0.8146992055024787,0.47205174014598095,0.7932618685739876,0.4821129783250167
5,0.8344494891220812,0.42582602831075195,0.7820316491046689,0.5273785224187246
6,0.8531782065563657,0.38375638875598667,0.7993874428161496,0.49817699178741437
7,0.870544835522551,0.34569393895676404,0.7917304750058406,0.5464377489060757
