epoch,acc,loss,val_acc,val_loss
0,0.551929625452715,0.903832717150213,0.6283818277976779,0.7939049629851104
1,0.7664585697935064,0.584572923372877,0.797345584786139,0.5095661369101498
2,0.8725879682314653,0.3475540633504697,0.7912200104526989,0.5572419385024028
3,0.9372871736662883,0.1832890275396432,0.8218478818156392,0.503311577775516
4,0.9632803632236095,0.1126302298297947,0.8126595204067572,0.6197690586157756
5,0.9737230419977299,0.07966794555247778,0.8147013784671937,0.7280182495538284
6,0.9846765039592271,0.0487891494383175,0.8070444106264587,0.9480417022417856
