epoch,acc,loss,val_acc,val_loss
0,0.6941323345953024,0.6981963090046407,0.7956055186509964,0.5153640618754335
1,0.8416751787673601,0.4174511106043205,0.820132856443334,0.4581113872658433
2,0.9008625581726938,0.26589989775819034,0.7593254982420055,0.8061972858272892
3,0.937748269188649,0.18126453418166694,0.8119570771893738,0.6932629422685841
4,0.9569288389310164,0.14447280323451453,0.814001022002864,0.8329385869284948
