epoch,acc,loss,val_acc,val_loss
0,0.5085409454932434,0.9699149186065495,0.6532175688261397,0.8023461628252444
1,0.7430906305112319,0.6586489079522326,0.7829417778717486,0.5260728354108224
2,0.8181147494568307,0.4793626677434538,0.7921348312171413,0.5196439472842387
3,0.881788774764157,0.33189568620528814,0.7997957096645367,0.5036058897748057
4,0.9291186652459011,0.20803513660731823,0.7906026563191438,0.6408940959147219
5,0.9498325861222181,0.15024955457634664,0.8054136876188089,0.6657509647911002
6,0.9658362181521823,0.10460221085156832,0.7926455568731501,0.9034114250488983
