epoch,acc,loss,val_acc,val_loss
0,0.6633185790895049,0.7582962906816574,0.7669902911403074,0.5471628605557999
1,0.8260696854781866,0.44669493271819904,0.8022483393862105,0.4804563973866133
2,0.8975144705143544,0.28364702529512703,0.8119570770370881,0.4802114424744491
3,0.9475655431996922,0.16118355020635475,0.8201328559864768,0.48150803565248035
4,0.9771876063740303,0.08316187801554287,0.8247317323346008,0.5033241315922325
5,0.9865509022541802,0.050557593755308175,0.8252427188425449,0.5283583954060388
