epoch,acc,loss,val_acc,val_loss
0,0.5292281499109257,0.9900938671238712,0.7294538008917224,0.6683816203905527
1,0.7370601592215452,0.6699338406764148,0.6896375698541852,0.7444258701320569
2,0.7944381381407228,0.5291131903242984,0.7651863187901398,0.5779953697860819
3,0.8536322364336245,0.40429896480920774,0.7835630429162244,0.5932662095446681
4,0.8954029510294539,0.3085132710035218,0.7432363435831406,0.6893374117860507
5,0.9351872869436371,0.23163266017204245,0.8060234833761647,0.5233185408126341
6,0.9553916003593116,0.15465986931296943,0.8116385910874913,0.7449814186466173
7,0.9531782065834279,0.17489041011277312,0.8060234813376189,0.6488486730121361
8,0.967139614291413,0.12966330108252883,0.6748340973871103,1.226533606260513
