epoch,acc,loss,val_acc,val_loss
0,0.6304619225832244,0.8044435085117607,0.7562595811740561,0.6057221485938598
1,0.7634207241287054,0.5740080624497474,0.7618804288933821,0.5910104493980329
2,0.8081943025695603,0.4741206295900753,0.8068472146987915,0.4904478974164476
3,0.8367949154601304,0.40431974661998316,0.803781297783128,0.5064836050030158
4,0.8605720122709352,0.3524386345453991,0.830863566775071,0.42440069413148573
5,0.8782204062832347,0.30547067241248743,0.8252427183247734,0.44326650820706776
6,0.8959255476447648,0.267727563445393,0.835462442087652,0.42961560872725585
7,0.9023379866414736,0.25262594279846773,0.8155339804606957,0.48205979488976586
