epoch,acc,loss,val_acc,val_loss
0,0.674404086333263,0.7233892759454101,0.7840735070434013,0.5161136183859195
1,0.840295119290996,0.4129258157784768,0.8095967333313152,0.45574098881742914
2,0.9171963677233113,0.2230731634019317,0.8320571722395266,0.43800143878517134
3,0.9728149828385819,0.0841967493617034,0.8162327720961928,0.6055735946918641
4,0.9866061292630995,0.043213695296161425,0.8494129660727114,0.548154922819308
5,0.9914869467327192,0.028882282112263118,0.8340990303912413,0.7390849535534612
