epoch,acc,loss,val_acc,val_loss
0,0.4403018954257231,1.039886398315971,0.6637710789118607,0.8064384660248131
1,0.694529565559615,0.7282563266452711,0.7409299979358531,0.6196683929109061
2,0.755589603789209,0.606428403458494,0.7608584520703502,0.5636509627058119
3,0.7954261718847846,0.5299379522190801,0.7746550784649505,0.5431697983247136
4,0.816309159147849,0.48441774712736174,0.7838528351510856,0.5171739598531533
5,0.8390080582512425,0.42990902384852814,0.7976494598705426,0.5094670729486078
6,0.8745318348812822,0.3531707145308355,0.7950945333004241,0.5168656997980362
7,0.8980251960080079,0.2943234452323494,0.7940725653404231,0.5333315409685679
8,0.9196458969575135,0.24215881698126962,0.7966274969359716,0.5513026327519132
