epoch,acc,loss,val_acc,val_loss
0,0.6771081602677572,0.7445592941673399,0.7429739397645423,0.6575011003364637
1,0.8092725002769714,0.4984732110456229,0.7516607051761892,0.622567550101692
2,0.8777664283552853,0.3312286354805173,0.708737864108127,1.0421507876322595
3,0.9186244467143344,0.2276048484516156,0.7940725600713361,0.6419602300844207
4,0.9449551696539764,0.16036466423698187,0.7971384772915711,0.6789394584796108
