epoch,acc,loss,val_acc,val_loss
0,0.5351305332411161,0.9814537238046341,0.5936702405876989,0.8727606126031686
1,0.7348467653644748,0.657003292052348,0.7605921407023396,0.5785027214493783
2,0.8000567535942719,0.5190613922141873,0.6921898945063094,0.7912187452764156
3,0.8547673099427976,0.390192183145194,0.8152118415903108,0.4635325813549036
4,0.8932463107125307,0.29943335222737877,0.7580398180887613,0.6581874229945718
5,0.9304767310145765,0.2210522201829817,0.824910668830229,0.4510006352216994
6,0.952553916180445,0.1680448053812737,0.8218478790772941,0.4746368496834228
7,0.9517593645345881,0.2134501951828041,0.8244002056158337,0.5011514668381902
8,0.9763337118671647,0.08386580249237555,0.8131699853858636,0.7780891391256136
