epoch,acc,loss,val_acc,val_loss
0,0.6945863125570758,0.6989128650648615,0.7986714355362028,0.4989344678670701
1,0.8278855975214597,0.4318912056596146,0.8007153805628929,0.5114579842019946
2,0.8856542958004793,0.29683534222785113,0.8323965256897601,0.432139603532451
3,0.9254341164791764,0.2036042714068898,0.8231987737244834,0.4403175467365423
4,0.9463171036001801,0.14476355625841406,0.8221768007999668,0.49663459372934665
5,0.9548859380658294,0.12314983313152109,0.829330608469525,0.5799753085715343
