epoch,acc,loss,val_acc,val_loss
0,0.6641316684366761,0.7482938447821289,0.7549770294007384,0.5781190561177233
1,0.8397843359547765,0.4109588999415364,0.8111281268690361,0.46815751714326703
2,0.9312712827551514,0.18354706485479833,0.8065339461341691,0.555348561240922
3,0.9742338250633266,0.07165456532958417,0.8259315979669385,0.672741174697876
4,0.9845062427704775,0.045284430521976934,0.806533946103743,0.7727698773495575
