epoch,acc,loss,val_acc,val_loss
0,0.6902951191962781,0.725546973558073,0.7432363453782779,0.596991706953297
1,0.8123723042268353,0.46488605829697865,0.7478305260522929,0.6173553695905081
2,0.8749148694394531,0.31800608077804293,0.8157223075430511,0.46748667480752076
3,0.9216799092076288,0.2116743161377923,0.814190913914052,0.5227043021236408
4,0.946651532376665,0.14119796376764165,0.809596733209611,0.5797068188694315
5,0.9625425652667423,0.10032384734554269,0.7993874427552975,0.8049910778656123
