epoch,acc,loss,val_acc,val_loss
0,0.5951191828821899,0.8396392661786377,0.750893313219013,0.5815234180005489
1,0.8048240634558826,0.49721161254959667,0.7483409905750086,0.5871465185456521
2,0.8690692394599742,0.34824896033316277,0.7993874428770018,0.4901500058271497
3,0.9225879681773408,0.2160208552331578,0.8198060236639244,0.49246910784912695
4,0.9582292849170498,0.12540520309014974,0.815722307482199,0.5784872191757983
5,0.9681611805579178,0.0961543136199135,0.8024502299828697,0.671277210656449
