epoch,acc,loss,val_acc,val_loss
0,0.5543385731410131,0.9803519492475165,0.7390194062801864,0.6370255529454342
1,0.7242494751089081,0.665504179026021,0.7814095998687082,0.5613188000207536
2,0.7954145620923383,0.5158753374751192,0.8130745649703067,0.4808559108437995
3,0.857102321219305,0.39059833393103827,0.8176710927084591,0.490734561592858
4,0.9017081894172888,0.294007286319471,0.825842698394826,0.4807694016730335
5,0.9401282559904607,0.19565945104120552,0.83503574985284,0.4941777458473416
6,0.9612961808829158,0.1541747784724159,0.5204290108977835,2.887192539589154
7,0.9623176891209353,0.17583590483526654,0.8365679255423191,0.6580971916557211
