epoch,acc,loss,val_acc,val_loss
0,0.6269791725950867,0.8245467322887895,0.7308478036988622,0.6197766269556226
1,0.7611372793960852,0.5798329391931271,0.7737487237348741,0.5455048747885823
2,0.8047216389738169,0.4886879475303043,0.7400408585663348,0.6237922480693268
3,0.8302593496430171,0.4211711272006205,0.8289070480690548,0.437917912517797
4,0.860847851994779,0.3550444019482806,0.8222676205074946,0.45921046862928566
5,0.8782134952748663,0.3104656631218224,0.8049029619628002,0.5011493449496054
6,0.898076159135078,0.2662039130772224,0.8049029620236834,0.5159290040842237
