epoch,acc,loss,val_acc,val_loss
0,0.6220771850170261,0.8373411071828221,0.7529351710360411,0.6226754185190732
1,0.7461975028512156,0.6138238861531053,0.7764165390809621,0.5602497917739271
2,0.7870601589238603,0.5347127078610571,0.7830525778762658,0.5304811070043254
3,0.8101589103291714,0.4792250996516863,0.7886676876261381,0.5127323040735849
4,0.825879682206404,0.44362639707008905,0.7973455845123045,0.5057640384051677
5,0.8358115777525539,0.4188698203149637,0.7896886166715695,0.535095749170942
6,0.8451759364493995,0.3981652429101145,0.7947932618683001,0.5144121960117356
7,0.852894438138479,0.3742919430897807,0.80142930069403,0.5164553896543503
