epoch,acc,loss,val_acc,val_loss
0,0.6716231554374522,0.725371645108525,0.7810107199375333,0.5220625481324394
1,0.8424517594049521,0.40250710282774976,0.8106176622854684,0.4719447074129972
2,0.9262769580969881,0.20496084207032514,0.8167432365580564,0.49973889677240996
3,0.9738933029293879,0.07860812814176826,0.815722307482199,0.5451180937948612
4,0.9856413167667714,0.04721526149047219,0.8141909139749041,0.6289928114919288
