epoch,acc,loss,val_acc,val_loss
0,0.6788673248197391,0.7213154176167442,0.7654573331393328,0.5842614617345281
1,0.8378731131743065,0.40777515148402155,0.8032703115797555,0.49565641445716424
2,0.9312223358181897,0.18837511507495552,0.8042922839865004,0.5373718520787277
3,0.9731018045354195,0.07461015782694773,0.802759325985526,0.680372922988223
4,0.9837135398121376,0.043602630885001034,0.7869187530718351,0.9546119640783565
