epoch,acc,loss,val_acc,val_loss
0,0.6567536889762532,0.7678901332731821,0.7406840227342735,0.6382824191029672
1,0.7876276957731647,0.5232690762851079,0.6789178155161033,0.7628502885318034
2,0.8464812712961645,0.3918848326609435,0.7452782033778624,0.6124789433524339
3,0.8866628830603384,0.29431169812782126,0.6901480350158481,0.874725544130151
4,0.9157207718366391,0.2226774084750694,0.7953037266039982,0.5278510511864686
5,0.9383654937570942,0.16963412231352354,0.7886676876869902,0.6257404380455621
6,0.9473893302929388,0.14022533831341988,0.8044920880128803,0.5547044784089264
7,0.9558456299524166,0.11718290717458346,0.7493619195595878,0.9942046434006684
