epoch,acc,loss,val_acc,val_loss
0,0.6111111111381703,0.832884577755868,0.7455288706900334,0.6166586323118234
1,0.7546249006652572,0.5867578954353545,0.803781297783128,0.5248784733841964
2,0.7963341278083316,0.4949354685985897,0.8140010215460066,0.4619124191691818
3,0.8324821246101913,0.42434970060903116,0.8170669387662417,0.4544752661860227
4,0.8544433095130188,0.3632193935396398,0.8073582017245071,0.48279382724754655
5,0.8772557030781053,0.31265183586313106,0.8375063871143421,0.4141229575516073
6,0.893144932443716,0.2756346633547674,0.829330608469525,0.43202173851495135
7,0.9043241403130204,0.2512041430591847,0.8129790491392616,0.4797897124296558
8,0.9132902054385665,0.22709516664934595,0.8191108844934463,0.481859623228462
