epoch,acc,loss,val_acc,val_loss
0,0.4034729316270848,9.557887455294397,0.40367910086225356,9.611557250005832
1,0.4034729315831136,9.614880212223797,0.40367910086225356,9.611557250005832
2,0.4034729314917888,9.614880210167298,0.40367910086225356,9.611557250005832
3,0.4034729315560544,9.614880277274104,0.40367910086225356,9.611557250005832
