epoch,acc,loss,val_acc,val_loss
0,0.5580273537391987,0.8912468059779661,0.7134831460065325,0.6848546755447816
1,0.7938822995357363,0.5302547104823712,0.7798774257621921,0.5575832818940175
2,0.8858180580158914,0.3102454958360641,0.8222676205683778,0.4687148559690131
3,0.9478463197355204,0.15056048533556024,0.8135852908698482,0.7227538253605914
4,0.9649849611293119,0.10511573843683762,0.8212461690128275,0.647885649270008
5,0.9782078202178993,0.06713704080756139,0.8304392235150011,0.7290728344250017
