epoch,acc,loss,val_acc,val_loss
0,0.5668558456164348,0.8946913967608864,0.7462991322103114,0.6574080746474468
1,0.7741203178477206,0.602856536316141,0.779479326217256,0.5487780375192213
2,0.8235527809307605,0.4893718244201344,0.7947932619291522,0.5644877660390125
3,0.8463677639317161,0.46927065586123645,0.7411944870440068,0.6355426426199153
4,0.8706015891168228,0.4538494115790498,0.8167432363755001,0.6079791746710319
