epoch,acc,loss,val_acc,val_loss
0,0.664018161207539,0.7889673061186826,0.7595712100443273,0.5956536182461496
1,0.8299091940570229,0.4361994954365201,0.78662582980911,0.539308472790847
2,0.9326333712503128,0.19630897138500322,0.7805002555365219,0.6240725798713972
3,0.9761634504889792,0.07769173621860725,0.7718223586807815,0.8162525604122935
4,0.986038592508513,0.05186421477714729,0.771311894188492,0.930533482110762
