epoch,acc,loss,val_acc,val_loss
0,0.5587334014570898,0.9046480457596848,0.7516607051914178,0.6319721910681844
1,0.7698331630645309,0.5899554438412954,0.7046499745116042,0.6758940074293968
2,0.8243672682010225,0.4943923986759052,0.7618804292893251,0.6638731149672
3,0.841391442548862,0.4644219239207811,0.8088911599691389,0.505632682972315
4,0.8662467370467835,0.441479720558323,0.7966274911186557,0.5829470024677826
5,0.8802065599953705,0.4299156210057487,0.7680122636993381,0.7661548962261705
6,0.8917829985381012,0.46124263509098345,0.782830863627598,0.9113272670037782
