epoch,acc,loss,val_acc,val_loss
0,0.5649262202313755,0.8940866900626971,0.7166921902883412,0.6990750813557215
1,0.7930760499161841,0.5355466167041852,0.795814191217992,0.5097509897321143
2,0.8911464245040626,0.3004604290955183,0.7922409395285563,0.5553402466515974
3,0.9426787741203179,0.16478386549754798,0.7825421136882367,0.7282338398582415
4,0.9617480136208854,0.1124191329103052,0.797345584786139,0.6872941638024989
