epoch,acc,loss,val_acc,val_loss
0,0.6913734392735528,0.7226284343186897,0.7284328740065411,0.6951829911860475
1,0.8127695800497637,0.4804746898836229,0.7891781521488538,0.516033249083315
2,0.8919977298659716,0.2901023159571051,0.7677386422252217,0.6511948784131552
3,0.939216799091941,0.17950100811213154,0.8192955589890785,0.6042499322408069
4,0.9572644721906924,0.1390236620220676,0.7947932618683001,1.1452063796637677
