epoch,acc,loss,val_acc,val_loss
0,0.6076495290046084,0.8649839159714731,0.7250894226160474,0.6748338049324301
1,0.7790262172419941,0.5831216958361686,0.7889626980071538,0.5254106957981278
2,0.8287368062716609,0.48335378948777097,0.6688809402755285,1.0180391356173863
3,0.8527408921005588,0.44294700553997357,0.8170669391926418,0.5149136148716761
4,0.8667574622766099,0.43934133949229454,0.7869187531936638,0.6208397536693206
5,0.8764612416568401,0.4475264497301714,0.7751660705160961,0.9242061946996024
6,0.8879809329044588,0.47126573904285013,0.6995401124474219,1.1510959864881005
