epoch,acc,loss,val_acc,val_loss
0,0.5458569807172768,0.9097713212758539,0.7468095970372877,0.6249217932597906
1,0.7763337117183222,0.5793228227759327,0.7968351202025713,0.5102621286483734
2,0.8472190692665629,0.4232896096928301,0.7993874428161496,0.47679288177967316
3,0.894551645884043,0.2953485470556915,0.8116385913613258,0.5284083314304634
4,0.9340522133803395,0.19784165583593216,0.8070444107177368,0.5395013788575235
5,0.9526106697205924,0.14050563291036583,0.8019397653688759,0.613334214675177
