epoch,acc,loss,val_acc,val_loss
0,0.681838819523269,0.7176053882863005,0.7759060747408028,0.5636763492368082
1,0.8321793417654568,0.43109480756230306,0.7815211843993969,0.5326879479831551
2,0.923666288200491,0.22556524954981486,0.8050025525051699,0.5016637497741754
3,0.9661748012944329,0.10304701062898225,0.8065339460428909,0.5491870813311333
4,0.9813280361870497,0.059688492329044864,0.808065339641464,0.5980612200367749
5,0.9829171394787636,0.0475377676773829,0.7830525780892482,0.7695554351246802
