epoch,acc,loss,val_acc,val_loss
0,0.71810442677421,0.659235240226436,0.7973455844818785,0.49182721875862784
1,0.8505675368628356,0.383338674121493,0.8192955589586524,0.43877356986440585
2,0.9032917139478763,0.24965804924217985,0.8182746299132211,0.4734275919048191
3,0.9410896708150728,0.156711446038034,0.8172537008677897,0.49443990150785083
4,0.9562996594778661,0.11841069757769246,0.821337417049515,0.5470140369780383
