epoch,acc,loss,val_acc,val_loss
0,0.6698257761404521,0.7236953646741195,0.7798774257621921,0.5450893276436701
1,0.839509676002183,0.41168471326534933,0.8222676205683778,0.4704296661348703
2,0.9395607514032596,0.1689366658418148,0.8248212463522103,0.5434181303607797
3,0.9775835650677944,0.06613293586178424,0.8212461693781268,0.699809600554399
4,0.9867771409114126,0.038172657306959165,0.8186925435942941,0.7807881964848161
