epoch,acc,loss,val_acc,val_loss
0,0.6307037458246602,0.8162106929518173,0.719754977302931,0.6391055195717376
1,0.7548808173478394,0.5977587966859408,0.7069933643263173,0.7213078337156268
2,0.8122587967270755,0.4734207481720932,0.7774374683089498,0.5482310121798163
3,0.8687287172448487,0.34532783512495435,0.8070444105960326,0.47138338742540953
4,0.9183881951785656,0.23486655461395775,0.8095967332704631,0.5262217802804243
5,0.95113507371214,0.15577130838552072,0.7993874428465757,0.6213351350891888
6,0.9655505106478895,0.12696542548148912,0.8009188363842966,0.7734346262285331
