epoch,acc,loss,val_acc,val_loss
0,0.6806264896084888,0.7312122329709316,0.7823198773633112,0.5525568429386366
1,0.8051299512108965,0.4920882321374125,0.8017373530914665,0.509929211508515
2,0.8609692429781853,0.3585322198038704,0.7981604496678589,0.5308427189419205
3,0.8948473499373537,0.26806715450104485,0.7996934082779765,0.5391562492965007
4,0.9210078310998963,0.2075401306010283,0.8053142565455312,0.5858077187591751
