epoch,acc,loss,val_acc,val_loss
0,0.6030646992054484,0.8625311657194382,0.6743236345074017,0.8040469577265005
1,0.7871169126128501,0.5516498974381727,0.7774374681872455,0.5101996019764053
2,0.85556186153453,0.3916601714833505,0.804492087830324,0.4869331778039002
3,0.9034052213664493,0.2693833893057166,0.7901990812247113,0.6683432725146451
4,0.9358115777390228,0.19267104245409386,0.8039816232771823,0.7745631741870417
5,0.9553348467650398,0.1463810606053042,0.7978560490654463,0.865875257588942
