epoch,acc,loss,val_acc,val_loss
0,0.6744410396028141,0.7487259088235253,0.75268267762862,0.6130859375791886
1,0.7475882419432053,0.5997216958772877,0.8017373531523808,0.4900241723825692
2,0.7974123254954484,0.5028588289050181,0.7874297394274934,0.5147819871432208
3,0.8201112246191362,0.4471212757045058,0.8364844149817114,0.4160210298651265
4,0.8442288048961974,0.3979297038334721,0.8318855391513589,0.4210709348039232
5,0.8606855067326281,0.3550775019829748,0.8339294839648489,0.4078090031901122
6,0.8750993076768125,0.3198477646378028,0.8354624425749664,0.41613682463392043
7,0.8901373283531051,0.29015141634553615,0.8329075115276467,0.44273953305012
8,0.897230734309386,0.2669649789488866,0.8334184977614764,0.447297299310268
