epoch,acc,loss,val_acc,val_loss
0,0.6602916974301818,0.7697823345508946,0.7563840653119462,0.5946491320785877
1,0.7353725668439719,0.625078641917079,0.7890704800208328,0.5059414172623082
2,0.7744736394210555,0.544234837987665,0.8243105208788513,0.44856514924027946
3,0.8054593950467742,0.47771784828355407,0.8345250254753783,0.4144799254827042
4,0.8297485954326774,0.42204848517219334,0.8391215525438155,0.39390496850257267
5,0.8492140060223148,0.37871473133445605,0.8483146066806898,0.3859295650509941
6,0.8699279269189273,0.33605898373054327,0.8462717057613844,0.3895992147636365
7,0.8823562794528358,0.3005196260432435,0.8299284984069412,0.4377126908034421
8,0.8966573974302939,0.26925390156773565,0.8243105208788513,0.4731290344076575
