epoch,acc,loss,val_acc,val_loss
0,0.6577752553916004,0.7737378834054365,0.7406840224908651,0.6136957238285197
1,0.734165720758319,0.6275233564257757,0.8055130168453293,0.5051461425193905
2,0.7746878546834939,0.5387268972992221,0.8111281266256277,0.46450416434170216
3,0.8001135074050418,0.48372631288819634,0.8315467075038285,0.40595137151058014
4,0.8295119183017501,0.4263817208173191,0.8346094946705486,0.3916395293656145
5,0.8532917139614075,0.37600064435286634,0.8437978560794307,0.37379604352104717
6,0.8691259931895573,0.33864408184802763,0.8366513527614112,0.39107278778943677
7,0.8820658342656971,0.30497626700818065,0.8443083206021463,0.37682221721118053
8,0.8950056753553678,0.2727147932727816,0.8366513527918373,0.4217194887282229
