epoch,acc,loss,val_acc,val_loss
0,0.6155941437043257,0.8476722474171806,0.7383750635382468,0.637051375014598
1,0.7166042446670732,0.6632639943924249,0.7685232497504249,0.5863389947856636
2,0.7454885937896709,0.6147090757073101,0.7812979054438806,0.5631444194698187
3,0.7572920213302003,0.5794007273479889,0.8002043943595204,0.5301813559076527
4,0.772386789267781,0.5490505670651501,0.7889626975807537,0.5341357210490189
5,0.7802746566723863,0.5294327339957188,0.8124680629358891,0.4971651505406681
6,0.7967881057903994,0.5013581688349154,0.8007153810806644,0.50756560580488
7,0.8010441493452265,0.48189262669495864,0.7864077674776057,0.5273366795855635
8,0.8141527636247898,0.45746413942782865,0.803270312097527,0.5039109888738311
