epoch,acc,loss,val_acc,val_loss
0,0.6290432413689679,0.8386632838120405,0.6550843122666992,0.7711848807870946
1,0.6828963795526523,0.7296502932816518,0.7434849258765434,0.6237363693783584
2,0.7071274543117008,0.682670843762229,0.7802759330371356,0.5635522280838274
3,0.7323799795371668,0.6323768655689089,0.7710781804627159,0.5480035854713857
4,0.7524117580026763,0.5938837485542877,0.7705671951730579,0.5446125847317458
5,0.7660878447530597,0.5624501092718592,0.8063362287999905,0.4763660968172349
6,0.7822040630961747,0.5293539333067502,0.8017373532742095,0.4856474823073337
7,0.7937805016591998,0.5033654596860774,0.7404190085649368,0.5704246484995741
8,0.8007036658992644,0.48180772013215606,0.803781297996328,0.4790071858608059
