epoch,acc,loss,val_acc,val_loss
0,0.6438706016026344,0.7975848676668529,0.740684022460439,0.626645456868328
1,0.7089103291713962,0.6843379340160989,0.7631444614599285,0.5549580120291864
2,0.7330874007081065,0.6364630377928596,0.7723328228992367,0.5403050359047573
3,0.7514755959407967,0.5958342042467245,0.7764165390809621,0.5119380951840516
4,0.7687287173666288,0.5587583326116188,0.7769270036341037,0.5060992860228143
5,0.7830306470055857,0.5304284610623805,0.8085758039816233,0.4476987882619491
6,0.794494892167991,0.5055270811282817,0.7820316488004083,0.5069577795866499
7,0.8064699205718977,0.47967668098569866,0.7937723328532948,0.4927966133437028
8,0.8169125993054246,0.45113968088732403,0.8070444104743284,0.45093602123097415
