epoch,acc,loss,val_acc,val_loss
0,0.7065599818138215,0.6939929122890169,0.7393970365541348,0.6232992454213516
1,0.7802746566859159,0.541895055064629,0.7404190089608799,0.6098987334043808
2,0.8148337305370085,0.4640864910197006,0.7869187528586351,0.512092786963399
3,0.846782431085918,0.3986068180674606,0.8048032704944444,0.4870088264292823
4,0.8710702531062546,0.3404070211686689,0.8094021458070255,0.47234276428963373
5,0.8935421632186141,0.28780116755593554,0.8308635670796425,0.4182991330180171
6,0.9145953920964228,0.24062610296937342,0.8211548283932217,0.43995411933899903
7,0.932073544466919,0.20194818012330956,0.8185998976809307,0.44539264260230166
8,0.947792532096019,0.16701285245604985,0.8277976490370643,0.44465797452763384
