epoch,acc,loss,val_acc,val_loss
0,0.6478833276518438,0.7921268957019217,0.7281553398362824,0.6560670211720844
1,0.7088866189854489,0.6881509199273422,0.7848748084106308,0.5478406934392166
2,0.7341958914857327,0.6332133443073333,0.7935615738375064,0.5242235753904146
3,0.7516172965543519,0.5897896173200303,0.7726111395296906,0.5617085507041529
4,0.7685279764202041,0.55937932152819,0.8007153806847215,0.47146675669848465
5,0.7822608103439332,0.5258940682415524,0.8221768012263669,0.4383902488981636
6,0.7940074906502337,0.49951619594771723,0.8226877874297394,0.441190854034743
7,0.8044489842580891,0.4764593044510901,0.8145120081757793,0.45378203501217695
8,0.814152763618025,0.45771561916644854,0.8109351047521717,0.47303944194140213
