epoch,acc,loss,val_acc,val_loss
0,0.7143019296118945,0.6658214195632501,0.7835630423685553,0.5230474073008167
1,0.8071509648262439,0.47888248007359757,0.8162327718527844,0.43330997055193915
2,0.8567536889897843,0.36202632328505957,0.8437978560794307,0.39148950986012687
3,0.9047105561590898,0.26292381160104994,0.8499234303520187,0.3767571833941205
4,0.9446083995459705,0.17389816191474505,0.8565594691473224,0.369224122877082
5,0.9694097616345062,0.10782174116992112,0.8529862174883127,0.36731904429431594
6,0.983371169112462,0.06833718066419835,0.8514548239201657,0.38796410849959706
7,0.9920544835414302,0.04222868822650322,0.8575803981623277,0.41391541466930803
8,0.9965380249716231,0.026877409683606007,0.8437978560794307,0.48129288681068244
