epoch,acc,loss,val_acc,val_loss
0,0.6685960730972199,0.7501697334430367,0.755748594848855,0.5991140243406495
1,0.7398706162818754,0.620813291989611,0.7864077670512055,0.5571146723136161
2,0.7640449438066951,0.5675164488939188,0.783852836034343,0.5330231231149509
3,0.7883327658405613,0.5196626744805014,0.8037812979354138,0.49271040426935536
4,0.8029735558096037,0.47911029672557737,0.811957077219831,0.46920350082808754
5,0.8224946090046982,0.43815998341192686,0.8272866633210063,0.43052503931077696
6,0.8323686301146743,0.41172163494564645,0.8170669392230989,0.4826124222776874
7,0.8475201452526598,0.38194196973718564,0.8226877874906537,0.4604513399687481
8,0.8626149131564166,0.34943378312256806,0.8185998978179879,0.441217865515072
