epoch,acc,loss,val_acc,val_loss
0,0.6133938707639627,0.8560440420021941,0.7095456856620014,0.6857710266186304
1,0.6859250852929071,0.7252114236828417,0.679938742036172,0.7350529351667703
2,0.7101021567619619,0.6759233077727977,0.7049515062658808,0.6513695296065548
3,0.7279228146717578,0.6323986007055008,0.7697804989164858,0.5255780534028642
4,0.7518728720072856,0.5897454712095921,0.7646758561538396,0.5435242088185457
5,0.7590238366846871,0.5696075253129411,0.797345582565037,0.4942325553673758
6,0.7762769576504607,0.5390856110278377,0.7861153649517076,0.4958166371899761
7,0.7844494888649897,0.5170501930083102,0.7748851466081531,0.5314206729865062
8,0.7918842222985562,0.5005755668736478,0.7432363443133659,0.6091762852340161
