epoch,acc,loss,val_acc,val_loss
0,0.6611237230284666,0.7619824765624307,0.7468095970068616,0.6135148041828851
1,0.7440408626696038,0.6078537386879072,0.738131700029417,0.6019056281792746
2,0.7784903518864029,0.5384374625701774,0.7866258296569797,0.5058308808154874
3,0.8081725312280601,0.47442243064708256,0.806533946073317,0.463935292317832
4,0.8344494892167991,0.4181544597857927,0.8116385913308997,0.46002925062982813
5,0.8557888762498957,0.36979640676268927,0.8289943850728064,0.4167129982789601
6,0.8735527809172293,0.3291232398906712,0.8284839205500908,0.41829192206347215
7,0.8916004540159808,0.2849612677374709,0.8233792753533601,0.4362411098008012
8,0.9043700340522134,0.2528028221612756,0.8325676367622422,0.4305505220411748
