epoch,acc,loss,val_acc,val_loss
0,0.5791146425735396,0.9150063087260953,0.6840224649420559,0.7320671788036002
1,0.6797956866655123,0.7477273970943845,0.7166921899232285,0.6732542116219684
2,0.7039160044049838,0.7024398736325891,0.7003573212713657,0.7173456674391302
3,0.7116345061481879,0.6844825330305586,0.7366003115424214,0.6175811299868784
4,0.7198070373221234,0.6624945881824083,0.7391526341559997,0.6027013049434801
5,0.7262769579075522,0.6506200218308933,0.7508933137058299,0.6045274824862458
6,0.7318955733881636,0.6337828057172215,0.7427258800340587,0.6043402360920519
7,0.7431328035916427,0.6160789616262196,0.7411944838492709,0.609903846150944
