epoch,acc,loss,val_acc,val_loss
0,0.7108727726840551,0.6779654874979956,0.7833418497700562,0.5375180383178124
1,0.8012711383565548,0.49320183956667724,0.8145120081757793,0.4580598493802895
2,0.8486550902213591,0.3841465277800886,0.8329075114971896,0.4163494972653942
3,0.8963795256065383,0.28408389321291927,0.8334184977005621,0.41425727699932297
4,0.937237543979117,0.18988819955095046,0.8288196218702095,0.4258565457045697
5,0.9662921348314607,0.12348383151213788,0.8523249872253449,0.3904964867817485
6,0.9808194302576325,0.0789076838367116,0.8513030148185999,0.3963229844825391
7,0.9902962206332993,0.04861903488010273,0.8415942769545223,0.45578005051408793
8,0.9947792531859251,0.03197229333283641,0.8369954011241697,0.501703724859013
