epoch,acc,loss,val_acc,val_loss
0,0.6691447704545039,0.7568815552287201,0.776302349275174,0.570843276865514
1,0.7512626979341708,0.5983461733150818,0.7906026557103119,0.5104521919380535
2,0.7935417967435011,0.5094329941070457,0.818181818120935,0.43933221524290217
3,0.8245275523726024,0.44066878676813637,0.8263534217981566,0.413067547945007
4,0.8436524601463264,0.39376227422101795,0.8462717057613844,0.3875142697537883
5,0.8623801146460935,0.34892065979438447,0.8626149131158277,0.3497764864847049
6,0.8757164746744464,0.32087999934080164,0.8299284984069412,0.42564028531952214
7,0.8899040917189044,0.28805542494840597,0.8595505617368696,0.3538851926409553
8,0.8990976675692877,0.2663068416224023,0.8636363635754805,0.36728150637266704
