epoch,acc,loss,val_acc,val_loss
0,0.6580590237418315,0.7848731682330337,0.7105666158027707,0.6746256139705594
1,0.7234960271335217,0.650719850612688,0.7366003065525482,0.6342898714353747
2,0.7496594777307499,0.595175061296253,0.764675855271484,0.5618915681999639
3,0.7706015892250719,0.5461404601913304,0.7799897909529542,0.5310485492013072
4,0.7853007946057704,0.5114191129042531,0.7866258297482579,0.5141492311202366
5,0.8040862657290446,0.47381515443392697,0.8039816233988865,0.504250840866304
6,0.8186152101239605,0.4408946214820957,0.7881572232555528,0.5066506705033408
7,0.8320658341845102,0.4121446166014157,0.7856049006115483,0.5328557175936414
8,0.8485811578970356,0.37789790834660697,0.7759060748320808,0.5631940682942068
