epoch,acc,loss,val_acc,val_loss
0,0.68380433544914,0.7216921048502066,0.7623914153099547,0.6019861953990704
1,0.7688117126725261,0.5579554764924911,0.7920286154101318,0.5377724954651885
2,0.7978095563041705,0.4898169498927422,0.806847215003363,0.4951949063069856
3,0.8299852456817588,0.421957664502058,0.8083801742226235,0.4707835105133105
4,0.8565429576327291,0.3655688153900525,0.8267756766303194,0.4440502715951396
5,0.8870729770350302,0.30029467025256135,0.827286663656035,0.4316733975037666
6,0.9124957440578901,0.243527396077561,0.831885538968616,0.4357577464107841
7,0.9305413686894976,0.1961968666074252,0.8298415941551259,0.45697868039368
8,0.9513676085356835,0.14918000556739122,0.8252427188425449,0.4747130882545095
