epoch,acc,loss,val_acc,val_loss
0,0.6142451762341208,0.8596045284617637,0.7085247586551158,0.7053718751884955
1,0.7210556184393052,0.6732569714951055,0.7381316985081141,0.619595516512989
2,0.7425085131345353,0.6200065986387575,0.7549770290660517,0.5916206771892939
3,0.7531782062316185,0.5944970900706616,0.7616130672832604,0.5702631542304147
4,0.7662315550510783,0.5676089272190574,0.764675856884065,0.5619432049603289
5,0.7722474461245888,0.5545190125805295,0.7672281794976433,0.5641997822576058
6,0.7821225878329066,0.534339249255844,0.7621235348485818,0.5673850698395613
7,0.7893870599830056,0.5150118760299466,0.7656967821566654,0.5656841175479509
