epoch,acc,loss,val_acc,val_loss
0,0.6607649528862548,0.7739445384413819,0.7567705672251429,0.5971561567358173
1,0.7363522869073199,0.622515319296402,0.799182422074604,0.5133475066754181
2,0.7740892066667115,0.5429361991465071,0.8124680633622893,0.46159360429493823
3,0.8042787424945192,0.48163957934606333,0.8119570771589167,0.4501047632526121
4,0.8285665645351503,0.42865069030754793,0.8410832907511497,0.4032281805848247
5,0.8491658154511855,0.38276760201491505,0.8456821665815023,0.38571961661139254
6,0.8717512200658268,0.33703431066482054,0.8446601941747572,0.3864477391473237
7,0.880036318252095,0.3114037989365934,0.8339294839343917,0.42327926683681744
8,0.8980819430054688,0.27345236383134125,0.8461931527848748,0.38850229278046927
