epoch,acc,loss,val_acc,val_loss
0,0.666118047700161,0.753982141461735,0.7462991322407374,0.6281851734690304
1,0.73916004538942,0.6251848751380955,0.7667177131493643,0.5669114846487079
2,0.7679909194232928,0.5629675534337116,0.7820316488612605,0.5274375370109854
3,0.7875141884357786,0.5177859172377224,0.7917304747928582,0.5127408919801756
4,0.8095913734663358,0.46486614700343365,0.8111281266256277,0.46707237191258677
5,0.8235527809578228,0.43630181862195694,0.809086268534765,0.46736329585511566
6,0.8398978433327561,0.3969960926846938,0.804492087830324,0.4859157445145968
7,0.8548240635776628,0.3630018749992098,0.8070444104134763,0.4871419988888268
