epoch,acc,loss,val_acc,val_loss
0,0.715242310741164,0.6650975295186597,0.7634133878994427,0.5779797295313072
1,0.8024628305459534,0.4820338875789294,0.7833418498005134,0.5050592451724216
2,0.8548972874612627,0.37010365217034547,0.7971384773220282,0.4853873776731652
3,0.9013165361615264,0.2688838771307946,0.8313745528870721,0.43348125559856043
4,0.9388832141438186,0.18427930148928298,0.830352580480327,0.4241000682755155
5,0.9662353875837022,0.1158323609325648,0.824220746039857,0.46557317424411365
6,0.9828623312107619,0.07176332490802176,0.832396525293817,0.49272165336685636
7,0.9903529678810578,0.04733148928942657,0.8318855391209017,0.47109178404571694
