epoch,acc,loss,val_acc,val_loss
0,0.5832813122568671,0.8758283000272179,0.8575076645923221,0.43030440694708627
1,0.9062482264768346,0.2598380629432221,0.8728294191735514,0.35315739110005645
2,0.9700925031955001,0.09281330117420403,0.864657817809891,0.4152280954345376
3,0.9871743940568309,0.04344648391153828,0.8580183809332025,0.48251817293990257
4,0.9923386869903563,0.026946920121426778,0.8610827355998529,0.5393468274281145
