epoch,acc,loss,val_acc,val_loss
0,0.5784903515616556,0.9342436126493568,0.7907095443478283,0.6892557778852578
1,0.8287741206425678,0.5207285233713035,0.8381827464208365,0.4598981301020213
2,0.8799659476242325,0.3534772160037016,0.8422664614463716,0.40051770602762243
3,0.9029511916245018,0.2788951045673903,0.8499234292871067,0.37626676248493945
4,0.9160045401462767,0.2361927353429199,0.8540071479333426,0.3687711978305536
5,0.9275255391465143,0.2021251229774397,0.8463501782061921,0.37310617637305676
6,0.934108967245234,0.18430208337158133,0.8463501782061921,0.37606145332758983
7,0.9363791146289207,0.17025648347703606,0.8483920376053752,0.3832372479471642
