epoch,acc,loss,val_acc,val_loss
0,0.6544267874299871,0.7762041673216458,0.8371618173754051,0.4479627662802789
1,0.838024971771998,0.4225202697089257,0.8570699356477318,0.36545068389180363
2,0.8776958002946704,0.31759519428183897,0.8534966841408523,0.35922655466261294
3,0.8935300797528495,0.27307617844977794,0.857069935799862,0.3564905766901646
4,0.9076049943516934,0.24124101822208466,0.8586013255951781,0.35529446267181053
5,0.9192962541076842,0.21168143387955785,0.8591117920043092,0.35730383848279884
6,0.9259364358953938,0.19481792113702495,0.8565594693907309,0.37347397976471736
7,0.9289443810600428,0.18239144188321274,0.8652373668549924,0.376530395441362
