epoch,acc,loss,val_acc,val_loss
0,0.6899545970217459,0.6978331289212901,0.8284839203979605,0.430239618128815
1,0.8783768445084233,0.32905707659705136,0.8361408882386956,0.40971139899439324
2,0.9184449489081488,0.21975283588913863,0.8417559979885679,0.426572299158774
3,0.9374006810172056,0.16699888800925214,0.8453292496780037,0.4420022372995
4,0.9516458569807037,0.13126059649987876,0.8381827463295582,0.5134462801822295
