epoch,acc,loss,val_acc,val_loss
0,0.6443649982028754,0.8528300576793959,0.8298415918403824,0.5488740033377295
1,0.8713539892841639,0.39011700584133235,0.8518140058646594,0.38595704960469757
2,0.9139711722019596,0.2448045573329536,0.8569238567510672,0.37458859646752835
3,0.9375780278039079,0.17780390344944894,0.8538579456527196,0.3712944583924498
4,0.9545454545860433,0.13030433511202297,0.8584568153611848,0.39039583620698587
5,0.9672568377862926,0.09931059060431192,0.8569238645480979,0.4220767566819062
6,0.9708319148212593,0.08441596531073793,0.8569238567510672,0.45054912222972865
