epoch,acc,loss,val_acc,val_loss
0,0.6615209990002375,0.8298273206569009,0.8259315979060864,0.5504068214714436
1,0.8831441543159095,0.3792727463429415,0.8570699337004641,0.39743526443466354
2,0.9280363222527044,0.2338949274056074,0.857580398284032,0.37001394725016273
3,0.955845629979479,0.15809052608205296,0.8575803982536059,0.3659163712998809
4,0.9670828602506137,0.11814313923832236,0.8555385401627432,0.3743404628154634
5,0.9769012484458465,0.09143252241658839,0.8427769270948514,0.39514945366055215
6,0.9806469921356703,0.07313379367282793,0.8407350690648409,0.41129391754142114
