epoch,acc,loss,val_acc,val_loss
0,0.746226307848176,0.6096207053771477,0.8477261119127639,0.3873325823427891
1,0.9192486667779176,0.2223957765895221,0.8661216132849165,0.36534947744729146
2,0.957553058886363,0.12056790612914507,0.8415942784469226,0.44770369754497896
3,0.975371694811058,0.0722531983498858,0.8553909030140938,0.4786185741911875
4,0.9843377593413017,0.045876244652769835,0.8426162474424668,0.5905793446573483
