epoch,acc,loss,val_acc,val_loss
0,0.44370673033182095,1.0497545623275997,0.6412876852934131,0.9276512994958724
1,0.7474747472312147,0.7414749408266139,0.8298415922058683,0.5316329780256012
2,0.8485983430344839,0.4457426464201819,0.8497700557516251,0.3915974801300616
3,0.8918964932906804,0.318648930471177,0.8589678054630726,0.3573910290785572
4,0.9149926229186746,0.2455325714306046,0.8574348513910706,0.353794945766564
5,0.9330382473879268,0.19987460958532843,0.8599897778698176,0.36163391679236034
6,0.9392804447901857,0.1800173335398871,0.8605007676366768,0.3738189089127688
7,0.9485869938487593,0.15131714961464784,0.8579458330563275,0.3869106117931019
