epoch,acc,loss,val_acc,val_loss
0,0.6634888208598396,0.8302759600340501,0.8359734282910245,0.5218207804780257
1,0.8815684938942205,0.37640667429455776,0.862033725180794,0.3704675157793822
2,0.9260583360624589,0.23450984704942307,0.8620337248762225,0.3428198558277906
3,0.9520485757726125,0.15949051358983649,0.8553909039278084,0.34134764725691696
4,0.9686755191290802,0.11603319966086816,0.8559018901311809,0.35103224086925944
5,0.9753149471168228,0.09225227933319104,0.8589678076559875,0.35796304516147825
6,0.9780955622569885,0.0758079844925964,0.8584568214526149,0.3745186145992747
