epoch,acc,loss,val_acc,val_loss
0,0.7531494722641254,0.5782944261385085,0.8344404701377642,0.40932214336244194
1,0.9187379412098513,0.2144301701339213,0.8313745529175292,0.43295005083419136
2,0.9578935421767347,0.11241353307844845,0.8226877874601966,0.5454194119498019
3,0.9761661559549665,0.06594571060067775,0.8308635666836995,0.6012975751066854
