epoch,acc,loss,val_acc,val_loss
0,0.6035187286226487,0.9601588748505383,0.784583971596543,0.774100665081028
1,0.8424517594726078,0.5932408620225991,0.8254211333833708,0.5326401759404927
2,0.8864926220339625,0.3945919839938031,0.8437978561707088,0.44155153770602557
3,0.9160045402409946,0.29130118779508263,0.8473711078297185,0.40583818504370983
4,0.9357548240365019,0.22889773995191637,0.8473711077992925,0.3855918079934113
5,0.9500000000270623,0.18600310731285952,0.8473711078297185,0.37970053976199164
6,0.9585130532943431,0.1540103828122207,0.8519652885037335,0.3805229424243682
7,0.9650397276634797,0.13279719893967523,0.8494129659205812,0.3812865046532316
8,0.9718501701257556,0.11330316892986807,0.8422664626025618,0.3884236053917833
