epoch,acc,loss,val_acc,val_loss
0,0.6619750284850936,0.8556071359778371,0.8412455310926199,0.5624257845498883
1,0.8934165723748699,0.36843071374936487,0.8550280750923586,0.3825394674154372
2,0.946708285984468,0.20091603640868633,0.8631955100724501,0.34868572621153227
3,0.9734392733227517,0.12524850119526892,0.85962225710512,0.34918261970896813
4,0.984562996324156,0.08193941765150878,0.8591117906959889,0.35557475380291437
5,0.99177071496117,0.05747696352989395,0.8575803990142573,0.37388813194418025
