epoch,acc,loss,val_acc,val_loss
0,0.572806718759133,0.9763255081170263,0.8165559589284138,0.776313938683981
1,0.8714674834820296,0.5649758990574554,0.8395503336334326,0.4949351875344648
2,0.9173192603744236,0.3241396195101638,0.8533469555812888,0.40789827605443885
3,0.950686641887292,0.21317371633527443,0.8553909098669529,0.37996739712550925
4,0.9683917830391133,0.1517941789785507,0.8477261084406487,0.37490576616829613
5,0.9818976278365125,0.10996757563482198,0.8497700532541387,0.3782044556991263
6,0.9873453639189781,0.08466735513756757,0.8446601912204136,0.3857132356935578
7,0.9907501987641927,0.06663403525862273,0.8441492083673278,0.3959681566692337
