epoch,acc,loss,val_acc,val_loss
0,0.7032118941081286,0.661710212215394,0.8492590704010529,0.3751710437211566
1,0.9310520939937367,0.19644756544131506,0.8472151247652198,0.383197549127107
2,0.9752581999231827,0.07768062962490345,0.8446601945707003,0.46059245458962544
3,0.987458858245375,0.042175262100126155,0.8492590698832813,0.5267709392062486
