epoch,acc,loss,val_acc,val_loss
0,0.6903302690090136,0.7386643328334941,0.8405723045782344,0.44545928495053316
1,0.8500737714153213,0.3870581604202954,0.8528359734896317,0.3746100806982833
2,0.8926909545022369,0.28546064986555925,0.854879918257436,0.3662341099706425
3,0.9119282714585388,0.23392887155932013,0.8497700562237109,0.37047241053291285
4,0.9266825559095686,0.19680899420873407,0.856923863070926,0.3768748324564299
5,0.930484621509387,0.18274089327709261,0.8553909045064942,0.37965657001986575
