epoch,acc,loss,val_acc,val_loss
0,0.5573147202495982,0.9709231313383548,0.812979048804233,0.7708767568145288
1,0.8754397908251235,0.5625848686393389,0.8410832922435502,0.49381202084712367
2,0.9202133698612807,0.3236370553001347,0.8507920290111703,0.4061845135311113
3,0.9508568832043851,0.21417256848297436,0.852835977174947,0.3784659534890736
4,0.9684485299892207,0.1509714922440159,0.850792027336027,0.37340624827661256
5,0.980251957800342,0.11091534541895516,0.849770059954712,0.3800733823921221
6,0.9871751218780515,0.08409853467398341,0.8410832894719493,0.3881814346273273
7,0.9901827258604255,0.06764291300515611,0.8436382238390986,0.3968245839822883
