epoch,acc,loss,val_acc,val_loss
0,0.5920208842467114,0.9583069292040826,0.8202247188575909,0.7577662187893861
1,0.8413824414626456,0.596983113750806,0.8615934627779415,0.5009190804868237
2,0.8849100505282123,0.395557404799099,0.8728294181994204,0.4038781387935011
3,0.9185630781555425,0.29430939343401014,0.8835546480257738,0.3598268280172981
4,0.9371772317358398,0.2307384023744655,0.88559754857978,0.33819393501583717
5,0.9505703422290014,0.18579157822776562,0.8861082738096063,0.3291868163811174
6,0.9591964133771755,0.15729961388633792,0.8820224723362947,0.3294951126999217
7,0.9645309573905462,0.1307093668766064,0.8850868233499537,0.33032619657872037
8,0.9710005107643614,0.11404411207211626,0.8810010215113429,0.3377714217378852
