epoch,acc,loss,val_acc,val_loss
0,0.5605561860167886,0.9610965778824961,0.7983665082027499,0.7538191402305323
1,0.8332576614097352,0.5863212390194956,0.8463501767153153,0.47944001379580203
2,0.886833144046121,0.3618900022495889,0.865237366124767,0.3760407319508261
3,0.9136776393036296,0.26003936396216154,0.8586013304937732,0.35358468772137025
4,0.9307037458652535,0.1996322756795959,0.8626850408945478,0.3446537514253804
5,0.9444381386954993,0.1580613172115181,0.8657478280308418,0.3526534699645196
6,0.9559591376957368,0.1277654533303014,0.8626850422028682,0.36963467215505896
7,0.9617480137426656,0.10496459446010199,0.8555385433574791,0.40922566583535086
