epoch,acc,loss,val_acc,val_loss
0,0.680683236835953,0.7441107272736508,0.8482370975983649,0.4285202124286928
1,0.8466121892885241,0.39451782004392966,0.8589678078691876,0.36163720880303385
2,0.8876971967197848,0.29227669690797475,0.8605007664793051,0.34882219753184823
3,0.9102826013276613,0.23530624346367254,0.85539090444558,0.3542978531948929
4,0.9211213256292372,0.20374916705123522,0.8559018906489525,0.36131866041648947
5,0.9287822040969269,0.18253010599340705,0.85539090444558,0.3744765349112234
