epoch,acc,loss,val_acc,val_loss
0,0.6933030644421139,0.7130783582924444,0.8494129606872994,0.4081348329858551
1,0.893473325482021,0.2916377035395647,0.8586013278771323,0.35728079215977615
2,0.9347332579188395,0.17926549365179492,0.8565594653136394,0.38448877511674373
3,0.9541997728364016,0.1293038918705452,0.8580908633544166,0.4022534055299696
4,0.9667423383331731,0.09034649448281114,0.8519652859175187,0.4439961253957763
