epoch,acc,loss,val_acc,val_loss
0,0.5793416574242166,0.9412627171847661,0.7973455832952623,0.6924611075974777
1,0.8244040860626403,0.5263193114729393,0.8468606433070028,0.4540219974189221
2,0.8758796818410634,0.35536903209231635,0.8591117906959889,0.38983436892566903
3,0.9031782062992741,0.2783187265766871,0.8698315488677538,0.36331458014757917
4,0.913166855642663,0.24159449048670142,0.8703420096176385,0.35633847928278417
5,0.927071509539878,0.20804121450655305,0.8713629405494854,0.35565026331884997
6,0.9326333711150014,0.1875917779702469,0.8657478307996129,0.3589833511601546
7,0.9373439273011536,0.16905226585340014,0.8611536487868515,0.3671690368755792
8,0.9426220206884196,0.15679468519300663,0.8586013280596887,0.37093337924581454
