epoch,acc,loss,val_acc,val_loss
0,0.7534619750554391,0.5803405731273699,0.8407350689127105,0.3920776935454958
1,0.9206015890762295,0.21568203949359976,0.8458397141398672,0.4104704588058349
2,0.9568671963677639,0.11884785925591032,0.8489025013370134,0.43941217921046716
3,0.973666288295209,0.07168103253910747,0.8386932108522739,0.5239632618007397
