epoch,acc,loss,val_acc,val_loss
0,0.5739416635654772,0.9358054502924135,0.8058252411346748,0.6937837831877784
1,0.8318011573597327,0.5254646666967805,0.8426162508536676,0.45973807165192654
2,0.8790716152972632,0.3580559235116489,0.8569238635734691,0.39534032395072416
3,0.9010895470013726,0.28147331385495594,0.8605007650478189,0.37056544663714824
4,0.9155600955653794,0.23806044824303868,0.851303014849057,0.3670351381318936
5,0.9270230393555308,0.2087412451273087,0.8528359710226024,0.3660113100166155
6,0.9332084894288535,0.18489015964052757,0.8523249853065444,0.36835396248708285
7,0.9391669506126142,0.1697070064910383,0.8538579439166619,0.3693424134030291
8,0.9421745544664571,0.16016584311254367,0.8482370961668787,0.3847886021641608
