epoch,acc,loss,val_acc,val_loss
0,0.7516458569671726,0.5793673988875683,0.8335885656251172,0.41416249321150866
1,0.9188422247581395,0.2104122770800087,0.8402246043899949,0.4358082767452373
2,0.9611804767039253,0.10684834061260255,0.8340990301478329,0.5145744295327745
3,0.9750851305334847,0.06981349453291984,0.8310362430115389,0.5797198224031177
