epoch,acc,loss,val_acc,val_loss
0,0.6479968221608903,0.7995541116230984,0.8272866634428349,0.4876195668230023
1,0.8215866530811512,0.4563799735575985,0.8533469597234614,0.39259531821410265
2,0.8606287594781048,0.3599889845640269,0.8559018905271238,0.37452977688628064
3,0.8796958347520145,0.3083155889923626,0.8548799180290074,0.377769852147519
4,0.8899103393214824,0.2828904582725969,0.8553909045369514,0.3700890213966857
5,0.8997843604720474,0.2541314736490636,0.8533469597234614,0.37491778617436383
6,0.9044943820360015,0.24106205264686686,0.8513030143921998,0.3819693880965652
7,0.913233458190808,0.22000912139823253,0.8569238634516405,0.38236213907576605
