epoch,acc,loss,val_acc,val_loss
0,0.7463398028104642,0.6168006822160743,0.8467041381963614,0.3790339686368641
1,0.9185109519820495,0.22617502813103277,0.8569238612891827,0.3677276915046836
2,0.9554534105501791,0.128318464048414,0.8559018888824377,0.4003501461060241
3,0.9747474750857147,0.07160591227728072,0.8543689343231213,0.4703266679418288
4,0.985188968057679,0.04353773120789452,0.8528359711748882,0.5287438107042454
