epoch,acc,loss,val_acc,val_loss
0,0.6369466515864741,0.9538808430364265,0.8060234815201752,0.7666697838648416
1,0.8425085130127551,0.5857939650333158,0.8366513528526894,0.5250162217098575
2,0.8888195233772616,0.39370255814643235,0.8524757530264492,0.4332174453703708
3,0.9160612939164533,0.2884678682627391,0.8534966820718806,0.39312332326992244
4,0.936038592603231,0.22736949240038262,0.8565594692081745,0.3750465095438721
5,0.9510215662665048,0.18370972695706517,0.8540071466250222,0.36579770493288316
6,0.9613507376761766,0.14990396621413993,0.8545176111477379,0.36684934319495666
7,0.968785470987963,0.1277058537613926,0.8540071465945962,0.36945938701955805
8,0.9703745743743949,0.11257995595726333,0.8509443594887283,0.3733034829146525
