epoch,acc,loss,val_acc,val_loss
0,0.6944728180615589,0.6906138714265504,0.8318855390904446,0.41599960905377453
1,0.8808307797071842,0.31778350340198436,0.8446601942052144,0.3888525243888537
2,0.9195891499397582,0.2131598306329983,0.8497700562389395,0.40343043195939393
3,0.9370673022155471,0.16614448435662918,0.848237097628822,0.44235773985338384
4,0.9498921802292589,0.13393710194371836,0.85334695963209,0.4682493407981671
