epoch,acc,loss,val_acc,val_loss
0,0.6800794553404904,0.843371305224844,0.8228688088529508,0.6152640591475841
1,0.8453461976110868,0.47638638740094646,0.8473711091380389,0.43595238680313775
2,0.8823496025618035,0.336261349246667,0.8586013267513682,0.3794177690289835
3,0.9041997731476177,0.26036656894018106,0.8677896907768912,0.3531884298359879
4,0.9182179344634057,0.22585745422036368,0.870342011504054,0.34838060553187067
5,0.9263904654614366,0.19777207730779853,0.8683001528350962,0.35163021857425714
6,0.9325766173312937,0.18176065013573742,0.8723838677085012,0.3531004575030301
7,0.9398410897520154,0.1632648970902169,0.8708524773350901,0.3547636031982788
