epoch,acc,loss,val_acc,val_loss
0,0.5678206584375102,0.9744803158433158,0.8004083689102535,0.7830625046510488
1,0.8707718500484809,0.5677327798389821,0.8458397135009201,0.503471275627035
2,0.9174801363712272,0.32848393237820817,0.8575803956673911,0.40338668499508945
3,0.9488649264772958,0.2178526678535914,0.868300153261061,0.36837208739587884
4,0.967990919450355,0.15401706220275563,0.8688106190920971,0.35660925600344945
5,0.9796254260044769,0.11409360290453194,0.8647268971294211,0.35568426191167846
6,0.9863791146830452,0.08692921348144464,0.8642164428602864,0.35864007781816415
7,0.9900681041561651,0.0700027214986918,0.8601327208976103,0.3660201719216147
8,0.9930192961189452,0.055635281921989126,0.8606431854203259,0.3706037011026058
