epoch,acc,loss,val_acc,val_loss
0,0.5248013623050339,0.9496840200413369,0.8167432394181058,0.5742434897612649
1,0.8536889900684898,0.39577700075578204,0.8621745789884729,0.3728024897799314
2,0.9172531217505794,0.2233291846703184,0.8626850390385583,0.37504128289502636
3,0.9431895569964787,0.15763625457257066,0.8570699324529958,0.3996740200496438
4,0.9552780927918961,0.12221170304582013,0.8519652833008778,0.42767561449573743
