epoch,acc,loss,val_acc,val_loss
0,0.6381384790011351,0.7866650889599093,0.8198060236334983,0.461223949410588
1,0.8178774120047198,0.4580795327664504,0.8427769271861296,0.39258685172547364
2,0.8547105561590899,0.3683446005646406,0.8534966821327327,0.3713779534503719
3,0.8784903518458095,0.3121477403448605,0.8499234305345751,0.37213205834807883
4,0.8955732122858591,0.2728589572511385,0.848392036936002,0.37779605412982203
5,0.9055051078184779,0.24338942434676794,0.849923430504149,0.381678599569492
