epoch,acc,loss,val_acc,val_loss
0,0.5742821476067416,0.9724026041490349,0.8073581949630195,0.7785044736440656
1,0.8688571106804417,0.5628465974679966,0.8461931526021319,0.49967123405873687
2,0.9187379412707345,0.3231663449562011,0.8615227376068497,0.4035690454847056
3,0.9490977190988801,0.2140103473932975,0.8661216100869157,0.36991387080281257
4,0.9688457610211813,0.1525268518208321,0.8625447049881648,0.3615638991521827
5,0.9798547273433894,0.11184311689938553,0.8640776702988556,0.35896494463809486
6,0.986267166211567,0.08663556705168841,0.8584568153611848,0.3649711292893776
7,0.9901827261377824,0.06882456601073625,0.8548799163843213,0.3716961407789358
8,0.9937578030442179,0.05420988313612745,0.8502810388788253,0.38022014154544825
