epoch,acc,loss,val_acc,val_loss
0,0.5787651800511305,0.9580626925617378,0.8109351106304019,0.7420847369324631
1,0.8758937694227881,0.5275201574889637,0.8354624411739374,0.4702022020221061
2,0.9239019404108686,0.3000064462122291,0.8492590658933945,0.3851613947854215
3,0.9555669050456961,0.19586011532648862,0.8584568225795296,0.3558560307073423
4,0.9723073434118055,0.1360173128057373,0.8533469560990604,0.35212535100075804
5,0.9818408807375796,0.10079956599761186,0.8523249853674587,0.3526554232083478
6,0.9888775397369883,0.07708121301174407,0.8518139974889428,0.3583741987092676
7,0.9925661104151074,0.060226442282396854,0.8492590742691111,0.3658521600566351
