epoch,acc,loss,val_acc,val_loss
0,0.6641316685719875,0.8275919184376244,0.8295048496563743,0.5408450918820757
1,0.8580022701746218,0.41588464285945786,0.8601327209888885,0.3956769835955029
2,0.9034052213258559,0.2833753551378694,0.8647269017237555,0.35973429304108806
3,0.927866061280453,0.21295113940717955,0.8667687598146182,0.3607568876240678
4,0.9419409761363884,0.17060206679291134,0.8631955081251825,0.3627731060269781
5,0.946878547119093,0.1493254470568104,0.8652373662464712,0.3678767481983286
