epoch,acc,loss,val_acc,val_loss
0,0.4632540720118397,1.0457023636287164,0.6690500516204717,0.9012746755509381
1,0.7580160038789592,0.7199727711602593,0.853421859831318,0.4967994073803505
2,0.8536972929282503,0.43042683076232063,0.8733401431248308,0.36515877153096576
3,0.896203393999344,0.3033822265993107,0.8799795733043683,0.33790954326463063
4,0.9137392886062058,0.2475217112331735,0.8794688474048268,0.33490693009057987
5,0.930707678531154,0.20047688439372557,0.877936670862983,0.3418967246826628
6,0.9438170365514377,0.16718526155553146,0.870786514783904,0.35726069122461546
7,0.9480733216015207,0.15301997977118711,0.8733401409330358,0.3652092256146627
