epoch,acc,loss,val_acc,val_loss
0,0.6971966859539661,0.6889932141605997,0.8395503321714893,0.4247797640172815
1,0.8596640563270938,0.36467014643299284,0.8477261114102209,0.3891942682592736
2,0.895868800342888,0.268142807662602,0.851814001037201,0.3941210786420348
3,0.919645897173987,0.20897315657894114,0.8518140010295867,0.39086389383248793
4,0.9338894563748961,0.17405353888367,0.8441492079789991,0.43960107987062264
