epoch,acc,loss,val_acc,val_loss
0,0.5951759364899929,0.94920172832069,0.7927514081587896,0.7400991976595825
1,0.840238365696724,0.5645897664899318,0.825421128667332,0.49214790605537256
2,0.8858683313332947,0.35755016478317686,0.8519652833008778,0.3957234626981055
3,0.9146992057460391,0.2535836720913141,0.8545176143120478,0.36050724259075184
4,0.9318955729686984,0.19489149255054358,0.8565594724029105,0.3595331878823976
5,0.9469353006051158,0.15243642600115798,0.8596222621558454,0.3741348150161044
6,0.9559023840067471,0.12480749790297735,0.8565594666219597,0.3812149586636172
7,0.9635641317091519,0.10353560021800431,0.8565594666219597,0.40485158625033635
