epoch,acc,loss,val_acc,val_loss
0,0.64884803062697,0.7757170103340681,0.8129790479818899,0.4767179408728863
1,0.835716717455068,0.4171902381281971,0.84874808334488,0.39127516685606695
2,0.8791851093463035,0.3182044982768095,0.8538579458659196,0.3695552895948725
3,0.895812053345427,0.2716876615759274,0.8564128778574109,0.3659814434905532
4,0.9065372831717805,0.23772803361942704,0.8533469591752326,0.3717511717646964
5,0.9203268645056232,0.20877746493723562,0.8564128773700965,0.3819313886888063
6,0.9239019405393998,0.19682097717766162,0.8599897788444465,0.3747051490711569
