epoch,acc,loss,val_acc,val_loss
0,0.6473893299952539,0.785786646245963,0.8187850939795459,0.472527613638006
1,0.8347900110124594,0.4202332985184655,0.8371618149108945,0.4110848001371299
2,0.8765607264742813,0.32334616281320505,0.8478815725045644,0.3843396772165089
3,0.896481271350289,0.26880042856721953,0.8555385403452995,0.37491932734961164
4,0.9087968219557901,0.2365459392817689,0.8529862170014958,0.367507092772606
5,0.9178774120047198,0.21579303361906774,0.8514548247416692,0.38625528241615625
6,0.9240635638881082,0.19819512772167716,0.8550280764006789,0.3811654394959357
7,0.9326901250204894,0.1810624990371245,0.8560490048680152,0.39465167362389364
