epoch,acc,loss,val_acc,val_loss
0,0.7321529906070161,0.6217228540455817,0.8477261114254495,0.4025690014958077
1,0.8921234820449464,0.27976839102981393,0.8487480838321945,0.39082285685690316
2,0.9303143797322876,0.17993097395235855,0.8380173735613718,0.4493378813040153
3,0.9517648394391128,0.12510647018435944,0.8344404701377642,0.5085687096866954
4,0.9634547724232421,0.09501329004543009,0.8364844149512543,0.5329288096530254
