epoch,acc,loss,val_acc,val_loss
0,0.6443649982366993,0.763697373005876,0.8436382213416121,0.4190302517533485
1,0.8548405401187971,0.3717439025758872,0.8431272357473827,0.3993293582388011
2,0.8973442288793158,0.26344665158939556,0.8507920287979703,0.3932076067905007
3,0.918681193853856,0.2162742299726312,0.8502810422900263,0.40290058472355106
4,0.9336624672350365,0.17457607034020928,0.8359734282910245,0.42658414722524496
5,0.9391669502946687,0.15602139904359427,0.835462442087652,0.4297202029244048
