epoch,acc,loss,val_acc,val_loss
0,0.6160045403086503,0.8631061348146531,0.8305257785496754,0.5534701014642146
1,0.803972758242816,0.507277149882138,0.8534966821023066,0.40801860890320335
2,0.851645857007766,0.39425829327607126,0.8631955080643304,0.36421712536237383
3,0.8691259931624951,0.339703997803871,0.8616641144961834,0.3501811252831804
4,0.8828036322225642,0.3046830530977141,0.8550280756400276,0.351291678735588
5,0.8923950056618377,0.27520802356598734,0.8626850435416147,0.3456601650968019
6,0.9020998864790909,0.25534280684695204,0.865237366124767,0.3510303349291688
7,0.9046538024701001,0.24244353801993046,0.8570699338525944,0.35735815083451145
8,0.9076617479865586,0.2341055493349385,0.8580908628675997,0.36118178318324534
