epoch,acc,loss,val_acc,val_loss
0,0.7283509250139625,0.6269520710510667,0.8405723045630058,0.39908130137239356
1,0.8928044489639299,0.2863202922823291,0.8497700562693967,0.3950050590168656
2,0.9343434343434344,0.1796265443377497,0.8513030148795142,0.40815342873654686
3,0.954999432507228,0.1255485513319954,0.8395503322019465,0.47969355562480054
4,0.9631142889366912,0.09710758323305013,0.8487480838626517,0.48017930957085636
