epoch,acc,loss,val_acc,val_loss
0,0.6618431506004308,0.8323836248330395,0.8226877879170538,0.5362032839212725
1,0.8592100782841428,0.4157875849046308,0.8559018905271238,0.40279108103161027
2,0.9039269095381223,0.280553486764316,0.8507920281888273,0.379531111197016
3,0.9299171489979782,0.21355209755814314,0.8492590695787098,0.38082584382382717
4,0.9430825104982409,0.17203877087428382,0.8497700563912253,0.38206219513256695
5,0.9500056747044815,0.14395475214732625,0.8497700557820822,0.39465239857250656
