epoch,acc,loss,val_acc,val_loss
0,0.577492764626504,0.9430832846448435,0.8258426979077605,0.6712170833830206
1,0.8259463138507529,0.5267645852275269,0.8636363622360502,0.4241249898298281
2,0.8744679640900986,0.35769679610490135,0.8728294178950043,0.3642221474915408
3,0.9025026956404739,0.282841030497075,0.8769152205859799,0.3438464056118273
4,0.9162363092066258,0.2400935474278119,0.8687436160563936,0.34397685966160496
5,0.9246921285071064,0.20906320403781234,0.8779366695235528,0.3407043560776209
6,0.9308779294114264,0.1869714927545816,0.8753830447138513,0.34340753646013805
7,0.9372907323170504,0.17394400020103287,0.8748723210061047,0.3519993124261453
8,0.9419442711011228,0.1577326651354138,0.8712972428752405,0.3621926050446737
