epoch,acc,loss,val_acc,val_loss
0,0.7524685052707293,0.5795841873125055,0.8605007664945337,0.3862676930232625
1,0.9204403586223114,0.2104841849817725,0.8456821666424166,0.41878822252466535
2,0.9572693224175673,0.11299835673804288,0.8385283597952015,0.488278708838052
3,0.9733287935535127,0.0720863518358607,0.8451711803933584,0.5529393691095578
