epoch,acc,loss,val_acc,val_loss
0,0.7037793668630702,0.702113409566495,0.8400613186794333,0.4129243604857884
1,0.8924639651526686,0.29008378671430834,0.8533469655712344,0.3657193276640951
2,0.9338894567199009,0.1828100537874279,0.8482370951617928,0.3887499147187585
3,0.9554534108478302,0.12495692603306148,0.8559018921413529,0.4083520661797765
4,0.9654409262842034,0.09260263407799296,0.8538579490030062,0.4495486138606474
