epoch,acc,loss,val_acc,val_loss
0,0.6172398138554978,0.8694534212733056,0.8094021460202255,0.5743724211905766
1,0.8056974237020109,0.5087224587437893,0.8421052633406376,0.43145047902573597
2,0.8523436613053662,0.3874895128959181,0.8533469592056898,0.38860374019044847
3,0.87010554990789,0.33678812137622594,0.8523249876212878,0.376938249498956
4,0.8862785154649394,0.29841631105005395,0.8477261117909353,0.36705484837065194
5,0.8936556577344256,0.27483338356058656,0.8533469592056898,0.37619086105603006
6,0.898876404528206,0.25857131162345676,0.8548799178158073,0.3723801053721623
7,0.9079559641695634,0.2410917795857159,0.8523249876212878,0.37538840984530636
