epoch,acc,loss,val_acc,val_loss
0,0.5063564130586068,0.9808359403750954,0.7978560492175766,0.6426768229286424
1,0.761918274620199,0.6064464625381314,0.8422664626634139,0.432922998196985
2,0.8251986378979331,0.45349410462460643,0.8453292497997079,0.38820853147840184
3,0.8534052213123248,0.38740456855256494,0.8596222564661729,0.36825603940402934
4,0.8672531214934879,0.3471369777175003,0.8499234305345751,0.3636400182676778
5,0.8820658343062904,0.31475938331255443,0.8514548240418699,0.36823580367276715
6,0.8860385924814508,0.30458266828441727,0.851454824072296,0.3684293904616067
7,0.8941543700611145,0.28449409957235167,0.8550280757313057,0.36583291950306157
