epoch,acc,loss,val_acc,val_loss
0,0.5921112372033577,0.8576068389564584,0.811638594738618,0.4640619123754847
1,0.908569807294549,0.24902868458618507,0.8448187907841085,0.4128917584983958
2,0.9735527811066652,0.08880535350789007,0.8412455333441481,0.48406655168338597
3,0.9876844498004329,0.04296025865025201,0.8437978572660468,0.5377185242768755
4,0.9927922812276747,0.025844590434388054,0.8412455346524685,0.5810327032136942
