epoch,acc,loss,val_acc,val_loss
0,0.647088866149401,0.7552317152187294,0.8349514567066226,0.41556835687763544
1,0.8559754852836755,0.37646164914804287,0.8467041390796187,0.3736950208261175
2,0.8960390421267522,0.2696420390629468,0.8518140008087723,0.36811979427956537
3,0.91998638076201,0.21350203101541085,0.8533469600280329,0.3790849620094699
4,0.9304278742413342,0.18289838902269206,0.8564128766391249,0.3924880834504787
5,0.9409828622229401,0.15391403022485942,0.8548799186381504,0.3990651415085147
