epoch,acc,loss,val_acc,val_loss
0,0.7054483537912098,0.7087926896016254,0.8361408875693224,0.42079780839912256
1,0.8968217936601325,0.28853979132367585,0.848392034258509,0.38309007025057107
2,0.9334846764904416,0.1830997906769039,0.8575803917424298,0.38261091674146996
3,0.9567536893415938,0.12001484147231777,0.8545176059144561,0.4072190700683623
4,0.9668558453999366,0.0916649985479172,0.8524757562211851,0.44135216363782237
5,0.976503972839416,0.06631244977134852,0.8453292431972537,0.4878240091694807
