epoch,acc,loss,val_acc,val_loss
0,0.752808988797869,0.5753639194974427,0.8461931527848748,0.4000972304635957
1,0.9211213256292372,0.21267203431085618,0.8293306081040391,0.44475265458705904
2,0.9611281352651443,0.1072324759832861,0.8329075115276467,0.5307310868814153
3,0.9769038701622972,0.06742647584773377,0.8369954011546268,0.5693311067521725
