epoch,acc,loss,val_acc,val_loss
0,0.5724094881736492,0.8754381324008028,0.8441492050170412,0.43399462568315245
1,0.9037566676054325,0.26247640507281567,0.8666325985441173,0.34872886215659754
2,0.971115650951815,0.0927667821790368,0.8625447122674239,0.3854115099156457
3,0.9876290997112938,0.04503704360444718,0.8589678105189597,0.43632131210382213
4,0.9931903305666331,0.025581318292322446,0.8548799158665497,0.48535596671065445
