epoch,acc,loss,val_acc,val_loss
0,0.730038022823836,0.6230274673017928,0.8534218590398366,0.3695284410991513
1,0.8909823506145402,0.2843085747440708,0.8580183860473906,0.3660564429000157
2,0.9266783951102899,0.19009650100117056,0.8544433094994893,0.39021910507844587
3,0.9507405936098973,0.12995307629775882,0.8621041879468846,0.42907951557599733
4,0.9665172237704787,0.09357208897025163,0.8529111338100103,0.4590881692513869
