epoch,acc,loss,val_acc,val_loss
0,0.6906356412896233,0.7123055898507256,0.8187850993649579,0.4459832036081414
1,0.8956867197585566,0.2876641125264963,0.836651352639707,0.42103617085736283
2,0.9317820659154661,0.18236555815351943,0.8386932125865592,0.44227824637389657
3,0.9566401815982737,0.12377273695084619,0.8463501817356147,0.4445380875807505
4,0.9686152098939314,0.09152394638700193,0.8478815715917828,0.4812073508594157
