epoch,acc,loss,val_acc,val_loss
0,0.448410896505319,1.0440533796044131,0.6891271051793393,0.9125208738752018
1,0.7574347331358815,0.7237187917738578,0.8453292510471763,0.5213266143755014
2,0.8480136211695114,0.4429962022485852,0.8540071479333426,0.38779496119727036
3,0.8899545968052478,0.3187469607246585,0.8616641146178876,0.3490086308451804
4,0.9142451758687802,0.24724570992450304,0.8591117906959889,0.3511239169293852
5,0.9296821796799356,0.20212142433670943,0.8637059714004298,0.3534814612697496
6,0.9403518730882348,0.17473476317359155,0.8560490041377898,0.3665675854062231
