epoch,acc,loss,val_acc,val_loss
0,0.6165020995940487,0.8489052417018251,0.8073582022422786,0.5377407910937123
1,0.827318125341526,0.4465712568347536,0.8354624423313092,0.40679050332499694
2,0.8701055498334772,0.3350691207454256,0.8446601990174443,0.37758971926626284
3,0.8932584271962953,0.2804040308522117,0.8533469566777463,0.3675996245750677
4,0.9106798320010875,0.23505384191970471,0.8564128705476947,0.37301590322960865
5,0.9194756555321836,0.21096281856619775,0.8630556962169672,0.3714606766957803
6,0.9261150834793374,0.19048710080818562,0.8635666790700531,0.37134367626543
