epoch,acc,loss,val_acc,val_loss
0,0.5777437294020635,0.8630157549607742,0.8226877822215666,0.4622491702445015
1,0.9111338098140354,0.24785058874978932,0.8579458386299862,0.39822117902822013
2,0.9720803542922404,0.08925805049848508,0.8482371024410519,0.4461965370099034
3,0.9884235611799126,0.042404550376608535,0.8467041438309344,0.49870158632190237
4,0.9937578030442179,0.026316991657011898,0.8456821663987594,0.5593436810515886
