epoch,acc,loss,val_acc,val_loss
0,0.743842923334083,0.614518844473174,0.8477261104508207,0.375973552891839
1,0.9176029959096769,0.22670091818517107,0.8513030128997994,0.37773286224203445
2,0.9548291911224869,0.1255735649588078,0.8574348509037562,0.42367026518971324
3,0.973612529961425,0.0741119919890829,0.8507920302599136,0.4677800206304754
