epoch,acc,loss,val_acc,val_loss
0,0.693735103827169,0.6970320548031417,0.8380173735309147,0.4021397968397253
1,0.8765179889113635,0.3262916091161937,0.8472151251916198,0.38023750534244016
2,0.91675178751801,0.22186093209259572,0.8441492079713848,0.3849429040690375
3,0.9400181590989883,0.1606154954317763,0.8548799182422074,0.4083979280401872
4,0.9478492793099534,0.13861455118926075,0.8482370975983649,0.4465821028654223
