epoch,acc,loss,val_acc,val_loss
0,0.6421112372574822,0.803325051454897,0.8351199592845424,0.4801816319159673
1,0.8234392735527809,0.4581000463645926,0.8570699338221683,0.38274409636786666
2,0.8582860385654463,0.36358041575222905,0.8519652886254377,0.3768047444701134
3,0.878433598183882,0.3130490978446099,0.8570699338830206,0.3732030707819843
4,0.8845629965677164,0.289787560829916,0.8550280757313057,0.3640342613395956
5,0.8980703745472851,0.25562545908836987,0.8575803983448841,0.37040917830177567
6,0.9068671963542327,0.2391273827713816,0.8529862177012951,0.36943594879371405
7,0.91254256523968,0.22393793116633387,0.852986217670869,0.36973956014320153
