epoch,acc,loss,val_acc,val_loss
0,0.6409194097886968,0.8048954128001253,0.8351199594366727,0.49407991637618887
1,0.8232690124858115,0.4525793376223318,0.8540071467163004,0.39638867765862823
2,0.8615209988919885,0.3648200902643864,0.854517611239016,0.37467722260812036
3,0.8791713961542803,0.31183419850708816,0.8626850436024668,0.36256145714435606
4,0.8902383654937571,0.2765034168146796,0.8631955080947564,0.36156936481998186
5,0.896083995473236,0.26199703732765495,0.8631955081251825,0.3646968349532974
6,0.9038592508242431,0.23999124718713707,0.8606431854811781,0.3616314661356793
7,0.9103859250986617,0.22641935904640345,0.8606431854811781,0.36436030063293245
