epoch,acc,loss,val_acc,val_loss
0,0.6406196797899323,0.8619051976407404,0.8221768004649381,0.5649330630616747
1,0.8660764949449736,0.401202260554953,0.8405723077153209,0.3993121818065887
2,0.911190557190325,0.25025132828491553,0.8584568237369014,0.3607753949867077
3,0.9359323573415551,0.17513038671939413,0.8615227342565631,0.3645077249226548
4,0.9522188175767711,0.13408675801502348,0.8645886498016548,0.38590518640631244
5,0.9658381566126248,0.10047105331518853,0.859989781768333,0.4171443715288009
