epoch,acc,loss,val_acc,val_loss
0,0.6890465380249716,0.6948784831974752,0.8351199591932642,0.42044573772799426
1,0.8782633370898504,0.3255965159780998,0.8427769270948514,0.3918963674077457
2,0.919807037484497,0.21928273881875426,0.8392036753749896,0.4067989565116401
3,0.9367196367628593,0.16961368333197344,0.8453292496780037,0.4263208662295232
4,0.9517593643451522,0.13343881863369167,0.8453292496780037,0.4460364181877339
