epoch,acc,loss,val_acc,val_loss
0,0.6954375212531587,0.6907514918575681,0.8456821665815023,0.39415463327782824
1,0.8564862104120299,0.3704464688411759,0.8523249872253449,0.37386105138205056
2,0.8981954375348098,0.26047521900635495,0.8467041389882474,0.37849277841364115
3,0.9197026444217455,0.21308679107101805,0.8523249872253449,0.37646636919165577
4,0.9323005334579529,0.17453084082585055,0.8528359734287174,0.3862546017506732
