epoch,acc,loss,val_acc,val_loss
0,0.6995233232811839,0.710247575019061,0.846193157048876,0.4182265579365441
1,0.8964362729422392,0.2881898260822822,0.8502810439042553,0.3914416095372299
2,0.9347406649695069,0.181906904838789,0.8620337187847923,0.38370446346825826
3,0.9536374983242565,0.128124050381688,0.8559018904662096,0.4105614163038617
4,0.966802860230407,0.09147394671841683,0.8467041371303611,0.44873815369837494
5,0.9740665080923185,0.07205600573244438,0.8482370990907653,0.4962981106312712
