epoch,acc,loss,val_acc,val_loss
0,0.7061627511268658,0.6606276921294575,0.8533469592056898,0.38231847853641093
1,0.9286687096961171,0.20120277447301918,0.8426162492394387,0.41013156778360427
2,0.9750879581799072,0.0781556483712874,0.8441492075449847,0.4792028750061197
3,0.9868913857407311,0.042150712928352825,0.8359734282910245,0.550595383605728
