epoch,acc,loss,val_acc,val_loss
0,0.6653614800020455,0.8432374636880142,0.8410832903247496,0.5314084805270269
1,0.8511519691227324,0.43103847772833465,0.85947879364616,0.38533289388667336
2,0.9029622063059336,0.2877949787389,0.8620337248762225,0.3534113127142419
3,0.9263420724365473,0.21807192889532753,0.863055696978396,0.3417018973132939
4,0.939053455920918,0.17451067742553475,0.859989780367304,0.33849486468790985
5,0.9505731472023606,0.1478470644550323,0.8630556975875391,0.34686494755330716
6,0.9568720916832579,0.12832431369195282,0.85743484904587,0.3627023915124902
7,0.9590852343661332,0.12009488847840254,0.8589678079605589,0.3709975580704352
