epoch,acc,loss,val_acc,val_loss
0,0.7518728717366628,0.579231402457234,0.8550280755487494,0.3867756373469108
1,0.9171963677503735,0.21431668801624307,0.847881572261156,0.40391893756365277
2,0.9562996594643349,0.11111333548777423,0.8407350689127105,0.4842219943976512
3,0.9741203178206583,0.07035474643622874,0.8504338948443083,0.5175284399266387
