epoch,acc,loss,val_acc,val_loss
0,0.6802860062504691,0.8237534061948607,0.836484414707597,0.5345833622105706
1,0.8809442742229956,0.3756569910571681,0.8579458358583855,0.39365497394429216
2,0.931052094047855,0.22593347686648896,0.8635666835777115,0.36050348596787296
3,0.9515378502789589,0.1598666643442895,0.8625447113841666,0.360771505197336
4,0.9683917828902878,0.11683687145756533,0.8579458358583855,0.36982039776028697
5,0.9761661558602592,0.09140761833603706,0.8467041385618472,0.38590081594218145
