epoch,acc,loss,val_acc,val_loss
0,0.5898978435492542,0.962295228777354,0.8223583473119886,0.7549489693960527
1,0.8732690122422512,0.5335554451460736,0.8489024993288937,0.4793976915923231
2,0.921963677584922,0.3019794648574511,0.8611536531073515,0.39133932845759234
3,0.953972758445783,0.19656587683518548,0.8657478306474827,0.3629803335015539
4,0.9729284902571549,0.1378080679156588,0.8677896900466658,0.3537427050048688
5,0.9820658340086055,0.10155633263264557,0.8667687539119633,0.35716011908785794
6,0.9875709424630467,0.07797004506922202,0.8621745789884729,0.3610648506450799
7,0.9910329170043027,0.061603492055253194,0.860132726678561,0.36832225184284834
