epoch,acc,loss,val_acc,val_loss
0,0.6836549375438798,0.7429267313437078,0.8376722817764165,0.4498593725602562
1,0.8496027242041337,0.3899330979984816,0.8550280755487494,0.38218970910178696
2,0.8921679909194098,0.2866037851057854,0.8626850433894845,0.3639883567760221
3,0.9124290579158251,0.22969860928418553,0.8626850433894845,0.3578630190603188
4,0.9220771850440884,0.20329816460474126,0.8662582950484942,0.3618440624647843
5,0.9316118047673099,0.1813274588609256,0.8657478305257784,0.3730824908118975
6,0.9389330306740543,0.16557892533896595,0.8606431852986217,0.3805481400559483
