epoch,acc,loss,val_acc,val_loss
0,0.5897173984220412,0.9665067943334985,0.8012263621976927,0.7691177483048437
1,0.8704460333200281,0.554269898263838,0.8456821647236161,0.49356490318788576
2,0.919475655214238,0.31973908669953177,0.8635666824203397,0.39893826997639514
3,0.9497786857743307,0.214406219292561,0.8666325979654315,0.365424971268015
4,0.9698104641045443,0.1514193175187001,0.8610117558502213,0.3565062533913672
5,0.9791737599441053,0.11349965437389288,0.8574348457260405,0.3580578608542117
6,0.9862104185173317,0.0868517268001323,0.8615227437287372,0.3591027039316886
7,0.9905232093469765,0.06790222045262059,0.8584568248333587,0.3643143889120664
