epoch,acc,loss,val_acc,val_loss
0,0.49846782433758013,1.0226646779804167,0.7143587131675677,0.8448358064838131
1,0.7760753602503161,0.6629885487125675,0.8339294839343917,0.4859460714707645
2,0.8587561005794316,0.41422107680784753,0.852324988870031,0.39031966524764966
3,0.8990466461700095,0.30488578727778126,0.8513030159759717,0.37310451751895624
4,0.9233344680415205,0.23589592071440552,0.8553909056029517,0.3779937204470364
5,0.9321302919108566,0.19897395080320546,0.8446601963067578,0.39926924712205947
6,0.9425717856066544,0.17073382879308777,0.8513030159759717,0.40665672944100095
