epoch,acc,loss,val_acc,val_loss
0,0.5671887410822175,0.9595314852226174,0.8002043981666643,0.7535650172767191
1,0.8747588245555608,0.5336574428252797,0.8369953975911402,0.48524144387817775
2,0.9241856769067234,0.30175027745412164,0.8559018860194655,0.4006958212941413
3,0.9532970151353567,0.19895221128587948,0.8553909081918095,0.37312906506905824
4,0.9729315627109665,0.13859342307870443,0.856412877248268,0.36677048894051817
5,0.9839972762809331,0.10001508199543542,0.8553909065166663,0.37026086807494635
6,0.9888207920630475,0.07645026431368748,0.8553909014912363,0.37439133220018633
7,0.9933605723099086,0.05935387750287398,0.8523249859461446,0.3830025057952259
