epoch,acc,loss,val_acc,val_loss
0,0.6989387662718822,0.6733431728796387,0.8626149132375941,0.35853154587429076
1,0.9272458997989688,0.20410417107760884,0.8687436156302112,0.3659431378797564
2,0.9752567958719485,0.08148226284970965,0.8651685390214268,0.44613247275717777
3,0.9880256512217702,0.03934101893513537,0.8651685390214268,0.5145402647501601
