epoch,acc,loss,val_acc,val_loss
0,0.6150397273522635,0.8494749578931681,0.801429296434382,0.5350768309944196
1,0.8312145288767258,0.4483965866749728,0.831036247910134,0.41337610333169095
2,0.873325766147739,0.32932116429867997,0.8417559984145327,0.39465666243225533
3,0.8960272420684,0.2717926858231916,0.8427769216790133,0.38889796165497464
4,0.9086833147537153,0.2383848897478502,0.8432873972159615,0.3963707099616862
5,0.9189557319737455,0.2105675585999256,0.8427769229873338,0.4020957685265388
6,0.9276390462538712,0.18742794982082592,0.851454822490141,0.4088895419777018
