epoch,acc,loss,val_acc,val_loss
0,0.640485783669459,0.8491547697924924,0.8365679235940569,0.536788009890984
1,0.8674876569592109,0.39932766374587253,0.8651685374384638,0.36266396874305057
2,0.9114125191465179,0.25009731626437554,0.8810010277823116,0.3281587353765782
3,0.9374609841782743,0.17643663412403232,0.8799795684337129,0.341256303824979
4,0.9515918506293851,0.1351161205078875,0.8728294135722978,0.3633450136060491
5,0.9649282107862764,0.10093489072375073,0.8738508623881043,0.39278943372454656
