epoch,acc,loss,val_acc,val_loss
0,0.6955904886350615,0.6886406305594515,0.8723186925434117,0.37274799239464995
1,0.859542591239908,0.3628501450188091,0.8692543411644535,0.3424240348972875
2,0.8954088871300839,0.2649044981820921,0.8697650663942799,0.3466956576711067
3,0.9182793258145857,0.20808210399681104,0.8636363636363636,0.37023688696012796
4,0.9324669428522785,0.1748116824572556,0.8626149131767109,0.37950139965355945
