epoch,acc,loss,val_acc,val_loss
0,0.724946090128159,0.6429410523716701,0.8349514563106796,0.42251631609931795
1,0.8569401884143921,0.37283283342515255,0.8467041389882474,0.37473748465186185
2,0.8810010214301652,0.3127268125346321,0.8538579458354625,0.3688554117721627
3,0.8972874815909685,0.27075722651758444,0.858456821665815,0.38720490188396395
4,0.9084666893655657,0.2494866755466404,0.8625447112927951,0.36017388298033937
5,0.9141414141752381,0.23203109887168244,0.8661216147164027,0.3525566490682096
6,0.9218022925820446,0.21351298030274313,0.8625447112927951,0.36937417763803587
7,0.9272500283668591,0.19995082458374436,0.86152273888605,0.3776165452549271
8,0.9304846214755631,0.19383075469712666,0.8615227389165072,0.3757986833717851
