epoch,acc,loss,val_acc,val_loss
0,0.7493189557321226,0.5805649653466146,0.8325676365796859,0.42126831614648647
1,0.9194665153505583,0.21219739555365383,0.8315467075342545,0.44192232149726823
2,0.9590238365493757,0.1099115552750673,0.8346094946705486,0.5132343114000489
3,0.9748013620750047,0.06878409268383136,0.8381827463295582,0.605068752706629
