epoch,acc,loss,val_acc,val_loss
0,0.6938485986338667,0.7136405218731273,0.8349514555492509,0.419677228862434
1,0.8914425151800814,0.2965220574142849,0.8635666801665106,0.3595755479898633
2,0.9352513900910965,0.18230536151197493,0.852835969317002,0.3931909569167457
3,0.956077630593468,0.12383860569511122,0.8528359715708312,0.4147600860972154
4,0.9693564865486588,0.08944978838529209,0.8513030129607136,0.4330592511196068
