epoch,acc,loss,val_acc,val_loss
0,0.6958914992690506,0.6893788841982703,0.8375063873579993,0.4225586669050313
1,0.878617637024309,0.3233790131313903,0.8415942769545223,0.4122487254665406
2,0.9207808421088624,0.21210863952394,0.8359734287174246,0.44150741228535884
3,0.9384292362158692,0.16480930300917587,0.8354624425140521,0.47472016700659103
4,0.9519350811485643,0.13428459586386424,0.8354624425140521,0.5006492775110609
