epoch,acc,loss,val_acc,val_loss
0,0.5807604997166169,0.9733459663039303,0.818785095652979,0.7779518565454916
1,0.8701475592530951,0.5660347686587884,0.8473711039047572,0.49186321866335825
2,0.9159477869038144,0.32813368837489715,0.8621745808444624,0.3928604171767778
3,0.9487514190587228,0.21638544016474356,0.8631955041089431,0.35742714181124036
4,0.96725312139877,0.15434420976817406,0.866258291245237,0.3463529659327711
5,0.9795686717336484,0.11298948065309058,0.8647269060746816,0.34586684855348665
6,0.9867763907765963,0.08726582578071536,0.8616641163217468,0.34825136086172814
7,0.9901248578451548,0.06927156526168278,0.8596222582308841,0.3560916835888117
8,0.9925085127827258,0.055595586459056205,0.8601327227535998,0.362679840046998
