epoch,acc,loss,val_acc,val_loss
0,0.6578140963072295,0.8569658999680634,0.8410832888323492,0.5653181255746996
1,0.8950743391448612,0.36968784133187355,0.8584568228231868,0.3974189082304312
2,0.9491544659204562,0.2003395168275409,0.8528359740987748,0.3736580807028465
3,0.9738962659228607,0.12093948108216931,0.8482370987557366,0.37865621188068244
4,0.9858131877830223,0.08090638276982315,0.8482370987557366,0.3942393425111571
5,0.9916581545795029,0.05782947166037605,0.8441492101033854,0.4143193124141021
