epoch,acc,loss,val_acc,val_loss
0,0.6494892167855608,0.7998144747856392,0.8315467076559587,0.4915318705251839
1,0.8217934165856083,0.4571729080360404,0.8427769270948514,0.39885327308198637
2,0.8598183881817015,0.36117518301989787,0.8494129658901551,0.3830420479535935
3,0.8792281498026767,0.31426565973225573,0.8489025014282916,0.37224499150281537
4,0.889273552807993,0.2816882269539438,0.8550280756704536,0.37216824017780786
5,0.9006810442814085,0.25363648165774266,0.8468606433678549,0.38270778013103285
6,0.9057888762498957,0.24000346423142613,0.851454824072296,0.38470950646629254
7,0.9130533484405882,0.21699199897071153,0.8489025014587176,0.39675308548716515
