epoch,acc,loss,val_acc,val_loss
0,0.7496311425851538,0.6070597308364741,0.8497700578531685,0.39526505737080525
1,0.9191919191242712,0.21819580907739666,0.8451711825101303,0.4088920050880771
2,0.9588582452871569,0.11856764494601585,0.8451711810481871,0.46559506082144936
3,0.9741800024390099,0.07014029659013744,0.8303525805107842,0.5529821580109331
