epoch,acc,loss,val_acc,val_loss
0,0.7505958461082288,0.5844441449692241,0.8518140010219724,0.37645697170334563
1,0.9178299852592452,0.2154375681161691,0.8461931528153319,0.39993061225025645
2,0.9572125751698088,0.11062438174491979,0.8461931528153319,0.49275430808520526
3,0.9750879582340256,0.06968642881996494,0.8426162493917244,0.5238465340879418
