epoch,acc,loss,val_acc,val_loss
0,0.7444948918703059,0.6093471757737786,0.8565594680824105,0.38503340204617637
1,0.9203745746450175,0.22131647100242935,0.8631955100724501,0.36623425706422347
2,0.9557888759522107,0.12299392976704034,0.859622256527025,0.40800595948317636
3,0.974971623236692,0.07256850465269554,0.8560490067544307,0.47248000928855416
4,0.9837684451248264,0.044869083020662746,0.8437978561707088,0.5695572131717004
