epoch,acc,loss,val_acc,val_loss
0,0.6965380249716232,0.6905644032795503,0.8366513527614112,0.40824638840311217
1,0.8617480135938231,0.35844775661572426,0.8453292496475777,0.38185943843394654
2,0.8963677638775915,0.27003716982046944,0.8473711077080143,0.3820899809392634
3,0.917423382533395,0.20763556306397332,0.854007146503318,0.37814469938986517
4,0.9340522134209329,0.17204821648987415,0.8519652884428814,0.3924319091775455
5,0.9414301929490114,0.1502948793139685,0.8550280755791754,0.3958411468511458
6,0.9518161180476731,0.12594185934468646,0.8499234303215927,0.42699591292904127
