epoch,acc,loss,val_acc,val_loss
0,0.6070942108260381,0.9651561339786456,0.7983665082027499,0.7701513122210033
1,0.8732122584720746,0.5515627025746054,0.8356304243549271,0.5028666832302224
2,0.9203745740631788,0.3196981779224621,0.8463501832569175,0.41352394766318307
3,0.9500000002570915,0.21323175521633006,0.8514548271757538,0.3803000132638377
4,0.9699772985649975,0.15081256473105015,0.8499234336076068,0.3701717216120258
5,0.9801362090294802,0.11248269456266409,0.8494129633039403,0.36985032754080704
6,0.986606129709627,0.08435186359621204,0.8468606451629923,0.3758747528985546
7,0.9906356411813743,0.06694602988719535,0.8453292458138946,0.3816430420063782
8,0.9929057886056543,0.05533788272609911,0.8448187799828585,0.3929055002102017
