epoch,acc,loss,val_acc,val_loss
0,0.6192043584494875,0.8679375442600191,0.8365679265773333,0.54347482771138
1,0.8051188922511564,0.5162934451360017,0.8621041884339501,0.39728255878917046
2,0.8465467340274685,0.39279906180841107,0.8789581205920375,0.34900420115722214
3,0.8686226661437608,0.3396386957863363,0.8774259445372592,0.34145193305760774
4,0.8823562794528358,0.302841032378743,0.8764044944429057,0.3415556418518246
5,0.8968843993030594,0.26946056023164827,0.872318692969594,0.34244249686522676
6,0.8988706657032874,0.2583951185539912,0.873850868659073,0.34322687840437377
