epoch,acc,loss,val_acc,val_loss
0,0.7266485075541488,0.640273405601537,0.8313745529479863,0.4257002974811353
1,0.8554647599726716,0.37339143862438556,0.8456821666424166,0.3794127018036255
2,0.8802065599750761,0.31168913274357396,0.8518140010828867,0.3695486499816103
3,0.8962660310974918,0.2733140208047793,0.8564128768827821,0.38206819283091176
4,0.9081262059128389,0.24876108793845148,0.8610117527435919,0.3660523454388856
5,0.9139144251300858,0.2275817495001362,0.8615227389469644,0.38915689072562654
6,0.921745545374875,0.2126885691253677,0.8579458355233568,0.37537594531711777
7,0.9281012371238251,0.1984608021246942,0.8502810424423121,0.389817450079433
