epoch,acc,loss,val_acc,val_loss
0,0.5730337080478182,0.9371808957883115,0.8165559535070409,0.6804231829221723
1,0.831176937783215,0.5207752210810322,0.8431272331585248,0.4482390444590598
2,0.8737941212760186,0.3567975472949336,0.8543689317342634,0.39481384393568236
3,0.9005788217512518,0.282369856764193,0.8497700573658541,0.38190597510484026
4,0.9162978094682941,0.2395785395903723,0.8533469577132894,0.37431326412582006
5,0.9281012374485355,0.20404964454083935,0.852835975560718,0.3787434103084451
6,0.9309953466580358,0.1876273840165222,0.8507920266964268,0.3892483808400988
7,0.9376915220423625,0.1721468699474284,0.8518139986158575,0.3931088129293571
