epoch,acc,loss,val_acc,val_loss
0,0.5774687852680886,0.958483586963541,0.8044920934895705,0.7555575317847236
1,0.8727014753117599,0.5312203206011981,0.8366513578729887,0.48772867283326987
2,0.9219069238012143,0.30035454204621026,0.8489025000895452,0.4049943487001597
3,0.9530079456382388,0.19636718764410657,0.8514548200864825,0.3775496307899296
4,0.9733825197690732,0.1376011564549604,0.8499234336076068,0.3701874401388027
5,0.9827468787230103,0.100725164721962,0.855028077526443,0.3710830877970043
6,0.9887060159316263,0.07649574085613385,0.8514548200864825,0.3806437951621503
7,0.9913734391382415,0.06077099488656989,0.8448187799828585,0.3922247142436372
