epoch,acc,loss,val_acc,val_loss
0,0.6619566454138933,0.8494185986617355,0.8129790515453765,0.6245341981986254
1,0.8484848483495525,0.47701267063475644,0.8329075134769044,0.44802660633242125
2,0.884746339755166,0.33413623771092743,0.8477261109381351,0.3874300617189753
3,0.9046078768765232,0.26478686701620957,0.8497700552643107,0.36528674212717926
4,0.9187946886673186,0.22721653569402198,0.8615227364799352,0.35767191325637476
5,0.9261718310247471,0.19861877415104712,0.8661216123102877,0.3590490529746746
6,0.9332084896385623,0.18242096823144752,0.8630556991408538,0.3596023061352234
7,0.938769720006836,0.15894153225254137,0.8661216163610889,0.36222233376944013
