epoch,acc,loss,val_acc,val_loss
0,0.6077752554863184,0.8555197501967362,0.8192955620316841,0.5301456729814433
1,0.8305902382031202,0.44836450799640004,0.8458397174258814,0.4003734090244241
2,0.8724744608128924,0.33404215567498957,0.8611536499430417,0.3627367571429856
3,0.8914301928948869,0.2779035503896763,0.8662582951701984,0.35788632021867967
4,0.9101021563560278,0.24007442157533734,0.8596222582308841,0.3763419682879786
5,0.9182746880576775,0.21193011642584872,0.8596222550665742,0.3626606998211148
6,0.9236095345115012,0.19886553689042502,0.8667687552202837,0.36280161213850476
