epoch,acc,loss,val_acc,val_loss
0,0.5861990690610152,0.8629176272509548,0.8395503353085759,0.4531863340475027
1,0.9097151285997789,0.2548893967009392,0.8467041388055044,0.4227584428670276
2,0.970831914395077,0.09170634919172274,0.8410832888932634,0.45600844599120033
3,0.9881965723377042,0.04198448524139496,0.8410832877968061,0.521653479971201
4,0.9925093635935313,0.027098106935530674,0.8410832911470927,0.5757194157455671
