epoch,acc,loss,val_acc,val_loss
0,0.72690124860822,0.6277308626965145,0.8443083205717202,0.3872125904708568
1,0.8950056753824301,0.28207188977962455,0.8499234303824448,0.3722343861965454
2,0.9291713961542802,0.1824999333172191,0.8483920367534457,0.3891989784148836
3,0.954994324631101,0.12244952794895946,0.8519652884428814,0.4398968593312989
4,0.9661748013620886,0.0938394770643565,0.8555385401018911,0.442510078381129
