epoch,acc,loss,val_acc,val_loss
0,0.5711691257225668,0.9678444013693005,0.7605921364731177,0.7747110582359473
1,0.8293984111808621,0.5987412069766664,0.8366513539480275,0.5030389235846056
2,0.881101021593464,0.3747240418270146,0.8565594640053189,0.39455507115297866
3,0.9099886492892643,0.2699355428795268,0.8677896900466658,0.35403466064933614
4,0.9295686716795238,0.20226018674730847,0.8672792268322705,0.35215450204897436
5,0.9434165717930312,0.16125642316295394,0.8621745789884729,0.3547985184064868
6,0.9557888763581448,0.12979167772205408,0.8662582933142089,0.36600245291204586
7,0.9626560727259087,0.1094215577343536,0.863195513814855,0.3930500344149369
