epoch,acc,loss,val_acc,val_loss
0,0.7210714485011938,0.6837869723652557,0.8677221701629803,0.38350787213922644
1,0.913115033256528,0.25057560288840475,0.8799795773226589,0.3283511883026489
2,0.953918619825231,0.13635289563753705,0.8784473976757724,0.35681286222844616
3,0.9759378012230201,0.07471525533329135,0.8753830469665294,0.40848680590950065
4,0.9859826342248124,0.044147188766626336,0.8738508729208965,0.4667723654970085
