epoch,acc,loss,val_acc,val_loss
0,0.6381795483324967,0.918928473866523,0.8048032702812444,0.7238405825352267
1,0.8304959709386444,0.5731469791561395,0.8313745525520434,0.5009477702890298
2,0.8722619452888883,0.3918760499190072,0.8477261115777353,0.4149476376856598
3,0.8937691520608225,0.3053253816734336,0.8553909043237513,0.38180442107960344
4,0.9126659858011655,0.2502091070800942,0.8574348496550129,0.37035594739716576
5,0.92219952345165,0.2146944185043894,0.856412877248268,0.37041812067623947
6,0.9310520938381464,0.19206570148731844,0.8523249867989448,0.3751906014761878
7,0.9380320055221486,0.1736324621260254,0.8548799186381504,0.3828606913451583
