epoch,acc,loss,val_acc,val_loss
0,0.7268754965316531,0.6211546907162723,0.8421052631883519,0.4048842780585184
1,0.8908750425874951,0.28229751168578887,0.843127235595097,0.3969364750732496
2,0.937124049517424,0.16858054643902548,0.8446601942052144,0.4513010616258632
3,0.9517648394391128,0.13101358466833785,0.8390393459681168,0.46997924306652167
4,0.9665191238022002,0.09264967530448298,0.8502810424118549,0.5028593958901336
