epoch,acc,loss,val_acc,val_loss
0,0.5791624103592576,0.9708462698061043,0.8042922872149585,0.7653006384673627
1,0.8694813299796027,0.56271650904208,0.8461931464802446,0.4813659613572278
2,0.9182839631601355,0.32599089781483864,0.854879917541693,0.3850733251003934
3,0.9476790379049179,0.21582195902842152,0.8574348546804429,0.3501367260591071
4,0.9679945524333352,0.1527538372941705,0.857434845208269,0.3394179450929561
5,0.9812166607145851,0.11273480829174058,0.8620337260640514,0.33604183051436304
6,0.9871751217495203,0.08654043184629892,0.861522739860679,0.33847696222574297
7,0.9894450117883908,0.06970001376709539,0.8645886554057707,0.3441911397476128
8,0.9927363520095573,0.05564949509454442,0.8640776675272548,0.35264626230642876
