epoch,acc,loss,val_acc,val_loss
0,0.6776390464568381,0.8464582307520032,0.821847881693935,0.6143128400313849
1,0.8443246308980545,0.4809725802006976,0.8534966802158911,0.42831746766067025
2,0.8805902382978381,0.3375476452400411,0.865747831377708,0.36518601959855534
3,0.9034619748795344,0.2688178249946653,0.8657478300693876,0.34513362426731037
4,0.9137911460997704,0.22689263131236923,0.8688106198223225,0.3376042978413072
5,0.9271850171884803,0.1967889665136543,0.8744257276857794,0.338352892823582
6,0.9313847899031017,0.18119413588157982,0.8754466586176263,0.3417659747990009
7,0.9376844497869018,0.16927400623764272,0.8739152618547433,0.34911504164224016
