epoch,acc,loss,val_acc,val_loss
0,0.6649829737309294,0.8537662070536316,0.8315467082036277,0.5676755350484356
1,0.89693530113283,0.36467435221937267,0.8647269030625021,0.390103765870309
2,0.9459704878922894,0.19969834641011158,0.8657478300693876,0.3607686948660626
3,0.9744040865768233,0.12126938418720962,0.868810617935907,0.3518647797987618
4,0.984222474366122,0.08261865957911792,0.8672792224813445,0.36040060432849336
5,0.9904653806015257,0.05973661175752471,0.8657478326860285,0.37453710044020594
6,0.9933598182528839,0.04389805743866151,0.8626850436633189,0.39242426485903353
