epoch,acc,loss,val_acc,val_loss
0,0.6830098737572828,0.723476956501111,0.8487480892231103,0.40803734739641784
1,0.8902508231056845,0.2993648713508511,0.8605007641036473,0.35492678092460456
2,0.9316195668095615,0.18551880440022236,0.856412872222838,0.3729038354110279
3,0.9539212347321688,0.12926933855146436,0.8599897840221621,0.3911912061605273
4,0.967086596618025,0.094177347046538,0.8553909065166663,0.4468160591596965
