epoch,acc,loss,val_acc,val_loss
0,0.6514016570466937,0.8723879280364712,0.8012263669185512,0.6333945201377693
1,0.819827488373579,0.5118006169491573,0.8293306081344963,0.4574023434015702
2,0.8580751333898562,0.38339320172544855,0.841083290812064,0.4088140564971148
3,0.8779934172922008,0.320802406499746,0.847215125222077,0.39474192771853145
4,0.8924072182296204,0.2871161209083878,0.8533469596930042,0.38646556751485617
5,0.9015435251728547,0.26156606889044354,0.8564128768827821,0.3862632085580148
6,0.9101691067780259,0.24236517589217538,0.8559018906794096,0.3885967954117605
7,0.9149926228916154,0.22627446766054438,0.8594787941030172,0.3902001515236447
8,0.9213483146405655,0.20988055424716764,0.8579458354928997,0.3963722128403936
