epoch,acc,loss,val_acc,val_loss
0,0.6698070373221234,0.8264544878590526,0.8437978561707088,0.5303132592749389
1,0.880476730865734,0.3760824906501272,0.8565594692690267,0.37801246297122143
2,0.9305334846900352,0.22645985122503676,0.8667687597537661,0.3417854484336117
3,0.9549943246446322,0.1558595287881022,0.8677896887687714,0.339899130610558
4,0.9677071510459995,0.11528462073792123,0.8586013273294633,0.3521575179709775
5,0.9751986379249954,0.09134609075125717,0.8555385402844474,0.37069524343126947
6,0.9791146425464773,0.07574763914377816,0.8565594693298788,0.38434771999465744
