epoch,acc,loss,val_acc,val_loss
0,0.7058790147257181,0.6706697589733344,0.8421052636452091,0.4058060724027436
1,0.9291794348988843,0.19741902458872052,0.8344404699854785,0.4418185723942643
2,0.9762796503828354,0.0772489985651298,0.832907511984504,0.5307309915962181
3,0.9893315173131683,0.03633902896791375,0.8277976499507789,0.6166855104735876
