epoch,acc,loss,val_acc,val_loss
0,0.724646728342274,0.6391190674324446,0.8559754851889684,0.39021993605791
1,0.8546053005072595,0.37218588372783057,0.8636363635754805,0.3463434732240359
2,0.8801997616480336,0.31122984039371476,0.8707865168539326,0.35030188132172585
3,0.8950683843209358,0.275990194420181,0.8672114402451481,0.3539567140517975
4,0.9066454798252086,0.24841819324475006,0.8697650663333967,0.37108763530317684
