epoch,acc,loss,val_acc,val_loss
0,0.511576438765969,0.9559089937649524,0.8027593252545543,0.5971541179645774
1,0.8516059474024514,0.405678993050187,0.8610117524999347,0.3673121997545005
2,0.915049370335553,0.22950479497150264,0.8599897739713023,0.37377627301289224
3,0.9397911700606008,0.16316116375030745,0.8553909025876938,0.3960668422856621
4,0.9534105099285248,0.12923771309204532,0.8467041432522485,0.43090572909061314
