epoch,acc,loss,val_acc,val_loss
0,0.6914869466785947,0.6884833434924365,0.8157223073300688,0.44008416582456106
1,0.8560726447489692,0.3681094811127757,0.8320571720569702,0.412609666996674
2,0.8983541430463585,0.26633107995743377,0.8335885656251172,0.41179766738335655
3,0.9203745743743948,0.20717851317294203,0.8397141398977053,0.42460533305660325
4,0.9328036322225642,0.17851965696668246,0.8468606432157246,0.4269497098211977
5,0.9456867196367764,0.14401354307179826,0.8386932108522739,0.4465057725441462
