epoch,acc,loss,val_acc,val_loss
0,0.6463511521923678,0.782373998542877,0.8303525785615266,0.45133002902636676
1,0.839348541480731,0.41681364477999894,0.8564128775223823,0.38356265699796427
2,0.8770854613077707,0.3195556720896106,0.8533469607894617,0.38388992079253337
3,0.898025195838888,0.26375711595696877,0.8538579465055197,0.37957588022438676
4,0.9078424697416945,0.23774529266487307,0.8518140016920297,0.3857010515082169
5,0.9181704685157929,0.21223472415447073,0.8564128765477534,0.3913401739598539
6,0.9287822044013428,0.18848770026816453,0.8543689327088922,0.40056513070938354
