epoch,acc,loss,val_acc,val_loss
0,0.6495289978165454,0.8012482799651363,0.8415942773504652,0.46534409138336436
1,0.8170468732401781,0.4622341938990765,0.8579458349446709,0.3754422781293223
2,0.852797639287434,0.36683775281110587,0.8661216150209742,0.3542721878069057
3,0.8799795710043365,0.30577256110513834,0.8630556972829675,0.34947204306592244
4,0.8890023833979355,0.283793965395362,0.8569238628424974,0.3497292067195057
5,0.8969469980841231,0.2622553627562163,0.8610117524694775,0.35149656540743235
6,0.9064237884800843,0.23895654106820677,0.858967807351416,0.35527165227997465
