epoch,acc,loss,val_acc,val_loss
0,0.5724662351846397,0.9693860841546964,0.8063362270030185,0.7704054813453234
1,0.8712972420364054,0.5615478503610717,0.8329075084819316,0.4952372105132577
2,0.9175462493654575,0.3229357230346707,0.8513030157323145,0.3977833202010707
3,0.9501759166574657,0.21554786721655628,0.8553909070344378,0.3654030147077602
4,0.9686755195349681,0.15183111794834955,0.8564128811163262,0.35333678226843745
5,0.9786630345654533,0.11330625503467195,0.855390904262837,0.3547327810547214
6,0.9856996934363309,0.0870620370800765,0.855390904262837,0.35742843279012565
7,0.9908069461607768,0.06720070746893131,0.8518140058646594,0.36406130191009145
