epoch,acc,loss,val_acc,val_loss
0,0.6908977414730688,0.7413112057207825,0.8421052631578947,0.4447416745404169
1,0.8509817274200457,0.3893182286744274,0.8528359734287174,0.3695682367394637
2,0.8874702077084564,0.2930817284326712,0.8492590700051099,0.3671047739764532
3,0.9081829531605974,0.2398173218011017,0.8538579458354625,0.36859930709088157
4,0.921291567392807,0.20392506640738897,0.85334695963209,0.3731531219239983
5,0.9278175008309143,0.1862314193700942,0.8513030148185999,0.37358260579601377
