epoch,acc,loss,val_acc,val_loss
0,0.646594778660613,0.8024307610769412,0.8070444105656065,0.5064309359722566
1,0.8215096481271282,0.46083755317259323,0.8300153140573857,0.420839109108605
2,0.8542565266471716,0.3675958310975931,0.8422664626025618,0.39997988689791614
3,0.8799659478136684,0.3083362568588452,0.8392036754966938,0.4066218835714826
4,0.8900681044403189,0.28181181513491876,0.8478815723524342,0.4006197587788987
5,0.8993189557321226,0.2538343798965385,0.8458397142615715,0.3947073874454099
6,0.9073779795957342,0.23193223005526453,0.8458397142615715,0.39688524847252143
7,0.9128830874277433,0.22278963485722103,0.8504338949660125,0.40122344843461355
8,0.9160045403221815,0.2101424346378794,0.8565594692081745,0.40295451234468943
