epoch,acc,loss,val_acc,val_loss
0,0.637782317571128,0.7796070878946231,0.836995401002341,0.4345416465643784
1,0.8157984337827267,0.46102442185733444,0.853857945926834,0.3787284547050936
2,0.8550107819906038,0.3671312392630624,0.8538579456222624,0.358441324975945
3,0.8797525819930082,0.308309801065777,0.8594787935547885,0.3594599721623003
4,0.8934286687163324,0.2721265610305341,0.8543689315210634,0.3587393167375848
5,0.9044943820360015,0.2492813722403525,0.8620337253939941,0.3558469672683069
6,0.9131199636614671,0.22480817732421593,0.8543689315210634,0.3617679160745033
7,0.9223130178186358,0.20380459165900536,0.8574348495636415,0.36136202818743113
8,0.9260015889229373,0.19375356663986254,0.8584568211480434,0.37332632555971357
