epoch,acc,loss,val_acc,val_loss
0,0.7028545485973818,0.6647746506045662,0.8636363633319477,0.3530847113941006
1,0.9284944101059439,0.2018095769728497,0.8651685393867259,0.3608719617037047
2,0.975143294942331,0.08039003833185482,0.8636363633319477,0.4435575773389639
3,0.9873446455933261,0.038871853825519456,0.8554647600200251,0.5079496342144655
