epoch,acc,loss,val_acc,val_loss
0,0.5913630688167459,0.958163695233375,0.8140010156068621,0.7350297685356608
1,0.8772557031795774,0.5294793457986818,0.8482371030197378,0.45804907295493125
2,0.9222562704829349,0.30045387234770066,0.8599897829257047,0.37384999399899094
3,0.9514243558105011,0.19889132333842244,0.8605007657787905,0.34522987595308663
4,0.971966859776429,0.1385881162730861,0.8594787933720456,0.3373723159076367
5,0.9824651007402797,0.10131912723043263,0.8605007674539339,0.3394698041643972
6,0.9892180229461824,0.07643211480928136,0.8635666863493122,0.34402293982588644
7,0.9916581545795029,0.06150410214829913,0.8635666880244556,0.35101570271994914
