epoch,acc,loss,val_acc,val_loss
0,0.6855845629830637,0.7397563997381256,0.8458397141398672,0.4386117096881954
1,0.8511350737662645,0.3906983013117895,0.8473711077688664,0.3666785572365025
2,0.888592508485991,0.29231424594169036,0.8524757529960231,0.35674667299067625
3,0.9104426787470581,0.23466460422679325,0.8586013272686112,0.3575641453844239
4,0.9224744608128923,0.2025924940216149,0.8580908627763215,0.3655827763799869
5,0.9274120317685347,0.1890404231939359,0.8560490046550329,0.3774571911664323
