epoch,acc,loss,val_acc,val_loss
0,0.6714901825908418,0.8519444500475922,0.8175779264011003,0.6112224276600654
1,0.8466689364009866,0.4820246147948434,0.8482370977811078,0.4331059021552607
2,0.880774032114421,0.3377004975717058,0.8523249893573455,0.38135981809502056
3,0.9027352169969541,0.26474065161186994,0.8574348484671841,0.3635571507787485
4,0.9172625125719516,0.22421491310810504,0.8599897799713611,0.36522212431146955
5,0.9292361821263484,0.1971102628652685,0.8594787947426173,0.36721341009644387
6,0.9333219838161336,0.17807012883498766,0.8538579465055197,0.372201648197676
