epoch,acc,loss,val_acc,val_loss
0,0.7143586832873532,0.6951426532901781,0.8453292547591552,0.407863017337063
1,0.9122020432004593,0.2528268429329122,0.8596222556142432,0.37454574099908744
2,0.9555051078726025,0.1346652588698163,0.8601327156643286,0.3722261630831597
3,0.9752553916410475,0.07829997219339808,0.8560490078801948,0.4490687424215265
4,0.9849035190399335,0.048991923380926436,0.8534966865749369,0.5109470485119627
5,0.9909761636265291,0.028909347535329834,0.8483920374228189,0.5851657612704695
