epoch,acc,loss,val_acc,val_loss
0,0.5630213952410892,0.9753949596584063,0.7987742562824908,0.7689145903299973
1,0.8240735486608974,0.6126393803649184,0.8569969337612421,0.48447292897016936
2,0.8786107487281005,0.3851322054399561,0.8687436156910944,0.37197832868218544
3,0.9064184781418683,0.2760956353547523,0.8697650661507471,0.34058893433143217
4,0.9258838883391249,0.21447926726401323,0.8799795723911203,0.3253026148028466
5,0.9418307699685496,0.16773259518474085,0.8855975459618027,0.33343974933926246
6,0.9540888710336147,0.13468880826079557,0.8850868256635149,0.34775723856364865
7,0.9594801658399056,0.11658005663237894,0.8794688455174479,0.3611393854920053
