epoch,acc,loss,val_acc,val_loss
0,0.5701395982430155,0.9253487150780852,0.8068472155211346,0.6318160510513937
1,0.7906026558117839,0.555377428681284,0.8410832908425212,0.4337267247188073
2,0.8384405855165953,0.4241260326946381,0.8502810422900263,0.3864113266028247
3,0.8633526274990432,0.35983306040640467,0.8564128769436964,0.37055908729059084
4,0.8785608896547841,0.3245202154479223,0.8625447107750235,0.36099195162069453
5,0.8874702076340436,0.29518039308927235,0.8625447110795951,0.3597849372262302
6,0.8929746908019125,0.28261197864461357,0.8615227392819931,0.3639700346810512
7,0.9025649756460371,0.2616914025555538,0.8610117530786205,0.36470737713724605
8,0.9077289751108815,0.24846722509476482,0.86561062808663,0.3644268016121981
