epoch,acc,loss,val_acc,val_loss
0,0.6999205538463733,0.6864187156906492,0.8277976494939217,0.4331128254921143
1,0.8594938145635239,0.3578886116908014,0.8426162493612672,0.38692263029154067
2,0.8972307343229156,0.2685273571840251,0.8446601942052144,0.37896138802741824
3,0.917886732527298,0.21256208800150633,0.8441492079713848,0.38878496076510033
4,0.9325842696967453,0.17593611559340475,0.8482370975983649,0.40143001729819505
5,0.9431960049734635,0.14784559120609383,0.845171180408587,0.4203155480694515
