epoch,acc,loss,val_acc,val_loss
0,0.582236095089106,0.8648779955475879,0.8509443581804078,0.43801241366153715
1,0.9091373442250402,0.2529680166626085,0.8560489981742828,0.36607681702386974
2,0.9716799093700024,0.0918747933630099,0.8494129664682503,0.4137392864201737
3,0.9889330303763694,0.041352633550069656,0.8489024961645838,0.47336504143254376
4,0.993076049807935,0.024546739823109853,0.8519652819925574,0.5261497069768238
