epoch,acc,loss,val_acc,val_loss
0,0.6455365753351076,0.7787740647769138,0.8493360579927073,0.42478754672015406
1,0.8352533908303267,0.4214733426206655,0.8692543434780148,0.35596672543709806
2,0.8740707108770284,0.32433817775591395,0.8712972400137304,0.3372492112592243
3,0.8949548835029437,0.2705655089268166,0.8743615913926885,0.33317376169413176
4,0.905680721663,0.24043367939499774,0.8804902948203199,0.3325906518287386
5,0.9158390559935555,0.2164694655454698,0.879468845882747,0.33793314871310703
6,0.9237273710078856,0.1988864685067605,0.8804902970121148,0.33956892427677277
7,0.9318426874349488,0.1780909130137392,0.8840653707593893,0.3496939694248254
