epoch,acc,loss,val_acc,val_loss
0,0.6620133925128262,0.8532737719526953,0.8313745538921581,0.560227780422509
1,0.8946203611424989,0.364668717426686,0.8497700557516251,0.38774450008334344
2,0.9480195213711745,0.20023840645353744,0.8584568207216433,0.3548358271148781
3,0.973612529961425,0.12219900982193341,0.8559018892174663,0.352910356873082
4,0.9853024629793783,0.08164029385192266,0.8518139995904863,0.36453636623366975
5,0.9912041768950862,0.05702826128614069,0.8523249862811733,0.37905457653923796
6,0.993076835773465,0.04404995869876862,0.8523249857938588,0.3919781595240093
