epoch,acc,loss,val_acc,val_loss
0,0.7014755959678589,0.6625354764816033,0.857580398314458,0.36901719103728464
1,0.9283768445896101,0.20346535917172773,0.8540071466554483,0.382033320076311
2,0.9754256526674234,0.07843621732597318,0.8448187852769923,0.43770321201097606
3,0.9875709420435815,0.04097444957564083,0.8448187852769923,0.5262036679227964
