epoch,acc,loss,val_acc,val_loss
0,0.5813847900113507,0.9308115802476951,0.8044920884996972,0.6858739278157066
1,0.8257661744630838,0.5257843427300859,0.8489025021280909,0.45335477000295415
2,0.8761066969082385,0.35789491619479236,0.8631955081860346,0.38662150786688526
3,0.9029511921657472,0.27983960079010173,0.8580908616505575,0.3708469638141702
4,0.9183314415707626,0.23399305176518426,0.8596222578353453,0.3527879990625893
5,0.9257661748284244,0.20649344676875095,0.867789690198796,0.35506275884955435
6,0.9334846765851595,0.18508476367670615,0.8657478294912926,0.35985299149236244
7,0.9392735524561836,0.1699398755925738,0.861153650673267,0.367433100421554
