epoch,acc,loss,val_acc,val_loss
0,0.5915900578280743,0.9535888630244427,0.8068472104347904,0.7457533048072761
1,0.8381568493454509,0.5707542582079658,0.8441492044383553,0.48642190311658
2,0.8857677902148187,0.35837019780561313,0.8543689307596346,0.3924569335742818
3,0.9122120079476289,0.25569362157069786,0.8564128816950121,0.36477236942362895
4,0.9332084896182679,0.19694832664466366,0.8610117530786205,0.3613836678943283
5,0.9442742027417578,0.1570502290094823,0.8559018954916395,0.375371753240521
6,0.9567018502985168,0.12695898532515662,0.855901887115923,0.3899534904932452
7,0.9615821134366265,0.11065981287144326,0.8543689368815219,0.41791476019195106
