epoch,acc,loss,val_acc,val_loss
0,0.5130533487382731,0.961330515450706,0.7901990750786478,0.6199587516300286
1,0.8532349603265422,0.40865387459212615,0.8437978617386772,0.39273007202659593
2,0.9177071506806589,0.2272862610630226,0.8478815734477723,0.39446799206818894
3,0.9407491489111633,0.16050034515500475,0.8397141339950503,0.42753278746660905
4,0.9509080588344007,0.13023978955832297,0.8402246069153576,0.45591896585264396
