epoch,acc,loss,val_acc,val_loss
0,0.6962319827420719,0.7408894331173004,0.8308635666836995,0.4591187064326047
1,0.8496765406810118,0.3894566177625064,0.8472151251916198,0.3884516878431405
2,0.8897400975985014,0.2933491642487846,0.8589678078691876,0.3697097368260458
3,0.907785722426288,0.24326286408866307,0.8543689320388349,0.37293622012673194
4,0.9207240949152222,0.20783515392063073,0.8528359734287174,0.38099682199358026
5,0.9325842696967453,0.17706871191687623,0.8497700562389395,0.392929433740763
