epoch,acc,loss,val_acc,val_loss
0,0.7139371237044788,0.693704060245326,0.8308635659222707,0.43738691010034136
1,0.9106798318116731,0.25282136047722575,0.8467041382268186,0.3647891024606351
2,0.95284303728182,0.13548979640510997,0.8523249887177453,0.3822393243904923
3,0.9746339799948954,0.07750641164687933,0.8543689301809487,0.42470872636711227
4,0.9858131879318479,0.04537229628662911,0.8518140008392295,0.48150047040070937
