epoch,acc,loss,val_acc,val_loss
0,0.6282633370357258,0.8580931197500933,0.8346094984738056,0.55066435592037
1,0.8694665153911517,0.4014350319355219,0.8652373648164465,0.37213428409018035
2,0.9124290579158251,0.2506381401916909,0.8519652890818286,0.35473152240543354
3,0.9366628833850856,0.1776032964264494,0.8631955085815733,0.3533815513952098
4,0.9519296253715281,0.1331337704425773,0.861664120246708,0.3712778195944168
5,0.9607264468943221,0.10970157689322949,0.8570699382339466,0.4020671462179021
6,0.9707718500755431,0.08321829664517748,0.8524757504402344,0.4269244613058413
