epoch,acc,loss,val_acc,val_loss
0,0.5563500167603471,0.9673440005854762,0.7950945361329392,0.7705250640700042
1,0.8401430032064121,0.5907575414015965,0.8237097624253422,0.505341197040901
2,0.8803768015086427,0.3738562545722519,0.8395503330547467,0.4091301509233903
3,0.9119282715600109,0.2652731418640061,0.8528359749211178,0.37295568060923673
4,0.9284417206171408,0.20288255895974078,0.8543689290844912,0.37130889340694545
5,0.9429690163409639,0.16091657389260194,0.8538579462314054,0.3865838046578284
6,0.9532402677387727,0.13402981716717105,0.8538579412059755,0.3891053731702211
7,0.9628305530564332,0.1100484760878319,0.8625447083384514,0.40116447997629245
