epoch,acc,loss,val_acc,val_loss
0,0.7530927249960726,0.5758840109822753,0.8359734287783389,0.411017735332144
1,0.9156735898241284,0.2184749206137189,0.830352580480327,0.4441486845591511
2,0.9591419816138917,0.11176775079779687,0.8359734287174246,0.528964718774258
3,0.9728748156052688,0.07282070985148259,0.828308635666837,0.6215754552655337
