epoch,acc,loss,val_acc,val_loss
0,0.6695607760588166,0.8503788878151648,0.8262646889345464,0.6033775605714375
1,0.8411644532398825,0.48323002970728723,0.8492590711624816,0.42342415027126223
2,0.8828169336087343,0.33494826853647364,0.8569238617764972,0.361174670572968
3,0.9020542507273914,0.27086339111144664,0.864588653852456,0.3416835967837759
4,0.9139711726484363,0.23147225747610678,0.8666326032040615,0.3402593245784056
5,0.9237884466188907,0.2035611280720102,0.8686765439667504,0.3371206102440658
6,0.931279083174185,0.1846477927120248,0.8620337233229078,0.3434430453840664
7,0.9393939394345282,0.16414082472954308,0.8630556957296528,0.3529621224410691
8,0.9431392581045337,0.15142017813813144,0.8625447095262804,0.3619252282499841
