epoch,acc,loss,val_acc,val_loss
0,0.6482973893979621,0.7549154704599457,0.8101071977019005,0.45343428740640146
1,0.8564131668287833,0.37404048185072475,0.8422664626025618,0.4131958290227157
2,0.8967082859303435,0.2646634075820243,0.8478815723220081,0.4043352369631718
3,0.9191259932842752,0.210633293819211,0.843287391617567,0.4142279547504651
4,0.93450624291932,0.1751762014089594,0.8386932110044042,0.4297006376669564
5,0.9419977297983159,0.15633689540604323,0.8448187852465662,0.4239889206540651
