epoch,acc,loss,val_acc,val_loss
0,0.7020202019593188,0.6695714693762985,0.8553909048415229,0.36060914660694043
1,0.9286119623401219,0.20427624369679617,0.8605007659615335,0.37555460801646
2,0.9744069911797463,0.0822233423309921,0.8502810427164263,0.45250488447637416
3,0.9864941550064217,0.04387409780261168,0.8400613178266332,0.5169980164900932
