epoch,acc,loss,val_acc,val_loss
0,0.5867665414709521,0.9360556703273534,0.8175779259137859,0.669551067377879
1,0.8323686301146743,0.5237830055347164,0.8497700563912253,0.4300425131983701
2,0.8754965382622963,0.35685865064035843,0.8569238622638116,0.3690811523260605
3,0.9033026900698413,0.28072033109357525,0.8553909036536941,0.3505166075366093
4,0.9136874361119927,0.2419319242837683,0.8553909067298663,0.3488613428451848
5,0.9271365337901645,0.2055222543782834,0.8553909041410085,0.34744642002581333
6,0.9315628194129774,0.18792051640396804,0.8569238612891827,0.3510791859154075
7,0.9390534559682717,0.17157805662747205,0.8528359731241459,0.35513272812979285
8,0.9414935876421808,0.16017442412827482,0.8467041372217325,0.37029353164871187
