epoch,acc,loss,val_acc,val_loss
0,0.6572466238499391,0.8393659529371005,0.8252427165278015,0.5327261184695794
1,0.8722619454174195,0.3886033350635828,0.8523249864639162,0.38408655825170496
2,0.9165247987569792,0.24254445198066335,0.8584568181327855,0.36108114314919904
3,0.9384859837680436,0.1726349788117444,0.8584568198079288,0.3657086305796156
4,0.9530132788965643,0.13307984473147602,0.8589678093615879,0.38051872556162053
5,0.9650436952522429,0.09882787346751963,0.8507920234070545,0.4053243156836602
