epoch,acc,loss,val_acc,val_loss
0,0.6506242908089169,0.8505818063095127,0.8249106738505283,0.5538368903902978
1,0.8706015893468522,0.3880736680428638,0.8555385375765284,0.38759546607900114
2,0.9169693530756012,0.24483472462680095,0.8499234322992864,0.3851727654643056
3,0.9365493757906079,0.17657243243749512,0.8570699311446754,0.37204709562371735
4,0.9543132803090991,0.13202619912540467,0.8534966768690249,0.39991898007877263
5,0.9649829742451126,0.10127472182340438,0.8478815773727335,0.43447473838415723
6,0.9718501704369717,0.0795721830679664,0.8448187857638092,0.4479269959629647
