epoch,acc,loss,val_acc,val_loss
0,0.6101021568160864,0.8533874969612321,0.8238897364075054,0.5075497883141437
1,0.8250851304522979,0.45689765396237236,0.8550280762181226,0.3816192978921747
2,0.8710556185881477,0.3382871856416124,0.8611536460180803,0.3652529156652259
3,0.8937570938728454,0.28009825369827324,0.8637059744126094,0.342615205271625
4,0.9103291713826096,0.24208545406073095,0.8637059757209299,0.350753426080215
5,0.9189557322443682,0.21007729201798542,0.8637059757209299,0.3541303783153137
6,0.9266742338928543,0.19368349906737906,0.8637059757209299,0.35595473125310745
