epoch,acc,loss,val_acc,val_loss
0,0.5697502834166355,0.9581426082891449,0.7942827996579648,0.7565776213752547
1,0.8761634502860123,0.5319400760223593,0.8284839150429746,0.49305543549940745
2,0.9259364355435842,0.29896793556605783,0.8422664571562977,0.4100681296442771
3,0.9540862658237627,0.19602246235096224,0.8478815779204025,0.3841234371028061
4,0.9719636774090172,0.13804726976812495,0.8483920366621674,0.38117159324193745
5,0.9821225876975953,0.10168296314361552,0.8468606444023409,0.3810629670172093
6,0.9888195234449172,0.0775486220363591,0.8463501798796252,0.3881182278401393
7,0.992281498162078,0.05971028004497053,0.8468606399297106,0.4025909840269561
8,0.9941543697634295,0.04883598129050415,0.8453292450532431,0.4032048427249291
