epoch,acc,loss,val_acc,val_loss
0,0.6094432777615914,0.8544911752730248,0.8406537231191065,0.4847445981129928
1,0.8317348617348104,0.4505331334485402,0.8738508656757966,0.35953829018161293
2,0.8709494355865358,0.3362504837021953,0.8677221652314417,0.3347929164812928
3,0.8917768572165756,0.2786218860479389,0.874872312847757,0.3365372242187212
4,0.9044889620271716,0.24361141681989107,0.8758937665951021,0.3314418982680168
5,0.9233301175309732,0.20560318100168962,0.8687436100898408,0.34513632178428344
6,0.9272459000357501,0.19156285080521543,0.8764045007138744,0.3483011479640762
7,0.9269621476305241,0.18091498427213534,0.8784474016331798,0.3534913592428669
