epoch,acc,loss,val_acc,val_loss
0,0.5762683009129893,0.9675234955050674,0.7920286144050458,0.7649713537189872
1,0.8336170695450665,0.595272343605334,0.8390393512981182,0.48927591492097844
2,0.8826466917369277,0.3717444083596207,0.8477261123087069,0.38743766948892927
3,0.9109635683278222,0.2617461576579229,0.8543689379779794,0.3559511979136713
4,0.932470775079462,0.1965374393098377,0.8620337282569663,0.347630666236702
5,0.946203609442903,0.1572611594075662,0.8630557006637113,0.3566937946548374
6,0.9534672571762833,0.13107148858850382,0.8635666885422272,0.36853996982182174
7,0.9614118716933511,0.11028295658818846,0.8615227392819931,0.3895339818559987
