epoch,acc,loss,val_acc,val_loss
0,0.7113834980221182,0.6882170445565102,0.8461931509269885,0.4045070957698929
1,0.9148223809183368,0.2472599046026831,0.8523249814994005,0.3622761135449748
2,0.9539212348607,0.1364104009478956,0.8615227381855356,0.37612195344195415
3,0.9740665080923185,0.07900430705859596,0.8523249926467178,0.43834784832546525
4,0.986380660835615,0.04509260858729484,0.854879912516263,0.48317559147953193
