epoch,acc,loss,val_acc,val_loss
0,0.6373283393319978,0.8444337456549165,0.8288196227839241,0.5320049440245513
1,0.8709567586986801,0.3895434989431039,0.854879912516263,0.3653918704209306
2,0.9131767107130464,0.2446227338883382,0.8666326035695473,0.3441554296973048
3,0.9376915222994249,0.17295226725834126,0.8574348502336988,0.3651532015297324
4,0.9557371467889715,0.12960666499422271,0.8640776675272548,0.3763053085832006
5,0.9627170583917962,0.10241071388739326,0.8594787994939329,0.4138951150202666
