epoch,acc,loss,val_acc,val_loss
0,0.49852457151769064,0.9853481495167987,0.8012263668576368,0.6794655919684155
1,0.7676200203884204,0.6047808924701938,0.8359734282910245,0.4496237246370096
2,0.8310634433350516,0.4447156600074889,0.8380173734090861,0.40147939150773204
3,0.8552945181076298,0.3851645270371164,0.8380173734090861,0.38872668442521463
4,0.8678924071573667,0.34358049530864454,0.8497700566044253,0.3810732002975871
5,0.8780501645331945,0.31907881908486563,0.8461931528762463,0.3713904507134603
6,0.8913290205086797,0.2922478893594403,0.8513030146053998,0.3771301936786517
7,0.8932584268242314,0.27774416162063637,0.859989780367304,0.37494259116353584
8,0.8958120530545407,0.26989447952142137,0.8523249873167164,0.37813522354887646
