epoch,acc,loss,val_acc,val_loss
0,0.5623652251648072,0.9336733235334406,0.7884517115601241,0.6357594719941846
1,0.7864033593491249,0.5672741866878883,0.8339294840866776,0.43859510505205523
2,0.8369651573116427,0.42631085435671184,0.8477261118823067,0.3993548199450659
3,0.8661332425039129,0.35701028919628564,0.8482370971719647,0.38159465431923395
4,0.8786176370378386,0.3257754618660733,0.8528359733068889,0.37658756145970457
5,0.8890023834047003,0.2944043255186476,0.8584568215439864,0.38110760475642597
6,0.8968335036765486,0.2731031319391794,0.8594787939507315,0.38559224172155043
7,0.903302689677483,0.26311359293830744,0.8569238632384404,0.3858171547165804
