epoch,acc,loss,val_acc,val_loss
0,0.7210872772602878,0.6464670886518249,0.8426162493612672,0.39873984671546664
1,0.8568266939188752,0.3714068148290647,0.8589678078691876,0.3590034323329973
2,0.8833276586423815,0.3085223145875118,0.8559018906489525,0.3620044888817174
3,0.895755305881195,0.27740678720192286,0.8599897802759325,0.3527812244875978
4,0.9080127113632035,0.24606870107615716,0.85743484925907,0.3749427421957894
5,0.9138576779364457,0.230981690031813,0.858456821665815,0.36679406684438337
6,0.9213483146405655,0.21260461148968376,0.8559018906489525,0.3783207547182991
