epoch,acc,loss,val_acc,val_loss
0,0.5790011353444025,0.9299868274628101,0.794282799201574,0.6898663354017346
1,0.8316118046049362,0.5184313470470242,0.828994384281729,0.4643402692004696
2,0.8775255389976718,0.3562507322711382,0.8463501774759667,0.4053097260034833
3,0.9009648126992952,0.2809842310617514,0.8483920368751499,0.3891889016016093
4,0.9148127127180846,0.23354149746976025,0.8514548258978594,0.37822299649546254
5,0.9257094208688119,0.20606183121815982,0.8494129678069967,0.38062405272854294
6,0.9351872871195418,0.17973567373906849,0.8483920381834703,0.39281615905459893
7,0.9373439273011536,0.16946604163232645,0.8453292478524403,0.3959045987642803
