epoch,acc,loss,val_acc,val_loss
0,0.6912949723764982,0.7183132701991108,0.8211548269617357,0.4553782608232513
1,0.8934854159099724,0.2904822219380076,0.8518140058646594,0.3875403093268327
2,0.9341731925325109,0.184153058041564,0.8354624406561659,0.4218943654638075
3,0.9570423335077111,0.1218876549353625,0.8518139980676287,0.4275230759251282
4,0.9690160028929878,0.08874403235895005,0.8513030152145429,0.4532468914071942
