epoch,acc,loss,val_acc,val_loss
0,0.5779707181360351,0.9352190168609333,0.8170669411723567,0.6833623413474327
1,0.8269208941810343,0.5260057771683497,0.8380173716121141,0.4501940191066198
2,0.8736806263340249,0.36081742886219215,0.8518140031539729,0.3973210537439716
3,0.9026217226705572,0.27993437580171526,0.8523249883827166,0.37656562401131216
4,0.9191919189754456,0.2339437080997707,0.8574348494418129,0.37418333040126805
5,0.9277607534952135,0.20386246487205706,0.8538579465055197,0.3755834936851985
6,0.9351946429921636,0.1838409597044188,0.8553909025267794,0.3798785283209782
7,0.9382022469542433,0.16955906393044706,0.8497700538023675,0.3906039500882203
