epoch,acc,loss,val_acc,val_loss
0,0.6505504483167869,0.9130682705439337,0.8088911595122815,0.7071408609315699
1,0.8297582566095473,0.5693792004060859,0.836484414494397,0.48254492202765126
2,0.8686301215338174,0.3938707849614372,0.8487480833753372,0.3947414170282497
3,0.8951878335186118,0.3058442407759185,0.8548799186381504,0.3612526276005612
4,0.9103393486430678,0.2534198272161946,0.8661216148077742,0.3466949976245907
5,0.9198161390187345,0.2229229918711844,0.86561062829983,0.3407719484018804
6,0.9299171491197445,0.19361257015637298,0.8666326007065751,0.34127589046010937
7,0.9343434342081384,0.17894739163556445,0.8686765455200651,0.3449503591795265
8,0.9414368403605984,0.15719915099121523,0.86561062829983,0.3505974870953684
