epoch,acc,loss,val_acc,val_loss
0,0.5609216275898974,0.9640207334690756,0.8202247241544285,0.753247263482691
1,0.871630441008642,0.5575143537874641,0.8626149073319245,0.47207305078852285
2,0.9204925943852472,0.3234190128764367,0.8728294224612437,0.3744071254143311
3,0.949038079625043,0.21448823629331593,0.8810010221810579,0.3433605345447412
4,0.9703195051325347,0.15200838393256746,0.8789581156604989,0.33446674440075114
5,0.9807048410753962,0.11173361580431797,0.8769152170547547,0.3348477295884317
6,0.9883094032887372,0.08577343571213802,0.8748723161354494,0.3397856771763304
7,0.9906361728126944,0.06753856424557474,0.8758937682389483,0.3493017919886709
