epoch,acc,loss,val_acc,val_loss
0,0.6450459653112731,0.7563748605580622,0.8277976495548359,0.4254561344853578
1,0.8560322324299621,0.3722717769908223,0.8482370970805932,0.3677267903841815
2,0.8976279650098714,0.2715806233742196,0.8431272353514397,0.38030866239225614
3,0.9159573261982168,0.21460625892558957,0.8451711798603582,0.38343060367650744
4,0.9317330609938976,0.18498223523129778,0.8487480841063089,0.3841772975669446
