epoch,acc,loss,val_acc,val_loss
0,0.6493388570354228,0.8581073614019493,0.8518896826197592,0.549440503668371
1,0.8938198740071954,0.3717807220868738,0.8774259458158062,0.36561593949125054
2,0.9490380798888852,0.20088015100544776,0.8840653722814691,0.3331156987944224
3,0.9727030251246834,0.12450470334994698,0.8820224720318788,0.33383645484104096
4,0.9851881280625139,0.08407592607901929,0.877936670862983,0.34542545180033374
5,0.9902389195353549,0.05973500812319552,0.8728294185647195,0.3619667546437393
