epoch,acc,loss,val_acc,val_loss
0,0.7426366265458326,0.6183915613058998,0.8697650665160462,0.3471909137376117
1,0.9148742980343023,0.22853048348219127,0.8804902963423997,0.3397713525180797
2,0.9540321205654234,0.12664651908105176,0.8672114410366296,0.37279103633941013
3,0.9737812836279387,0.07470631194952891,0.8738508683546571,0.42139314332704864
4,0.9843368706472628,0.044723968251852125,0.8672114410366296,0.5004042157479034
