epoch,acc,loss,val_acc,val_loss
0,0.5192940641431772,0.9585538466189671,0.8140010167033196,0.5927385541329167
1,0.8514357050435792,0.40602103161184055,0.8559018898875237,0.36932775522898703
2,0.9152196115038206,0.2269798574930909,0.8507920345543719,0.3836557417879558
3,0.94552264251039,0.15786875728418412,0.8507920234070545,0.41047486592813237
4,0.9532970151759455,0.12628280742053966,0.8446601967636151,0.43101490783520846
