epoch,acc,loss,val_acc,val_loss
0,0.6645102712586091,0.8303213278276671,0.8221768014091098,0.550167826468322
1,0.8563727159571017,0.41817073144323913,0.8451711799517296,0.40874280835757404
2,0.9017705141097703,0.2848641759670629,0.8528359735200889,0.37479545575779316
3,0.9292929293064589,0.2136858744696231,0.8574348488326698,0.3686221968354043
4,0.9408126205676071,0.1755690269452085,0.8518140005955723,0.37519846257349637
5,0.9503461581910324,0.14475302187650432,0.8528359732155174,0.3870628071976488
6,0.9558506412438996,0.1261277912046552,0.8543689318256349,0.3990994041740864
