epoch,acc,loss,val_acc,val_loss
0,0.6574914869331204,0.832920658453098,0.8106176622550423,0.5593610248619224
1,0.8568104427058364,0.4201306823230899,0.8402246045725512,0.4160767068602468
2,0.9055051078184779,0.2820411347216429,0.8473711078297185,0.3877514153642883
3,0.9262202043132803,0.21540620325473597,0.8509443594583022,0.3838199328986767
4,0.9414869466380013,0.17277498536158636,0.8509443595191543,0.3810922825379053
5,0.9518728717231317,0.14390656747828817,0.8489025014282916,0.39742055857832664
6,0.9553916004404984,0.12869322152467916,0.8432873916784192,0.4130526218047977
7,0.9634506242905789,0.10974812625011982,0.8509443595191543,0.4174230348370159
