epoch,acc,loss,val_acc,val_loss
0,0.7128263339011272,0.6903898578090646,0.8478815715917828,0.41877945034463776
1,0.912202043065148,0.24871765042271435,0.8580908628067476,0.3680917232574523
2,0.953518728663242,0.13622437364228332,0.858601322856833,0.39596044399593483
3,0.9763904655967478,0.07565199208956436,0.8626850403468788,0.4307680710534042
4,0.9862656071291609,0.04563147083483002,0.857069929288686,0.49134184046628954
