epoch,acc,loss,val_acc,val_loss
0,0.64211123723042,0.7758297368968656,0.8340990302999631,0.4422116333456171
1,0.8204313280633846,0.45398439867136564,0.8586013274815936,0.389221253292849
2,0.8611237230149354,0.3562259366171314,0.8611536500343198,0.3674508935794227
3,0.8809307604723702,0.30462126513344745,0.8550280757617318,0.3792967591406193
4,0.8910896708150727,0.27739060942282334,0.8575803983753101,0.36882908513741935
5,0.9041997729581818,0.24186732362401878,0.8529862177012951,0.3805811715375531
