epoch,acc,loss,val_acc,val_loss
0,0.585471055902769,0.9658512967804639,0.7932618622149419,0.7719701426926165
1,0.8711691260608452,0.5541266486403891,0.8254211363042722,0.5084260867955187
2,0.9202043133074255,0.32020731138046427,0.844308323644752,0.42038090620617774
3,0.950567537106396,0.2132791539258773,0.8458397114319482,0.3908369490204568
4,0.9687854714074281,0.15107986592813463,0.8407350719857423,0.3826343152004581
5,0.9809307606753372,0.11063622257225089,0.8458397140485892,0.38020035992659373
6,0.9871169127752237,0.0847771506287183,0.8417559978668637,0.38963451852233755
7,0.9905221336680834,0.06762890511960908,0.8407350688214325,0.40040956715225506
8,0.9933598181175726,0.0549441281752608,0.841755992085913,0.4057944507821596
