epoch,acc,loss,val_acc,val_loss
0,0.7088298714873928,0.6995664731711538,0.8513030135393995,0.4149895204106459
1,0.9151061170083036,0.24629105394320325,0.8140010228861213,0.4824144055664265
2,0.95499943227046,0.1329513592230125,0.8446601990174443,0.41876192487620184
3,0.97588242002059,0.07405677059038099,0.8472151205621329,0.4643216135706534
