epoch,acc,loss,val_acc,val_loss
0,0.7004540295660429,0.6633114922398471,0.8346094948531049,0.3975040500507238
1,0.9301929624207851,0.2002219977565575,0.8458397143224237,0.41159401428583875
2,0.9748013621697226,0.07921902293954615,0.8361408883908259,0.48754401587904445
3,0.9871169125316633,0.04157542886802341,0.8325676367318162,0.5681468983765097
