epoch,acc,loss,val_acc,val_loss
0,0.7427922816065464,0.6168792133028201,0.8550280764006789,0.37465351819992065
1,0.9143586832061663,0.23325067691581067,0.8662582945921032,0.3543158865449622
2,0.9549943248881926,0.12567699664905582,0.8601327203195153,0.40742750080219636
3,0.9760499431515931,0.07059381923191123,0.8402246045116991,0.5156844738127322
4,0.9850737801474962,0.04376852017120119,0.8478815723524342,0.5591938420787887
