epoch,acc,loss,val_acc,val_loss
0,0.6545795029346985,0.75951374146714,0.8364844150121686,0.43150839730373863
1,0.8542730676682715,0.3745160308088243,0.8390393460290312,0.3899351935272139
2,0.8971739870278035,0.26862183226425307,0.8426162489348671,0.3945971152644774
3,0.9186811940365056,0.211954574676421,0.8574348496550129,0.39733168986846307
4,0.9326977640231423,0.17427735848092502,0.8548799183335789,0.40480290890105475
