epoch,acc,loss,val_acc,val_loss
0,0.6203178206854051,0.8612316614788588,0.8034711589065968,0.5712679242101965
1,0.8091940976434073,0.5039781995718109,0.8284839204892387,0.44536178227040524
2,0.8509080590103054,0.3872391266801165,0.8397141399889835,0.409235582508683
3,0.8711123722771376,0.3303675233675051,0.835630423807258,0.3991746749574886
4,0.8853007945245835,0.29936642312570544,0.8494129658901551,0.39430881623652225
5,0.8914301929354803,0.2780844256231111,0.8483920368751499,0.3872758264654811
6,0.8982973893167754,0.25877898971081864,0.848392036905576,0.39419210851648867
7,0.9071509648127128,0.23973280018222995,0.8483920368751499,0.3958603594606175
8,0.9101589103021092,0.2297400736714059,0.8458397143224237,0.4026384485838911
