epoch,acc,loss,val_acc,val_loss
0,0.6672908864123044,0.8307817890443565,0.8252427189339163,0.5474118513298327
1,0.887186471503488,0.37193962422243626,0.8482370976897363,0.3982689219222851
2,0.9313925773517564,0.22741072731721065,0.8564128769436964,0.3686962501851649
3,0.956758597153917,0.15527729637647728,0.8507920287065989,0.36771495246619185
4,0.9678243104668214,0.11589041245980128,0.8507920287065989,0.37872259816041576
5,0.9737260241795852,0.09275091678874878,0.85539090423238,0.3957929276177392
6,0.97991147418526,0.07556551604813608,0.8507920284020273,0.4072374943938862
