epoch,acc,loss,val_acc,val_loss
0,0.565437003364628,0.9702954643294976,0.7942827946376655,0.7801615031414217
1,0.8712258795739303,0.5613363008426078,0.8356304288275574,0.5082461906824263
2,0.9209988649532824,0.3231431844691819,0.8519652885341595,0.4147168271939568
3,0.9495459708398912,0.2137967902909072,0.8529862233605416,0.3821122866920697
4,0.9700340525652034,0.15206811968300588,0.8524757562211851,0.3702016461710957
5,0.980817253432669,0.11102606821276678,0.8524757517485548,0.3692263755918827
6,0.9869466518435657,0.08495412217231127,0.8529862233605416,0.37212647143951055
7,0.9908059021130322,0.06830655089267672,0.8473711025964368,0.38184376291440053
8,0.9926787739850065,0.05444463366699679,0.847371109685708,0.3897821351908615
