epoch,acc,loss,val_acc,val_loss
0,0.6978209055981318,0.6774881902522768,0.860500766266105,0.3592438462761878
1,0.929236182173702,0.19686225272445346,0.8507920280974558,0.3807576675011786
2,0.9727613210759278,0.08302592627781093,0.8502810427164263,0.4359422921677542
3,0.9858699353081376,0.044398108092431054,0.8502810427164263,0.5098944738027571
