epoch,acc,loss,val_acc,val_loss
0,0.72412031748238,0.6774622875499401,0.8295048453967263,0.4266867306598782
1,0.9129965944945068,0.2440891630296404,0.8412455320358276,0.3969942557379687
2,0.9547105561320276,0.1317735338285481,0.8412455275631974,0.4685245119776879
3,0.975709420882343,0.0743485921053015,0.8361408868086709,0.4792528020416735
4,0.986606129709627,0.04406845660649756,0.838693204949619,0.5472571279334438
