epoch,acc,loss,val_acc,val_loss
0,0.6522701475460603,0.8383968961090018,0.8126595202850528,0.5601868942235427
1,0.8801929624478473,0.3808350434841823,0.8448187852465662,0.40756201605641035
2,0.9318955731040097,0.22562896412428338,0.8458397142615715,0.38038306530791316
3,0.9548240635776628,0.15701139818593673,0.8519652885341595,0.37533713836886556
4,0.9675936436680199,0.11607316395143104,0.8453292497692819,0.3908587029815146
5,0.9757661747337064,0.09210006538334553,0.8417559981102722,0.4103800680881985
6,0.980363223541879,0.073760841832529,0.8443083206934245,0.42984341951339083
