epoch,acc,loss,val_acc,val_loss
0,0.71206446516434,0.6841985326141522,0.8467041343587604,0.4135423079704105
1,0.9117580295190842,0.2503107120556182,0.8610117558502213,0.3675596855493242
2,0.9546022016849762,0.13270679718739004,0.8467041337800745,0.4213263750319951
3,0.9753716941954613,0.07712178385208,0.8497700621476268,0.4683049271224894
4,0.9839405291820003,0.048125258468378146,0.8472151294556209,0.5106170493909518
