epoch,acc,loss,val_acc,val_loss
0,0.5678697085017961,0.9696783639964986,0.7981604455561435,0.7785511375630944
1,0.8687436160360992,0.56301261116787,0.8339294786957617,0.5067567263992088
2,0.9200431276715285,0.3251355258719819,0.8513030085139696,0.40997644410671846
3,0.9485302466212953,0.21661412842244487,0.8605007702255346,0.3762155441709118
4,0.9680512995322681,0.15224790338043348,0.8569238651267838,0.36492743006944045
5,0.9801952102752268,0.11206677236062906,0.8599897806718755,0.36465831381907926
6,0.9881398253673025,0.08559126208445741,0.8584568203866146,0.3689382169005453
7,0.9904664626742259,0.06757071979649153,0.8579458325080989,0.3746994547260374
8,0.9930200882483498,0.055397052954594454,0.8533469583528895,0.3844790468273202
