epoch,acc,loss,val_acc,val_loss
0,0.5042279098667262,0.9692307031659991,0.8186925379321572,0.5988951590867281
1,0.8475682426916945,0.4185072802555601,0.8718079647564912,0.3538006011385231
2,0.9152715506554191,0.2287503240544303,0.8661899855845552,0.3656399161749889
3,0.939901253853853,0.16567085248090835,0.8631256342055971,0.3886386395048681
4,0.9547698771762128,0.127635553612807,0.8636363594354234,0.41546095793532156
