epoch,acc,loss,val_acc,val_loss
0,0.6366835026896357,0.8953106813287094,0.8268641490371283,0.6560384907566612
1,0.8150502244789304,0.55595843881668,0.8524004078495856,0.45478555724496617
2,0.8484762502470256,0.41058355137036895,0.8600612878190607,0.3811982935855776
3,0.8746949665548176,0.34136525833588455,0.8661899905769769,0.3472941354662941
4,0.887463821634032,0.2971520654412771,0.8748723201537401,0.33561067793050264
5,0.8943306280923792,0.2728517196159629,0.8815117474717675,0.3253649042746142
6,0.9033539526633444,0.25017308742002436,0.8789581219923508,0.32584355763931194
7,0.911696271683665,0.2309205002799883,0.879468846552462,0.3269057707048656
8,0.9141932920878946,0.22248288012935735,0.8774259441110769,0.32950226120856246
