epoch,acc,loss,val_acc,val_loss
0,0.6442678775473432,0.7597994370709483,0.8284839205805169,0.4218761502418547
1,0.8547673099022042,0.37267419330513574,0.8570699337308902,0.36794279664070284
2,0.898751418869287,0.2676826853148648,0.848392036905576,0.38452797285326284
3,0.9192395004592878,0.2129966850651515,0.8458397143224237,0.3981030500774909
4,0.9343927354060291,0.17370689512652246,0.8458397143224237,0.41050810904269197
