epoch,acc,loss,val_acc,val_loss
0,0.5712502127973428,0.9403812398055944,0.8329928513079791,0.6696755681510357
1,0.825776062510448,0.529602752161597,0.8615934628388247,0.4264857721219146
2,0.8744679644824793,0.3610963527531584,0.8697650687078412,0.36639135808087464
3,0.9011974351325321,0.28540125532532096,0.8753830440441361,0.3403564150900836
4,0.9157823053934431,0.2418919043115154,0.877936668001473,0.3362129578734077
5,0.9245218771025323,0.21335044426258018,0.8784473932312994,0.3344150889699135
6,0.9306509281948837,0.18905347406400752,0.8748723203363896,0.3417885471534924
7,0.9367232280917867,0.17377012034298972,0.8748723210061047,0.35053850961535166
8,0.9425117755225768,0.1587907565562816,0.8697650671857614,0.35774168293006087
