epoch,acc,loss,val_acc,val_loss
0,0.6530473269408034,0.861271818418019,0.8385283602520588,0.575642161455822
1,0.8923504707856829,0.372464995489206,0.8620337272214231,0.3937796624448754
2,0.946033367719922,0.2023651771490074,0.865610627081544,0.3616031541407687
3,0.9733287932761558,0.12484934368444454,0.8635666827553684,0.35971873596607573
4,0.9846782431255038,0.08515901962341048,0.8630556970393103,0.3695270604604839
5,0.9898989901966411,0.05957509319493197,0.8615227379418784,0.3870838759319479
6,0.9937578027465668,0.044900807602669915,0.8594787936157028,0.4024557459701612
