epoch,acc,loss,val_acc,val_loss
0,0.6858861584863911,0.7210330517021686,0.8340142990887713,0.43186371440906934
1,0.8914931050718091,0.2965682071996367,0.8743615981507228,0.33827489045228853
2,0.9345667104324359,0.1855694323466954,0.8723186906560327,0.3512431701247612
3,0.9549968785246766,0.12555130228089878,0.8636363673502383,0.3860882246092464
4,0.967708983663384,0.09070034319097592,0.8707865126529923,0.41904986117784776
