epoch,acc,loss,val_acc,val_loss
0,0.6922247445136817,0.68224459350718,0.8550280757313057,0.3643664156313512
1,0.9269012485405643,0.20122789043709044,0.851454824072296,0.3807576475489073
2,0.97400681045621,0.0799226509286651,0.8489025014282916,0.4607346149778537
3,0.9879682179476968,0.03989820779892156,0.8371618174362572,0.5308970107053724
