epoch,acc,loss,val_acc,val_loss
0,0.5813755532112529,0.9353735032991876,0.806336230901534,0.6857162103034065
1,0.829588014825683,0.5223026066264234,0.8513030128997994,0.4496215067624924
2,0.8764612414538961,0.3576949047502466,0.8574348473402695,0.3887713624466178
3,0.9026784701550836,0.2813538495663035,0.8589678064377014,0.3656253302712555
4,0.9148223809183368,0.23764842448623127,0.8564128749335245,0.35639859607284263
5,0.9240154351837423,0.20805374445249294,0.8584568197470145,0.35335030527399947
6,0.9274770177231921,0.19234441457697435,0.8538579444039763,0.360183761368982
7,0.9369538075035566,0.17268095536794015,0.8564128749335245,0.3674454881362788
8,0.941607082266229,0.15967854995277544,0.8548799182726646,0.37282603287733385
