epoch,acc,loss,val_acc,val_loss
0,0.6496594777848745,0.7592102799729511,0.8422664626025618,0.4111595808729461
1,0.8514755960355146,0.38270789028973096,0.8545176111781639,0.3719318441556022
2,0.8952326901519204,0.27216749940908996,0.8611536500343198,0.3530687329384549
3,0.9178774120588443,0.21383843450351417,0.8534966821935848,0.3845699897464774
4,0.9337116912869942,0.17207483138453541,0.8534966821327327,0.3942411364554872
5,0.9435300793469155,0.15003421355998747,0.8524757531177274,0.41964113754907273
