epoch,acc,loss,val_acc,val_loss
0,0.7519577800409029,0.5840434137930084,0.8467041389882474,0.38143067400736896
1,0.9157303370718869,0.21837238338461476,0.8507920286152274,0.4004164865839128
2,0.9610146407899217,0.1088072502747349,0.8538579458354625,0.4299994694544564
3,0.9736692770400636,0.07284346958126603,0.8548799182422074,0.4884623695212077
