epoch,acc,loss,val_acc,val_loss
0,0.6024971621396458,0.9471252652491938,0.7896886208095132,0.7319605027065403
1,0.8419409762311063,0.5587404482142744,0.8233792748361172,0.4887134912459445
2,0.8875709418676768,0.3542674276398476,0.8407350667524606,0.4033422050669584
3,0.9156640181476493,0.25093350506532475,0.8443083210281112,0.3786848399820469
4,0.9344494894332972,0.19140539931114361,0.8473711133976869,0.3867011544289426
5,0.9468217935383523,0.1537805591180295,0.8489025069658339,0.38989558450843437
6,0.9565266744503234,0.12227691371040365,0.8483920321895372,0.4045816205666344
