epoch,acc,loss,val_acc,val_loss
0,0.6887413459567745,0.8296070674392235,0.8308635670796425,0.5296000460915622
1,0.8808307795989474,0.37591763420998475,0.8553909048415229,0.38213690034150466
2,0.9320167972597493,0.2246154338145091,0.8620337254853655,0.35012274872422156
3,0.9540914766919179,0.1579596698690037,0.854368932434778,0.36458253927479367
4,0.9678810577145798,0.11647995054846981,0.8564128769436964,0.36330865849690835
5,0.9754284417205765,0.08864611875840422,0.8533469594188898,0.373261452452163
