epoch,acc,loss,val_acc,val_loss
0,0.6510044263800323,0.9001153263665804,0.7925396016135042,0.7123125109309497
1,0.834979003430387,0.5538375168960977,0.8201328565956197,0.5041692139667459
2,0.8728861649127597,0.38260350696427126,0.8380173737136576,0.42028210253878767
3,0.8976847121832171,0.29462171615272736,0.8507920287979703,0.38283692229506794
4,0.9111338100846273,0.24715063720180502,0.8559018910448954,0.36581035492124153
5,0.9240154353258031,0.21201263850967264,0.8584568214526149,0.3589274084531475
6,0.9325275225166348,0.18798373123091178,0.860500766266105,0.36085002141822403
7,0.9354783794271352,0.1761825199349624,0.8640776696897126,0.3618600084029964
8,0.9437634775998738,0.15716803021963224,0.86152273867285,0.36565652675450794
