epoch,acc,loss,val_acc,val_loss
0,0.6790193516999325,0.8518116855403499,0.8396322792957216,0.5975709706697084
1,0.8407014361014262,0.4851208990277514,0.8636363615663352,0.4125235794878834
2,0.8830940352551858,0.33747485966703,0.8758937699436776,0.35259494291993276
3,0.9006299305182703,0.27214157238419134,0.8820224727015938,0.3328468342358294
4,0.9180523237963688,0.22602222656312024,0.8789581206529207,0.3269759930738755
5,0.9243516260260696,0.20128783930187552,0.8769152204033304,0.3319017829580862
6,0.9347369613769776,0.17958747847002024,0.8794688480745418,0.3398214774672418
7,0.9388229953539804,0.1657416263616259,0.8784473932312994,0.33996520423548215
