epoch,acc,loss,val_acc,val_loss
0,0.6556186151288018,0.7678251169867196,0.8366513541610099,0.4518668051426845
1,0.836322360655777,0.4160424893546456,0.8591117925824043,0.3754361724750067
2,0.8779228149153182,0.3248961710023285,0.8621745797186984,0.36301658395725345
3,0.8966515321466357,0.2672158815736262,0.8683001534131913,0.3565213072202594
4,0.9106129396922472,0.23237498641081755,0.8667687585367239,0.3652251989577363
5,0.9186152101510229,0.2121876481611802,0.8698315488677538,0.3717493258336784
6,0.9266174802985825,0.1905224182684224,0.8708524754486746,0.3683412716271866
