epoch,acc,loss,val_acc,val_loss
0,0.507321225757902,0.9850868110083019,0.7810107199375333,0.6568449109473236
1,0.762429058010543,0.6046697091433842,0.8254211333529446,0.4550534070998567
2,0.8267309875547818,0.45802286934365477,0.835630423807258,0.41230936300517224
3,0.8565266743556054,0.3854731623755681,0.8468606433070028,0.3910643485901975
4,0.8673098751824776,0.34223274179944657,0.8448187852161402,0.387828384159535
5,0.8808172531485151,0.3194048698285381,0.8463501788147132,0.3982835152186929
6,0.8875141884357786,0.29983539604640036,0.8386932109739782,0.3996912660405245
7,0.8972758229555526,0.2736904551912518,0.8402246044812731,0.39871335123922824
