epoch,acc,loss,val_acc,val_loss
0,0.6538985362321886,0.8587180158293973,0.8155339785114379,0.5816838517747001
1,0.8976847121155691,0.3712487530016951,0.847215125222077,0.40274209949089423
2,0.9474520486162329,0.20396896443171095,0.8538579444039763,0.36802465055569983
3,0.9715696287444685,0.12536543513427403,0.8569238616242114,0.3720948891366813
4,0.9860401772002386,0.08245307033252207,0.8497700547769963,0.3863812241404411
5,0.9904664626742259,0.05877747762985904,0.8528359715099169,0.3993646110663563
