epoch,acc,loss,val_acc,val_loss
0,0.5830306468567431,0.9359364606465438,0.8131699840775432,0.6813027730944693
1,0.8277525542407518,0.5256780273392035,0.8499234292871067,0.4382477456389063
2,0.878206583549703,0.35441910611649513,0.858090863536973,0.3770309717999605
3,0.9032917140831876,0.2769929548127156,0.8642164391178815,0.35509400312361394
4,0.9162315550375472,0.2368425793429915,0.8621745772541878,0.34799401700161986
5,0.9265607262577832,0.20834858364739564,0.8591117925824043,0.34830281756069054
6,0.9362088539272919,0.18137101142346926,0.8570699326051261,0.34919678580706187
7,0.937116912409883,0.1725399236403042,0.8616641151959826,0.3547492925459904
