epoch,acc,loss,val_acc,val_loss
0,0.698899103407015,0.6841752343585848,0.8354624425140521,0.4182944269769948
1,0.8609124957777804,0.3557806597937386,0.8446601941747572,0.3959130186722726
2,0.8985926682555896,0.266527369971031,0.8334184977005621,0.41869346888076303
3,0.9208375893904448,0.20860477119444068,0.8410832907816068,0.4252352541998813
4,0.9366133242334793,0.16806636342273346,0.8426162493917244,0.4427827673721021
