epoch,acc,loss,val_acc,val_loss
0,0.6088979680967607,0.8586801554474546,0.8170669328270972,0.5190650065394768
1,0.8297015092332576,0.4498375688653408,0.8283086349054082,0.4147545026008974
2,0.8735103848681062,0.3341391883640822,0.8594787983365612,0.36386420741090986
3,0.8932584270677641,0.2828820586651006,0.8564128783447253,0.3709708831720835
4,0.9082964474464056,0.24126806471299372,0.8599897784180464,0.36197443919396244
5,0.919759391601856,0.21179519687239015,0.8589678049148439,0.36426807112333176
6,0.9274202704754336,0.1928569446179913,0.8543689318560921,0.36896841195266833
7,0.9342866868589079,0.17266043936600142,0.8605007601746748,0.3827408062114238
